#VRML V2.0 utf8
# 3D model generated by easyeda2kicad.py (https://github.com/uPesy/easyeda2kicad.py)

Shape{
    appearance Appearance {
        material  Material 	{
            diffuseColor 0.1803921568627451 0.1803921568627451 0.1803921568627451
            specularColor 0.09019607843137255 0.09019607843137255 0.09019607843137255
            ambientIntensity 0.1804
            transparency 0.0
            shininess 0.5
        }
    }
    geometry IndexedFaceSet {
        ccw TRUE
        solid FALSE
        coord DEF co Coordinate {
            point [
                3.5492 -0.5 0.0394, 3.5492 -0.5 0.689, 3.5492 -0.689 0.0394, 3.5492 -0.5512 0.689, 3.5492 -0.689 0.7087, 3.5492 -0.6871 0.7189, 3.5492 -0.5512 0.748, 3.5492 -0.6332 0.748, 3.5492 -0.6611 0.7428, 3.5492 -0.6815 0.7283, -3.5492 -0.6332 0.748, -3.5492 -0.5512 0.748, -3.5492 -0.5512 0.689, -3.5492 -0.5 0.689, -3.5492 -0.5 0.0394, -3.5492 -0.689 0.0394, -3.5492 -0.689 0.7087, -3.5492 -0.6611 0.7428, -3.5492 -0.6815 0.7283, -3.5492 -0.6871 0.7189, 3.5492 0.689 0.0394, 3.5492 0.5 0.0394, 2.7736 1.467 0.0394, 3.063 0.5 0.0394, 0.3232 1.467 0.0394, 3.063 -0.5 0.0394, 2.1246 -2.118 0.0394, 0.5864 -2.9421 0.0394, 0.2951 1.4619 0.0394, 0.0 -3.0 0.0394, 0.2754 1.4627 0.0394, -0.2144 -2.9788 0.0394, 1.6696 -2.4925 0.0394, 1.1502 -2.7707 0.0394, -0.179 1.8254 0.0394, 0.0077 1.8254 0.0394, 0.0077 1.7042 0.0394, -0.179 1.7042 0.0394, -0.179 1.6638 0.0394, -0.2144 1.467 0.0394, -0.179 1.8657 0.0394, -0.2144 2.9788 0.0394, 0.0431 1.8657 0.0394, 0.7396 1.8657 0.0394, 1.6696 2.4925 0.0394, 0.7396 1.472 0.0394, 2.1246 2.118 0.0394, 0.2441 1.4672 0.0394, 0.2454 1.467 0.0394, 0.0431 1.472 0.0394, 0.5528 1.472 0.0394, 0.3843 1.478 0.0394, 0.4226 1.4989 0.0394, 0.0077 1.6638 0.0394, 0.0077 1.5124 0.0394, -0.179 1.5124 0.0394, -0.179 1.472 0.0394, 0.445 1.5175 0.0394, 0.4575 1.5308 0.0394, 0.5528 1.5124 0.0394, 0.4954 1.5963 0.0394, 0.7043 1.5124 0.0394, 0.5074 1.6712 0.0394, 0.7043 1.8657 0.0394, 0.3851 1.8139 0.0394, 0.4461 1.7589 0.0394, 0.2978 1.8355 0.0394, 0.4715 1.6844 0.0394, 0.4721 1.6685 0.0394, 0.4517 1.5874 0.0394, 0.3974 1.5305 0.0394, 0.3201 1.5036 0.0394, 0.0 3.0 0.0394, 0.5864 2.9421 0.0394, 1.1502 2.7707 0.0394, 0.2956 1.8758 0.0394, 0.1995 1.8556 0.0394, 0.1592 1.8307 0.0394, 0.1238 1.5445 0.0394, 0.1238 1.7935 0.0394, 0.1547 1.5679 0.0394, 0.1547 1.7698 0.0394, 0.2175 1.519 0.0394, 0.2185 1.8192 0.0394, 0.2953 1.5023 0.0394, 0.2557 1.8312 0.0394, 0.2815 1.8348 0.0394, 0.4821 1.7718 0.0394, 0.4147 1.8427 0.0394, 0.313 1.8752 0.0394, 0.1362 1.8089 0.0394, 0.1993 1.4824 0.0394, -0.6232 1.472 0.0394, -0.4935 1.4996 0.0394, -0.4142 1.4742 0.0394, -0.3717 1.472 0.0394, -0.6618 1.472 0.0394, -0.9583 1.472 0.0394, -0.7216 1.5982 0.0394, -0.9001 1.5982 0.0394, -0.4541 1.8515 0.0394, -0.5251 1.8038 0.0394, -0.81 1.8657 0.0394, -0.5653 1.7259 0.0394, -0.5727 1.6639 0.0394, -0.5505 1.5649 0.0394, -2.7736 1.467 0.0394, -2.1246 2.118 0.0394, -0.9967 1.472 0.0394, -1.6696 2.4925 0.0394, -0.815 1.8657 0.0394, -0.3923 1.8633 0.0394, -0.5864 2.9421 0.0394, -1.1502 2.7707 0.0394, -0.2497 1.472 0.0394, -0.2497 1.8657 0.0394, -0.3292 1.8657 0.0394, -3.063 -0.5 0.0394, -0.5864 -2.9421 0.0394, -1.1502 -2.7707 0.0394, -2.1246 -2.118 0.0394, -1.6696 -2.4925 0.0394, -3.063 0.5 0.0394, -3.5492 0.5 0.0394, -3.5492 0.689 0.0394, -2.2505 0.2025 2.0992, -2.2505 0.2025 2.0574, -2.2505 0.0 2.0992, -2.2596 0.0 2.0574, -2.2505 -0.2025 2.0992, -2.2505 -0.2025 2.0574, -2.1854 -0.5613 2.0992, -2.1854 -0.5613 2.0574, -2.1781 -0.6011 2.0992, -2.1781 -0.6011 2.0574, -2.0358 -0.9804 2.0992, -2.0358 -0.9804 2.0574, -1.9735 -1.0846 2.0992, -1.9735 -1.0846 2.0574, -1.828 -1.3281 2.0992, -1.828 -1.3281 2.0574, -1.6414 -1.5418 2.0992, -1.6414 -1.5418 2.0574, -1.5615 -1.6332 2.0992, -1.5615 -1.6332 2.0574, -1.2448 -1.8858 2.0992, -1.2448 -1.8858 2.0574, -1.2092 -1.9049 2.0992, -1.2092 -1.9049 2.0574, -0.8881 -2.0777 2.0992, -0.8881 -2.0777 2.0574, -0.6954 -2.1403 2.0992, -0.6954 -2.1403 2.0574, -0.5028 -2.2029 2.0992, -0.5028 -2.2029 2.0574, -0.1414 -2.2519 2.0992, -0.1414 -2.2519 2.0574, -0.1014 -2.2573 2.0992, -0.1014 -2.2573 2.0574, 0.3033 -2.2391 2.0992, 0.3033 -2.2391 2.0574, 0.4217 -2.2121 2.0992, 0.4217 -2.2121 2.0574, 0.6982 -2.149 2.0992, 0.6982 -2.149 2.0574, 0.9591 -2.0375 2.0992, 0.9591 -2.0375 2.0574, 1.0707 -1.9898 2.0992, 1.0707 -1.9898 2.0574, 1.4088 -1.7666 2.0992, 1.4088 -1.7666 2.0574, 1.438 -1.7387 2.0992, 1.438 -1.7387 2.0574, 1.7016 -1.4867 2.0992, 1.7016 -1.4867 2.0574, 1.8207 -1.3228 2.0992, 1.8207 -1.3228 2.0574, 1.9397 -1.1589 2.0992, 1.9397 -1.1589 2.0574, 2.0979 -0.8304 2.0992, 2.0979 -0.8304 2.0574, 2.1155 -0.794 2.0992, 2.1155 -0.794 2.0574, 2.2233 -0.4035 2.0992, 2.2233 -0.4035 2.0574, 2.2341 -0.2825 2.0992, 2.2341 -0.2825 2.0574, 2.2596 0.0 2.0992, 2.2596 0.0 2.0574, 2.2341 0.2825 2.0992, 2.2341 0.2825 2.0574, 2.2233 0.4035 2.0992, 2.2233 0.4035 2.0574, 2.1155 0.794 2.0992, 2.1155 0.794 2.0574, 2.0979 0.8304 2.0992, 2.0979 0.8304 2.0574, 1.9397 1.1589 2.0992, 1.9397 1.1589 2.0574, 1.8207 1.3228 2.0992, 1.8207 1.3228 2.0574, 1.7016 1.4867 2.0992, 1.7016 1.4867 2.0574, 1.438 1.7387 2.0992, 1.438 1.7387 2.0574, 1.4088 1.7666 2.0992, 1.4088 1.7666 2.0574, 1.0707 1.9898 2.0992, 1.0707 1.9898 2.0574, 0.9591 2.0375 2.0992, 0.9591 2.0375 2.0574, 0.6982 2.149 2.0992, 0.6982 2.149 2.0574, 0.4217 2.2121 2.0992, 0.4217 2.2121 2.0574, 0.3033 2.2391 2.0992, 0.3033 2.2391 2.0574, -0.1014 2.2573 2.0992, -0.1014 2.2573 2.0574, -0.1414 2.2519 2.0992, -0.1414 2.2519 2.0574, -0.5028 2.2029 2.0992, -0.5028 2.2029 2.0574, -0.6954 2.1403 2.0992, -0.6954 2.1403 2.0574, -0.8881 2.0777 2.0992, -0.8881 2.0777 2.0574, -1.2092 1.9049 2.0992, -1.2092 1.9049 2.0574, -1.2448 1.8858 2.0992, -1.2448 1.8858 2.0574, -1.5615 1.6332 2.0992, -1.5615 1.6332 2.0574, -1.6414 1.5418 2.0992, -1.6414 1.5418 2.0574, -1.828 1.3281 2.0992, -1.828 1.3281 2.0574, -1.9735 1.0846 2.0992, -1.9735 1.0846 2.0574, -2.0358 0.9804 2.0992, -2.0358 0.9804 2.0574, -2.1781 0.6011 2.0992, -2.1781 0.6011 2.0574, -2.1854 0.5613 2.0992, -2.1854 0.5613 2.0574, -2.2505 0.2025 1.9811, -2.2505 0.2025 1.9393, -2.2505 0.0 1.9811, -2.2596 0.0 1.9393, -2.2505 -0.2025 1.9811, -2.2505 -0.2025 1.9393, -2.1854 -0.5613 1.9811, -2.1854 -0.5613 1.9393, -2.1781 -0.6011 1.9811, -2.1781 -0.6011 1.9393, -2.0358 -0.9804 1.9811, -2.0358 -0.9804 1.9393, -1.9735 -1.0846 1.9811, -1.9735 -1.0846 1.9393, -1.828 -1.3281 1.9811, -1.828 -1.3281 1.9393, -1.6414 -1.5418 1.9811, -1.6414 -1.5418 1.9393, -1.5615 -1.6332 1.9811, -1.5615 -1.6332 1.9393, -1.2448 -1.8858 1.9811, -1.2448 -1.8858 1.9393, -1.2092 -1.9049 1.9811, -1.2092 -1.9049 1.9393, -0.8881 -2.0777 1.9811, -0.8881 -2.0777 1.9393, -0.6954 -2.1403 1.9811, -0.6954 -2.1403 1.9393, -0.5028 -2.2029 1.9811, -0.5028 -2.2029 1.9393, -0.1414 -2.2519 1.9811, -0.1414 -2.2519 1.9393, -0.1014 -2.2573 1.9811, -0.1014 -2.2573 1.9393, 0.3033 -2.2391 1.9811, 0.3033 -2.2391 1.9393, 0.4217 -2.2121 1.9811, 0.4217 -2.2121 1.9393, 0.6982 -2.149 1.9811, 0.6982 -2.149 1.9393, 0.9591 -2.0375 1.9811, 0.9591 -2.0375 1.9393, 1.0707 -1.9898 1.9811, 1.0707 -1.9898 1.9393, 1.4088 -1.7666 1.9811, 1.4088 -1.7666 1.9393, 1.438 -1.7387 1.9811, 1.438 -1.7387 1.9393, 1.7016 -1.4867 1.9811, 1.7016 -1.4867 1.9393, 1.8207 -1.3228 1.9811, 1.8207 -1.3228 1.9393, 1.9397 -1.1589 1.9811, 1.9397 -1.1589 1.9393, 2.0979 -0.8304 1.9811, 2.0979 -0.8304 1.9393, 2.1155 -0.794 1.9811, 2.1155 -0.794 1.9393, 2.2233 -0.4035 1.9811, 2.2233 -0.4035 1.9393, 2.2341 -0.2825 1.9811, 2.2341 -0.2825 1.9393, 2.2596 0.0 1.9811, 2.2596 0.0 1.9393, 2.2341 0.2825 1.9811, 2.2341 0.2825 1.9393, 2.2233 0.4035 1.9811, 2.2233 0.4035 1.9393, 2.1155 0.794 1.9811, 2.1155 0.794 1.9393, 2.0979 0.8304 1.9811, 2.0979 0.8304 1.9393, 1.9397 1.1589 1.9811, 1.9397 1.1589 1.9393, 1.8207 1.3228 1.9811, 1.8207 1.3228 1.9393, 1.7016 1.4867 1.9811, 1.7016 1.4867 1.9393, 1.438 1.7387 1.9811, 1.438 1.7387 1.9393, 1.4088 1.7666 1.9811, 1.4088 1.7666 1.9393, 1.0707 1.9898 1.9811, 1.0707 1.9898 1.9393, 0.9591 2.0375 1.9811, 0.9591 2.0375 1.9393, 0.6982 2.149 1.9811, 0.6982 2.149 1.9393, 0.4217 2.2121 1.9811, 0.4217 2.2121 1.9393, 0.3033 2.2391 1.9811, 0.3033 2.2391 1.9393, -0.1014 2.2573 1.9811, -0.1014 2.2573 1.9393, -0.1414 2.2519 1.9811, -0.1414 2.2519 1.9393, -0.5028 2.2029 1.9811, -0.5028 2.2029 1.9393, -0.6954 2.1403 1.9811, -0.6954 2.1403 1.9393, -0.8881 2.0777 1.9811, -0.8881 2.0777 1.9393, -1.2092 1.9049 1.9811, -1.2092 1.9049 1.9393, -1.2448 1.8858 1.9811, -1.2448 1.8858 1.9393, -1.5615 1.6332 1.9811, -1.5615 1.6332 1.9393, -1.6414 1.5418 1.9811, -1.6414 1.5418 1.9393, -1.828 1.3281 1.9811, -1.828 1.3281 1.9393, -1.9735 1.0846 1.9811, -1.9735 1.0846 1.9393, -2.0358 0.9804 1.9811, -2.0358 0.9804 1.9393, -2.1781 0.6011 1.9811, -2.1781 0.6011 1.9393, -2.1854 0.5613 1.9811, -2.1854 0.5613 1.9393, -2.2505 0.2025 1.863, -2.2505 0.2025 1.8212, -2.2505 0.0 1.863, -2.2596 0.0 1.8212, -2.2505 -0.2025 1.863, -2.2505 -0.2025 1.8212, -2.1854 -0.5613 1.863, -2.1854 -0.5613 1.8212, -2.1781 -0.6011 1.863, -2.1781 -0.6011 1.8212, -2.0358 -0.9804 1.863, -2.0358 -0.9804 1.8212, -1.9735 -1.0846 1.863, -1.9735 -1.0846 1.8212, -1.828 -1.3281 1.863, -1.828 -1.3281 1.8212, -1.6414 -1.5418 1.863, -1.6414 -1.5418 1.8212, -1.5615 -1.6332 1.863, -1.5615 -1.6332 1.8212, -1.2448 -1.8858 1.863, -1.2448 -1.8858 1.8212, -1.2092 -1.9049 1.863, -1.2092 -1.9049 1.8212, -0.8881 -2.0777 1.863, -0.8881 -2.0777 1.8212, -0.6954 -2.1403 1.863, -0.6954 -2.1403 1.8212, -0.5028 -2.2029 1.863, -0.5028 -2.2029 1.8212, -0.1414 -2.2519 1.863, -0.1414 -2.2519 1.8212, -0.1014 -2.2573 1.863, -0.1014 -2.2573 1.8212, 0.3033 -2.2391 1.863, 0.3033 -2.2391 1.8212, 0.4217 -2.2121 1.863, 0.4217 -2.2121 1.8212, 0.6982 -2.149 1.863, 0.6982 -2.149 1.8212, 0.9591 -2.0375 1.863, 0.9591 -2.0375 1.8212, 1.0707 -1.9898 1.863, 1.0707 -1.9898 1.8212, 1.4088 -1.7666 1.863, 1.4088 -1.7666 1.8212, 1.438 -1.7387 1.863, 1.438 -1.7387 1.8212, 1.7016 -1.4867 1.863, 1.7016 -1.4867 1.8212, 1.8207 -1.3228 1.863, 1.8207 -1.3228 1.8212, 1.9397 -1.1589 1.863, 1.9397 -1.1589 1.8212, 2.0979 -0.8304 1.863, 2.0979 -0.8304 1.8212, 2.1155 -0.794 1.863, 2.1155 -0.794 1.8212, 2.2233 -0.4035 1.863, 2.2233 -0.4035 1.8212, 2.2341 -0.2825 1.863, 2.2341 -0.2825 1.8212, 2.2596 0.0 1.863, 2.2596 0.0 1.8212, 2.2341 0.2825 1.863, 2.2341 0.2825 1.8212, 2.2233 0.4035 1.863, 2.2233 0.4035 1.8212, 2.1155 0.794 1.863, 2.1155 0.794 1.8212, 2.0979 0.8304 1.863, 2.0979 0.8304 1.8212, 1.9397 1.1589 1.863, 1.9397 1.1589 1.8212, 1.8207 1.3228 1.863, 1.8207 1.3228 1.8212, 1.7016 1.4867 1.863, 1.7016 1.4867 1.8212, 1.438 1.7387 1.863, 1.438 1.7387 1.8212, 1.4088 1.7666 1.863, 1.4088 1.7666 1.8212, 1.0707 1.9898 1.863, 1.0707 1.9898 1.8212, 0.9591 2.0375 1.863, 0.9591 2.0375 1.8212, 0.6982 2.149 1.863, 0.6982 2.149 1.8212, 0.4217 2.2121 1.863, 0.4217 2.2121 1.8212, 0.3033 2.2391 1.863, 0.3033 2.2391 1.8212, -0.1014 2.2573 1.863, -0.1014 2.2573 1.8212, -0.1414 2.2519 1.863, -0.1414 2.2519 1.8212, -0.5028 2.2029 1.863, -0.5028 2.2029 1.8212, -0.6954 2.1403 1.863, -0.6954 2.1403 1.8212, -0.8881 2.0777 1.863, -0.8881 2.0777 1.8212, -1.2092 1.9049 1.863, -1.2092 1.9049 1.8212, -1.2448 1.8858 1.863, -1.2448 1.8858 1.8212, -1.5615 1.6332 1.863, -1.5615 1.6332 1.8212, -1.6414 1.5418 1.863, -1.6414 1.5418 1.8212, -1.828 1.3281 1.863, -1.828 1.3281 1.8212, -1.9735 1.0846 1.863, -1.9735 1.0846 1.8212, -2.0358 0.9804 1.863, -2.0358 0.9804 1.8212, -2.1781 0.6011 1.863, -2.1781 0.6011 1.8212, -2.1854 0.5613 1.863, -2.1854 0.5613 1.8212, -2.2505 0.2025 1.7448, -2.2505 0.2025 1.7031, -2.2505 0.0 1.7448, -2.2596 0.0 1.7031, -2.2505 -0.2025 1.7448, -2.2505 -0.2025 1.7031, -2.1854 -0.5613 1.7448, -2.1854 -0.5613 1.7031, -2.1781 -0.6011 1.7448, -2.1781 -0.6011 1.7031, -2.0358 -0.9804 1.7448, -2.0358 -0.9804 1.7031, -1.9735 -1.0846 1.7448, -1.9735 -1.0846 1.7031, -1.828 -1.3281 1.7448, -1.828 -1.3281 1.7031, -1.6414 -1.5418 1.7448, -1.6414 -1.5418 1.7031, -1.5615 -1.6332 1.7448, -1.5615 -1.6332 1.7031, -1.2448 -1.8858 1.7448, -1.2448 -1.8858 1.7031, -1.2092 -1.9049 1.7448, -1.2092 -1.9049 1.7031, -0.8881 -2.0777 1.7448, -0.8881 -2.0777 1.7031, -0.6954 -2.1403 1.7448, -0.6954 -2.1403 1.7031, -0.5028 -2.2029 1.7448, -0.5028 -2.2029 1.7031, -0.1414 -2.2519 1.7448, -0.1414 -2.2519 1.7031, -0.1014 -2.2573 1.7448, -0.1014 -2.2573 1.7031, 0.3033 -2.2391 1.7448, 0.3033 -2.2391 1.7031, 0.4217 -2.2121 1.7448, 0.4217 -2.2121 1.7031, 0.6982 -2.149 1.7448, 0.6982 -2.149 1.7031, 0.9591 -2.0375 1.7448, 0.9591 -2.0375 1.7031, 1.0707 -1.9898 1.7448, 1.0707 -1.9898 1.7031, 1.4088 -1.7666 1.7448, 1.4088 -1.7666 1.7031, 1.438 -1.7387 1.7448, 1.438 -1.7387 1.7031, 1.7016 -1.4867 1.7448, 1.7016 -1.4867 1.7031, 1.8207 -1.3228 1.7448, 1.8207 -1.3228 1.7031, 1.9397 -1.1589 1.7448, 1.9397 -1.1589 1.7031, 2.0979 -0.8304 1.7448, 2.0979 -0.8304 1.7031, 2.1155 -0.794 1.7448, 2.1155 -0.794 1.7031, 2.2233 -0.4035 1.7448, 2.2233 -0.4035 1.7031, 2.2341 -0.2825 1.7448, 2.2341 -0.2825 1.7031, 2.2596 0.0 1.7448, 2.2596 0.0 1.7031, 2.2341 0.2825 1.7448, 2.2341 0.2825 1.7031, 2.2233 0.4035 1.7448, 2.2233 0.4035 1.7031, 2.1155 0.794 1.7448, 2.1155 0.794 1.7031, 2.0979 0.8304 1.7448, 2.0979 0.8304 1.7031, 1.9397 1.1589 1.7448, 1.9397 1.1589 1.7031, 1.8207 1.3228 1.7448, 1.8207 1.3228 1.7031, 1.7016 1.4867 1.7448, 1.7016 1.4867 1.7031, 1.438 1.7387 1.7448, 1.438 1.7387 1.7031, 1.4088 1.7666 1.7448, 1.4088 1.7666 1.7031, 1.0707 1.9898 1.7448, 1.0707 1.9898 1.7031, 0.9591 2.0375 1.7448, 0.9591 2.0375 1.7031, 0.6982 2.149 1.7448, 0.6982 2.149 1.7031, 0.4217 2.2121 1.7448, 0.4217 2.2121 1.7031, 0.3033 2.2391 1.7448, 0.3033 2.2391 1.7031, -0.1014 2.2573 1.7448, -0.1014 2.2573 1.7031, -0.1414 2.2519 1.7448, -0.1414 2.2519 1.7031, -0.5028 2.2029 1.7448, -0.5028 2.2029 1.7031, -0.6954 2.1403 1.7448, -0.6954 2.1403 1.7031, -0.8881 2.0777 1.7448, -0.8881 2.0777 1.7031, -1.2092 1.9049 1.7448, -1.2092 1.9049 1.7031, -1.2448 1.8858 1.7448, -1.2448 1.8858 1.7031, -1.5615 1.6332 1.7448, -1.5615 1.6332 1.7031, -1.6414 1.5418 1.7448, -1.6414 1.5418 1.7031, -1.828 1.3281 1.7448, -1.828 1.3281 1.7031, -1.9735 1.0846 1.7448, -1.9735 1.0846 1.7031, -2.0358 0.9804 1.7448, -2.0358 0.9804 1.7031, -2.1781 0.6011 1.7448, -2.1781 0.6011 1.7031, -2.1854 0.5613 1.7448, -2.1854 0.5613 1.7031, -2.2505 0.2025 1.6267, -2.2505 0.2025 1.585, -2.2505 0.0 1.6267, -2.2596 0.0 1.585, -2.2505 -0.2025 1.6267, -2.2505 -0.2025 1.585, -2.1854 -0.5613 1.6267, -2.1854 -0.5613 1.585, -2.1781 -0.6011 1.6267, -2.1781 -0.6011 1.585, -2.0358 -0.9804 1.6267, -2.0358 -0.9804 1.585, -1.9735 -1.0846 1.6267, -1.9735 -1.0846 1.585, -1.828 -1.3281 1.6267, -1.828 -1.3281 1.585, -1.6414 -1.5418 1.6267, -1.6414 -1.5418 1.585, -1.5615 -1.6332 1.6267, -1.5615 -1.6332 1.585, -1.2448 -1.8858 1.6267, -1.2448 -1.8858 1.585, -1.2092 -1.9049 1.6267, -1.2092 -1.9049 1.585, -0.8881 -2.0777 1.6267, -0.8881 -2.0777 1.585, -0.6954 -2.1403 1.6267, -0.6954 -2.1403 1.585, -0.5028 -2.2029 1.6267, -0.5028 -2.2029 1.585, -0.1414 -2.2519 1.6267, -0.1414 -2.2519 1.585, -0.1014 -2.2573 1.6267, -0.1014 -2.2573 1.585, 0.3033 -2.2391 1.6267, 0.3033 -2.2391 1.585, 0.4217 -2.2121 1.6267, 0.4217 -2.2121 1.585, 0.6982 -2.149 1.6267, 0.6982 -2.149 1.585, 0.9591 -2.0375 1.6267, 0.9591 -2.0375 1.585, 1.0707 -1.9898 1.6267, 1.0707 -1.9898 1.585, 1.4088 -1.7666 1.6267, 1.4088 -1.7666 1.585, 1.438 -1.7387 1.6267, 1.438 -1.7387 1.585, 1.7016 -1.4867 1.6267, 1.7016 -1.4867 1.585, 1.8207 -1.3228 1.6267, 1.8207 -1.3228 1.585, 1.9397 -1.1589 1.6267, 1.9397 -1.1589 1.585, 2.0979 -0.8304 1.6267, 2.0979 -0.8304 1.585, 2.1155 -0.794 1.6267, 2.1155 -0.794 1.585, 2.2233 -0.4035 1.6267, 2.2233 -0.4035 1.585, 2.2341 -0.2825 1.6267, 2.2341 -0.2825 1.585, 2.2596 0.0 1.6267, 2.2596 0.0 1.585, 2.2341 0.2825 1.6267, 2.2341 0.2825 1.585, 2.2233 0.4035 1.6267, 2.2233 0.4035 1.585, 2.1155 0.794 1.6267, 2.1155 0.794 1.585, 2.0979 0.8304 1.6267, 2.0979 0.8304 1.585, 1.9397 1.1589 1.6267, 1.9397 1.1589 1.585, 1.8207 1.3228 1.6267, 1.8207 1.3228 1.585, 1.7016 1.4867 1.6267, 1.7016 1.4867 1.585, 1.438 1.7387 1.6267, 1.438 1.7387 1.585, 1.4088 1.7666 1.6267, 1.4088 1.7666 1.585, 1.0707 1.9898 1.6267, 1.0707 1.9898 1.585, 0.9591 2.0375 1.6267, 0.9591 2.0375 1.585, 0.6982 2.149 1.6267, 0.6982 2.149 1.585, 0.4217 2.2121 1.6267, 0.4217 2.2121 1.585, 0.3033 2.2391 1.6267, 0.3033 2.2391 1.585, -0.1014 2.2573 1.6267, -0.1014 2.2573 1.585, -0.1414 2.2519 1.6267, -0.1414 2.2519 1.585, -0.5028 2.2029 1.6267, -0.5028 2.2029 1.585, -0.6954 2.1403 1.6267, -0.6954 2.1403 1.585, -0.8881 2.0777 1.6267, -0.8881 2.0777 1.585, -1.2092 1.9049 1.6267, -1.2092 1.9049 1.585, -1.2448 1.8858 1.6267, -1.2448 1.8858 1.585, -1.5615 1.6332 1.6267, -1.5615 1.6332 1.585, -1.6414 1.5418 1.6267, -1.6414 1.5418 1.585, -1.828 1.3281 1.6267, -1.828 1.3281 1.585, -1.9735 1.0846 1.6267, -1.9735 1.0846 1.585, -2.0358 0.9804 1.6267, -2.0358 0.9804 1.585, -2.1781 0.6011 1.6267, -2.1781 0.6011 1.585, -2.1854 0.5613 1.6267, -2.1854 0.5613 1.585, -2.2505 0.2025 1.5086, -2.2505 0.2025 1.4669, -2.2505 0.0 1.5086, -2.2596 0.0 1.4669, -2.2505 -0.2025 1.5086, -2.2505 -0.2025 1.4669, -2.1854 -0.5613 1.5086, -2.1854 -0.5613 1.4669, -2.1781 -0.6011 1.5086, -2.1781 -0.6011 1.4669, -2.0358 -0.9804 1.5086, -2.0358 -0.9804 1.4669, -1.9735 -1.0846 1.5086, -1.9735 -1.0846 1.4669, -1.828 -1.3281 1.5086, -1.828 -1.3281 1.4669, -1.6414 -1.5418 1.5086, -1.6414 -1.5418 1.4669, -1.5615 -1.6332 1.5086, -1.5615 -1.6332 1.4669, -1.2448 -1.8858 1.5086, -1.2448 -1.8858 1.4669, -1.2092 -1.9049 1.5086, -1.2092 -1.9049 1.4669, -0.8881 -2.0777 1.5086, -0.8881 -2.0777 1.4669, -0.6954 -2.1403 1.5086, -0.6954 -2.1403 1.4669, -0.5028 -2.2029 1.5086, -0.5028 -2.2029 1.4669, -0.1414 -2.2519 1.5086, -0.1414 -2.2519 1.4669, -0.1014 -2.2573 1.5086, -0.1014 -2.2573 1.4669, 0.3033 -2.2391 1.5086, 0.3033 -2.2391 1.4669, 0.4217 -2.2121 1.5086, 0.4217 -2.2121 1.4669, 0.6982 -2.149 1.5086, 0.6982 -2.149 1.4669, 0.9591 -2.0375 1.5086, 0.9591 -2.0375 1.4669, 1.0707 -1.9898 1.5086, 1.0707 -1.9898 1.4669, 1.4088 -1.7666 1.5086, 1.4088 -1.7666 1.4669, 1.438 -1.7387 1.5086, 1.438 -1.7387 1.4669, 1.7016 -1.4867 1.5086, 1.7016 -1.4867 1.4669, 1.8207 -1.3228 1.5086, 1.8207 -1.3228 1.4669, 1.9397 -1.1589 1.5086, 1.9397 -1.1589 1.4669, 2.0979 -0.8304 1.5086, 2.0979 -0.8304 1.4669, 2.1155 -0.794 1.5086, 2.1155 -0.794 1.4669, 2.2233 -0.4035 1.5086, 2.2233 -0.4035 1.4669, 2.2341 -0.2825 1.5086, 2.2341 -0.2825 1.4669, 2.2596 0.0 1.5086, 2.2596 0.0 1.4669, 2.2341 0.2825 1.5086, 2.2341 0.2825 1.4669, 2.2233 0.4035 1.5086, 2.2233 0.4035 1.4669, 2.1155 0.794 1.5086, 2.1155 0.794 1.4669, 2.0979 0.8304 1.5086, 2.0979 0.8304 1.4669, 1.9397 1.1589 1.5086, 1.9397 1.1589 1.4669, 1.8207 1.3228 1.5086, 1.8207 1.3228 1.4669, 1.7016 1.4867 1.5086, 1.7016 1.4867 1.4669, 1.438 1.7387 1.5086, 1.438 1.7387 1.4669, 1.4088 1.7666 1.5086, 1.4088 1.7666 1.4669, 1.0707 1.9898 1.5086, 1.0707 1.9898 1.4669, 0.9591 2.0375 1.5086, 0.9591 2.0375 1.4669, 0.6982 2.149 1.5086, 0.6982 2.149 1.4669, 0.4217 2.2121 1.5086, 0.4217 2.2121 1.4669, 0.3033 2.2391 1.5086, 0.3033 2.2391 1.4669, -0.1014 2.2573 1.5086, -0.1014 2.2573 1.4669, -0.1414 2.2519 1.5086, -0.1414 2.2519 1.4669, -0.5028 2.2029 1.5086, -0.5028 2.2029 1.4669, -0.6954 2.1403 1.5086, -0.6954 2.1403 1.4669, -0.8881 2.0777 1.5086, -0.8881 2.0777 1.4669, -1.2092 1.9049 1.5086, -1.2092 1.9049 1.4669, -1.2448 1.8858 1.5086, -1.2448 1.8858 1.4669, -1.5615 1.6332 1.5086, -1.5615 1.6332 1.4669, -1.6414 1.5418 1.5086, -1.6414 1.5418 1.4669, -1.828 1.3281 1.5086, -1.828 1.3281 1.4669, -1.9735 1.0846 1.5086, -1.9735 1.0846 1.4669, -2.0358 0.9804 1.5086, -2.0358 0.9804 1.4669, -2.1781 0.6011 1.5086, -2.1781 0.6011 1.4669, -2.1854 0.5613 1.5086, -2.1854 0.5613 1.4669, -2.2505 0.2025 1.3905, -2.2505 0.2025 1.3488, -2.2505 0.0 1.3905, -2.2596 0.0 1.3488, -2.2505 -0.2025 1.3905, -2.2505 -0.2025 1.3488, -2.1854 -0.5613 1.3905, -2.1854 -0.5613 1.3488, -2.1781 -0.6011 1.3905, -2.1781 -0.6011 1.3488, -2.0358 -0.9804 1.3905, -2.0358 -0.9804 1.3488, -1.9735 -1.0846 1.3905, -1.9735 -1.0846 1.3488, -1.828 -1.3281 1.3905, -1.828 -1.3281 1.3488, -1.6414 -1.5418 1.3905, -1.6414 -1.5418 1.3488, -1.5615 -1.6332 1.3905, -1.5615 -1.6332 1.3488, -1.2448 -1.8858 1.3905, -1.2448 -1.8858 1.3488, -1.2092 -1.9049 1.3905, -1.2092 -1.9049 1.3488, -0.8881 -2.0777 1.3905, -0.8881 -2.0777 1.3488, -0.6954 -2.1403 1.3905, -0.6954 -2.1403 1.3488, -0.5028 -2.2029 1.3905, -0.5028 -2.2029 1.3488, -0.1414 -2.2519 1.3905, -0.1414 -2.2519 1.3488, -0.1014 -2.2573 1.3905, -0.1014 -2.2573 1.3488, 0.3033 -2.2391 1.3905, 0.3033 -2.2391 1.3488, 0.4217 -2.2121 1.3905, 0.4217 -2.2121 1.3488, 0.6982 -2.149 1.3905, 0.6982 -2.149 1.3488, 0.9591 -2.0375 1.3905, 0.9591 -2.0375 1.3488, 1.0707 -1.9898 1.3905, 1.0707 -1.9898 1.3488, 1.4088 -1.7666 1.3905, 1.4088 -1.7666 1.3488, 1.438 -1.7387 1.3905, 1.438 -1.7387 1.3488, 1.7016 -1.4867 1.3905, 1.7016 -1.4867 1.3488, 1.8207 -1.3228 1.3905, 1.8207 -1.3228 1.3488, 1.9397 -1.1589 1.3905, 1.9397 -1.1589 1.3488, 2.0979 -0.8304 1.3905, 2.0979 -0.8304 1.3488, 2.1155 -0.794 1.3905, 2.1155 -0.794 1.3488, 2.2233 -0.4035 1.3905, 2.2233 -0.4035 1.3488, 2.2341 -0.2825 1.3905, 2.2341 -0.2825 1.3488, 2.2596 0.0 1.3905, 2.2596 0.0 1.3488, 2.2341 0.2825 1.3905, 2.2341 0.2825 1.3488, 2.2233 0.4035 1.3905, 2.2233 0.4035 1.3488, 2.1155 0.794 1.3905, 2.1155 0.794 1.3488, 2.0979 0.8304 1.3905, 2.0979 0.8304 1.3488, 1.9397 1.1589 1.3905, 1.9397 1.1589 1.3488, 1.8207 1.3228 1.3905, 1.8207 1.3228 1.3488, 1.7016 1.4867 1.3905, 1.7016 1.4867 1.3488, 1.438 1.7387 1.3905, 1.438 1.7387 1.3488, 1.4088 1.7666 1.3905, 1.4088 1.7666 1.3488, 1.0707 1.9898 1.3905, 1.0707 1.9898 1.3488, 0.9591 2.0375 1.3905, 0.9591 2.0375 1.3488, 0.6982 2.149 1.3905, 0.6982 2.149 1.3488, 0.4217 2.2121 1.3905, 0.4217 2.2121 1.3488, 0.3033 2.2391 1.3905, 0.3033 2.2391 1.3488, -0.1014 2.2573 1.3905, -0.1014 2.2573 1.3488, -0.1414 2.2519 1.3905, -0.1414 2.2519 1.3488, -0.5028 2.2029 1.3905, -0.5028 2.2029 1.3488, -0.6954 2.1403 1.3905, -0.6954 2.1403 1.3488, -0.8881 2.0777 1.3905, -0.8881 2.0777 1.3488, -1.2092 1.9049 1.3905, -1.2092 1.9049 1.3488, -1.2448 1.8858 1.3905, -1.2448 1.8858 1.3488, -1.5615 1.6332 1.3905, -1.5615 1.6332 1.3488, -1.6414 1.5418 1.3905, -1.6414 1.5418 1.3488, -1.828 1.3281 1.3905, -1.828 1.3281 1.3488, -1.9735 1.0846 1.3905, -1.9735 1.0846 1.3488, -2.0358 0.9804 1.3905, -2.0358 0.9804 1.3488, -2.1781 0.6011 1.3905, -2.1781 0.6011 1.3488, -2.1854 0.5613 1.3905, -2.1854 0.5613 1.3488, -2.2505 0.2025 1.2724, -2.2505 0.2025 1.2307, -2.2505 0.0 1.2724, -2.2596 0.0 1.2307, -2.2505 -0.2025 1.2724, -2.2505 -0.2025 1.2307, -2.1854 -0.5613 1.2724, -2.1854 -0.5613 1.2307, -2.1781 -0.6011 1.2724, -2.1781 -0.6011 1.2307, -2.0358 -0.9804 1.2724, -2.0358 -0.9804 1.2307, -1.9735 -1.0846 1.2724, -1.9735 -1.0846 1.2307, -1.828 -1.3281 1.2724, -1.828 -1.3281 1.2307, -1.6414 -1.5418 1.2724, -1.6414 -1.5418 1.2307, -1.5615 -1.6332 1.2724, -1.5615 -1.6332 1.2307, -1.2448 -1.8858 1.2724, -1.2448 -1.8858 1.2307, -1.2092 -1.9049 1.2724, -1.2092 -1.9049 1.2307, -0.8881 -2.0777 1.2724, -0.8881 -2.0777 1.2307, -0.6954 -2.1403 1.2724, -0.6954 -2.1403 1.2307, -0.5028 -2.2029 1.2724, -0.5028 -2.2029 1.2307, -0.1414 -2.2519 1.2724, -0.1414 -2.2519 1.2307, -0.1014 -2.2573 1.2724, -0.1014 -2.2573 1.2307, 0.3033 -2.2391 1.2724, 0.3033 -2.2391 1.2307, 0.4217 -2.2121 1.2724, 0.4217 -2.2121 1.2307, 0.6982 -2.149 1.2724, 0.6982 -2.149 1.2307, 0.9591 -2.0375 1.2724, 0.9591 -2.0375 1.2307, 1.0707 -1.9898 1.2724, 1.0707 -1.9898 1.2307, 1.4088 -1.7666 1.2724, 1.4088 -1.7666 1.2307, 1.438 -1.7387 1.2724, 1.438 -1.7387 1.2307, 1.7016 -1.4867 1.2724, 1.7016 -1.4867 1.2307, 1.8207 -1.3228 1.2724, 1.8207 -1.3228 1.2307, 1.9397 -1.1589 1.2724, 1.9397 -1.1589 1.2307, 2.0979 -0.8304 1.2724, 2.0979 -0.8304 1.2307, 2.1155 -0.794 1.2724, 2.1155 -0.794 1.2307, 2.2233 -0.4035 1.2724, 2.2233 -0.4035 1.2307, 2.2341 -0.2825 1.2724, 2.2341 -0.2825 1.2307, 2.2596 0.0 1.2724, 2.2596 0.0 1.2307, 2.2341 0.2825 1.2724, 2.2341 0.2825 1.2307, 2.2233 0.4035 1.2724, 2.2233 0.4035 1.2307, 2.1155 0.794 1.2724, 2.1155 0.794 1.2307, 2.0979 0.8304 1.2724, 2.0979 0.8304 1.2307, 1.9397 1.1589 1.2724, 1.9397 1.1589 1.2307, 1.8207 1.3228 1.2724, 1.8207 1.3228 1.2307, 1.7016 1.4867 1.2724, 1.7016 1.4867 1.2307, 1.438 1.7387 1.2724, 1.438 1.7387 1.2307, 1.4088 1.7666 1.2724, 1.4088 1.7666 1.2307, 1.0707 1.9898 1.2724, 1.0707 1.9898 1.2307, 0.9591 2.0375 1.2724, 0.9591 2.0375 1.2307, 0.6982 2.149 1.2724, 0.6982 2.149 1.2307, 0.4217 2.2121 1.2724, 0.4217 2.2121 1.2307, 0.3033 2.2391 1.2724, 0.3033 2.2391 1.2307, -0.1014 2.2573 1.2724, -0.1014 2.2573 1.2307, -0.1414 2.2519 1.2724, -0.1414 2.2519 1.2307, -0.5028 2.2029 1.2724, -0.5028 2.2029 1.2307, -0.6954 2.1403 1.2724, -0.6954 2.1403 1.2307, -0.8881 2.0777 1.2724, -0.8881 2.0777 1.2307, -1.2092 1.9049 1.2724, -1.2092 1.9049 1.2307, -1.2448 1.8858 1.2724, -1.2448 1.8858 1.2307, -1.5615 1.6332 1.2724, -1.5615 1.6332 1.2307, -1.6414 1.5418 1.2724, -1.6414 1.5418 1.2307, -1.828 1.3281 1.2724, -1.828 1.3281 1.2307, -1.9735 1.0846 1.2724, -1.9735 1.0846 1.2307, -2.0358 0.9804 1.2724, -2.0358 0.9804 1.2307, -2.1781 0.6011 1.2724, -2.1781 0.6011 1.2307, -2.1854 0.5613 1.2724, -2.1854 0.5613 1.2307, -2.2505 0.2025 1.1543, -2.2505 0.2025 1.1126, -2.2505 0.0 1.1543, -2.2596 0.0 1.1126, -2.2505 -0.2025 1.1543, -2.2505 -0.2025 1.1126, -2.1854 -0.5613 1.1543, -2.1854 -0.5613 1.1126, -2.1781 -0.6011 1.1543, -2.1781 -0.6011 1.1126, -2.0358 -0.9804 1.1543, -2.0358 -0.9804 1.1126, -1.9735 -1.0846 1.1543, -1.9735 -1.0846 1.1126, -1.828 -1.3281 1.1543, -1.828 -1.3281 1.1126, -1.6414 -1.5418 1.1543, -1.6414 -1.5418 1.1126, -1.5615 -1.6332 1.1543, -1.5615 -1.6332 1.1126, -1.2448 -1.8858 1.1543, -1.2448 -1.8858 1.1126, -1.2092 -1.9049 1.1543, -1.2092 -1.9049 1.1126, -0.8881 -2.0777 1.1543, -0.8881 -2.0777 1.1126, -0.6954 -2.1403 1.1543, -0.6954 -2.1403 1.1126, -0.5028 -2.2029 1.1543, -0.5028 -2.2029 1.1126, -0.1414 -2.2519 1.1543, -0.1414 -2.2519 1.1126, -0.1014 -2.2573 1.1543, -0.1014 -2.2573 1.1126, 0.3033 -2.2391 1.1543, 0.3033 -2.2391 1.1126, 0.4217 -2.2121 1.1543, 0.4217 -2.2121 1.1126, 0.6982 -2.149 1.1543, 0.6982 -2.149 1.1126, 0.9591 -2.0375 1.1543, 0.9591 -2.0375 1.1126, 1.0707 -1.9898 1.1543, 1.0707 -1.9898 1.1126, 1.4088 -1.7666 1.1543, 1.4088 -1.7666 1.1126, 1.438 -1.7387 1.1543, 1.438 -1.7387 1.1126, 1.7016 -1.4867 1.1543, 1.7016 -1.4867 1.1126, 1.8207 -1.3228 1.1543, 1.8207 -1.3228 1.1126, 1.9397 -1.1589 1.1543, 1.9397 -1.1589 1.1126, 2.0979 -0.8304 1.1543, 2.0979 -0.8304 1.1126, 2.1155 -0.794 1.1543, 2.1155 -0.794 1.1126, 2.2233 -0.4035 1.1543, 2.2233 -0.4035 1.1126, 2.2341 -0.2825 1.1543, 2.2341 -0.2825 1.1126, 2.2596 0.0 1.1543, 2.2596 0.0 1.1126, 2.2341 0.2825 1.1543, 2.2341 0.2825 1.1126, 2.2233 0.4035 1.1543, 2.2233 0.4035 1.1126, 2.1155 0.794 1.1543, 2.1155 0.794 1.1126, 2.0979 0.8304 1.1543, 2.0979 0.8304 1.1126, 1.9397 1.1589 1.1543, 1.9397 1.1589 1.1126, 1.8207 1.3228 1.1543, 1.8207 1.3228 1.1126, 1.7016 1.4867 1.1543, 1.7016 1.4867 1.1126, 1.438 1.7387 1.1543, 1.438 1.7387 1.1126, 1.4088 1.7666 1.1543, 1.4088 1.7666 1.1126, 1.0707 1.9898 1.1543, 1.0707 1.9898 1.1126, 0.9591 2.0375 1.1543, 0.9591 2.0375 1.1126, 0.6982 2.149 1.1543, 0.6982 2.149 1.1126, 0.4217 2.2121 1.1543, 0.4217 2.2121 1.1126, 0.3033 2.2391 1.1543, 0.3033 2.2391 1.1126, -0.1014 2.2573 1.1543, -0.1014 2.2573 1.1126, -0.1414 2.2519 1.1543, -0.1414 2.2519 1.1126, -0.5028 2.2029 1.1543, -0.5028 2.2029 1.1126, -0.6954 2.1403 1.1543, -0.6954 2.1403 1.1126, -0.8881 2.0777 1.1543, -0.8881 2.0777 1.1126, -1.2092 1.9049 1.1543, -1.2092 1.9049 1.1126, -1.2448 1.8858 1.1543, -1.2448 1.8858 1.1126, -1.5615 1.6332 1.1543, -1.5615 1.6332 1.1126, -1.6414 1.5418 1.1543, -1.6414 1.5418 1.1126, -1.828 1.3281 1.1543, -1.828 1.3281 1.1126, -1.9735 1.0846 1.1543, -1.9735 1.0846 1.1126, -2.0358 0.9804 1.1543, -2.0358 0.9804 1.1126, -2.1781 0.6011 1.1543, -2.1781 0.6011 1.1126, -2.1854 0.5613 1.1543, -2.1854 0.5613 1.1126, -2.2596 0.0 0.9843, -2.1886 -0.5619 0.9843, -2.2505 -0.2025 1.0362, -2.1854 -0.5613 1.0362, -1.9801 -1.0886 0.9843, -1.9735 -1.0846 1.0362, -2.0358 -0.9804 1.0362, -2.1781 -0.6011 1.0362, -1.828 -1.3281 1.0362, -1.6472 -1.5468 0.9843, -1.6414 -1.5418 1.0362, -1.2107 -1.9078 0.9843, -1.2092 -1.9049 1.0362, -1.2448 -1.8858 1.0362, -1.5615 -1.6332 1.0362, -0.8881 -2.0777 1.0362, -0.6982 -2.149 0.9843, -0.6954 -2.1403 1.0362, -0.5028 -2.2029 1.0362, -0.1419 -2.2551 0.9843, -0.1414 -2.2519 1.0362, 0.4234 -2.2195 0.9843, 0.4217 -2.2121 1.0362, 0.3033 -2.2391 1.0362, -0.1014 -2.2573 1.0362, 0.6982 -2.149 1.0362, 0.9621 -2.0445 0.9843, 0.9591 -2.0375 1.0362, 1.4403 -1.741 0.9843, 1.438 -1.7387 1.0362, 1.4088 -1.7666 1.0362, 1.0707 -1.9898 1.0362, 1.7016 -1.4867 1.0362, 1.828 -1.3281 0.9843, 1.8207 -1.3228 1.0362, 1.9397 -1.1589 1.0362, 2.1009 -0.8318 0.9843, 2.0979 -0.8304 1.0362, 2.2417 -0.2832 0.9843, 2.2233 -0.4035 1.0362, 2.1155 -0.794 1.0362, 2.1009 0.8318 0.9843, 2.0979 0.8304 1.0362, 2.1155 0.794 1.0362, 2.2417 0.2832 0.9843, 2.2233 0.4035 1.0362, 2.2341 0.2825 1.0362, 2.2596 0.0 0.9843, 2.2596 0.0 1.0362, 2.2341 -0.2825 1.0362, 1.9397 1.1589 1.0362, 1.828 1.3281 0.9843, 1.8207 1.3228 1.0362, 1.7016 1.4867 1.0362, 1.4403 1.741 0.9843, 1.438 1.7387 1.0362, 0.9621 2.0445 0.9843, 0.9591 2.0375 1.0362, 1.0707 1.9898 1.0362, 1.4088 1.7666 1.0362, 0.6982 2.149 1.0362, 0.4234 2.2195 0.9843, 0.4217 2.2121 1.0362, -0.1419 2.2551 0.9843, -0.1414 2.2519 1.0362, -0.1014 2.2573 1.0362, 0.3033 2.2391 1.0362, -0.5028 2.2029 1.0362, -0.6982 2.149 0.9843, -0.6954 2.1403 1.0362, -0.8881 2.0777 1.0362, -1.2107 1.9078 0.9843, -1.2092 1.9049 1.0362, -1.6472 1.5468 0.9843, -1.6414 1.5418 1.0362, -1.5615 1.6332 1.0362, -1.2448 1.8858 1.0362, -1.828 1.3281 1.0362, -1.9801 1.0886 0.9843, -1.9735 1.0846 1.0362, -2.1886 0.5619 0.9843, -2.1781 0.6011 1.0362, -2.0358 0.9804 1.0362, -2.2505 0.0 1.0362, -2.2505 0.2025 1.0362, -2.1854 0.5613 1.0362, -2.5 0.0 0.748, -2.4274 0.5983 0.9843, -2.4274 0.5983 0.748, -2.2136 1.1618 0.9843, -2.2136 1.1618 0.748, -1.8713 1.6578 0.9843, -1.8713 1.6578 0.748, -1.4202 2.0575 0.9843, -1.4202 2.0575 0.748, -0.8865 2.3375 0.9843, -0.8865 2.3375 0.748, -0.3013 2.4818 0.9843, -0.3013 2.4818 0.748, 0.3013 2.4818 0.9843, 0.3013 2.4818 0.748, 0.8865 2.3375 0.9843, 0.8865 2.3375 0.748, 1.4202 2.0575 0.9843, 1.4202 2.0575 0.748, 1.8713 1.6578 0.9843, 1.8713 1.6578 0.748, 2.2136 1.1618 0.9843, 2.2136 1.1618 0.748, 2.4274 0.5983 0.9843, 2.4274 0.5983 0.748, 2.5 0.0 0.9843, 2.5 0.0 0.748, 2.4274 -0.5983 0.9843, 2.4274 -0.5983 0.748, 2.2136 -1.1618 0.9843, 2.2136 -1.1618 0.748, 1.8713 -1.6578 0.9843, 1.8713 -1.6578 0.748, 1.4202 -2.0575 0.9843, 1.4202 -2.0575 0.748, 0.8865 -2.3375 0.9843, 0.8865 -2.3375 0.748, 0.3013 -2.4818 0.9843, 0.3013 -2.4818 0.748, -0.3013 -2.4818 0.9843, -0.3013 -2.4818 0.748, -0.8865 -2.3375 0.9843, -0.8865 -2.3375 0.748, -1.4202 -2.0575 0.9843, -1.4202 -2.0575 0.748, -1.8713 -1.6578 0.9843, -1.8713 -1.6578 0.748, -2.2136 -1.1618 0.9843, -2.2136 -1.1618 0.748, -2.4274 -0.5983 0.9843, -2.4274 -0.5983 0.748, -2.5 0.0 0.9843, 2.1246 2.118 0.7087, 1.9063 2.3164 0.7087, 1.6696 2.4925 0.7087, 1.4168 2.6444 0.7087, 1.1502 2.7707 0.7087, 0.8725 2.8703 0.7087, 0.5864 2.9421 0.7087, 0.2946 2.9855 0.7087, 0.0 3.0 0.7087, -0.2946 2.9855 0.7087, -0.5864 2.9421 0.7087, -0.8725 2.8703 0.7087, -1.1502 2.7707 0.7087, -1.4168 2.6444 0.7087, -1.6696 2.4925 0.7087, -1.9063 2.3164 0.7087, -2.1246 2.118 0.7087, -3.5492 0.689 0.7087, -3.5492 0.5 0.689, -3.5492 0.5512 0.689, -3.5492 0.6871 0.7189, -3.5492 0.5512 0.748, -3.5492 0.6332 0.748, -3.5492 0.6611 0.7428, -3.5492 0.6815 0.7283, -2.1246 -2.118 0.7087, -1.9063 -2.3164 0.7087, -1.6696 -2.4925 0.7087, -1.4168 -2.6444 0.7087, -1.1502 -2.7707 0.7087, -0.8725 -2.8703 0.7087, -0.5864 -2.9421 0.7087, -0.2946 -2.9855 0.7087, 0.0 -3.0 0.7087, 0.2946 -2.9855 0.7087, 0.5864 -2.9421 0.7087, 0.8725 -2.8703 0.7087, 1.1502 -2.7707 0.7087, 1.4168 -2.6444 0.7087, 1.6696 -2.4925 0.7087, 1.9063 -2.3164 0.7087, 2.1246 -2.118 0.7087, 3.5492 0.6332 0.748, 3.5492 0.5512 0.748, 3.5492 0.5512 0.689, 3.5492 0.5 0.689, 3.5492 0.689 0.7087, 3.5492 0.6611 0.7428, 3.5492 0.6815 0.7283, 3.5492 0.6871 0.7189, -2.0967 2.0902 0.748, 1.1351 -2.7344 0.748, 1.3982 -2.6097 0.748, 1.6477 -2.4598 0.748, 2.0967 -2.0902 0.748, 3.1606 -0.5512 0.748, -1.6477 2.4598 0.748, -0.8611 2.8326 0.748, -1.3982 2.6097 0.748, -1.1351 2.7344 0.748, -1.8813 2.286 0.748, -3.1606 0.5512 0.748, 3.1606 0.5512 0.748, 2.0967 2.0902 0.748, -0.8611 -2.8326 0.748, -2.0967 -2.0902 0.748, -1.8813 -2.286 0.748, -3.1606 -0.5512 0.748, -1.6477 -2.4598 0.748, -1.3982 -2.6097 0.748, -1.1351 -2.7344 0.748, 1.8813 2.286 0.748, 0.2908 2.9463 0.748, 0.0 2.9606 0.748, -0.5787 2.9035 0.748, -0.2908 2.9463 0.748, 0.8611 -2.8326 0.748, 1.8813 -2.286 0.748, 0.5787 -2.9035 0.748, -0.5787 -2.9035 0.748, 0.5787 2.9035 0.748, 0.8611 2.8326 0.748, 1.6477 2.4598 0.748, 1.3982 2.6097 0.748, 1.1351 2.7344 0.748, -0.2908 -2.9463 0.748, 0.0 -2.9606 0.748, 0.2908 -2.9463 0.748
            ]
        }
        coordIndex [
            0,1,2,-1,2,1,3,-1,2,3,4,-1,4,3,5,-1,3,6,7,-1,7,8,3,-1,3,8,9,-1,3,9,5,-1,10,11,12,-1,13,14,12,-1,12,14,15,-1,12,15,16,-1,17,10,18,-1,18,10,12,-1,18,12,19,-1,19,12,16,-1,20,21,22,-1,22,21,23,-1,22,23,24,-1,0,2,25,-1,25,2,26,-1,23,25,24,-1,24,25,27,-1,24,27,28,-1,28,27,29,-1,28,29,30,-1,30,29,31,-1,26,32,25,-1,25,32,33,-1,25,33,27,-1,34,35,36,-1,37,38,39,-1,36,37,34,-1,34,37,39,-1,34,39,40,-1,40,39,41,-1,40,41,42,-1,43,44,45,-1,45,44,46,-1,47,48,49,-1,49,48,39,-1,46,22,45,-1,45,22,24,-1,45,24,50,-1,50,24,51,-1,50,51,52,-1,53,54,38,-1,38,54,55,-1,38,55,39,-1,39,55,56,-1,39,56,49,-1,52,57,50,-1,50,57,58,-1,50,58,59,-1,59,58,60,-1,59,60,61,-1,61,60,62,-1,61,62,63,-1,64,65,66,-1,66,65,67,-1,66,67,68,-1,68,69,66,-1,66,69,70,-1,66,70,71,-1,41,72,63,-1,63,72,73,-1,63,73,43,-1,43,73,74,-1,43,74,44,-1,75,76,41,-1,41,76,77,-1,78,79,80,-1,80,79,81,-1,80,81,82,-1,82,81,83,-1,82,83,84,-1,84,83,85,-1,84,85,71,-1,71,85,86,-1,71,86,66,-1,62,87,63,-1,63,87,88,-1,63,88,41,-1,41,88,89,-1,41,89,75,-1,77,90,41,-1,41,90,79,-1,41,79,42,-1,42,79,78,-1,42,78,49,-1,49,78,91,-1,49,91,47,-1,92,93,94,-1,94,95,92,-1,92,95,39,-1,92,39,96,-1,96,39,97,-1,96,97,98,-1,98,97,99,-1,100,101,102,-1,101,103,102,-1,102,103,104,-1,102,104,92,-1,92,104,105,-1,92,105,93,-1,106,107,108,-1,108,107,109,-1,108,109,110,-1,111,100,41,-1,41,100,102,-1,41,102,112,-1,112,102,110,-1,112,110,113,-1,113,110,109,-1,95,114,39,-1,39,114,115,-1,39,115,41,-1,41,115,116,-1,41,116,111,-1,117,118,119,-1,15,14,120,-1,120,14,117,-1,120,117,121,-1,121,117,119,-1,117,122,118,-1,118,122,39,-1,118,39,31,-1,31,39,48,-1,31,48,30,-1,123,124,122,-1,122,124,106,-1,122,106,39,-1,39,106,108,-1,39,108,97,-1,125,126,127,-1,127,126,128,-1,127,128,129,-1,129,128,130,-1,129,130,131,-1,131,130,132,-1,131,132,133,-1,133,132,134,-1,133,134,135,-1,135,134,136,-1,135,136,137,-1,137,136,138,-1,137,138,139,-1,139,138,140,-1,139,140,141,-1,141,140,142,-1,141,142,143,-1,143,142,144,-1,143,144,145,-1,145,144,146,-1,145,146,147,-1,147,146,148,-1,147,148,149,-1,149,148,150,-1,149,150,151,-1,151,150,152,-1,151,152,153,-1,153,152,154,-1,153,154,155,-1,155,154,156,-1,155,156,157,-1,157,156,158,-1,157,158,159,-1,159,158,160,-1,159,160,161,-1,161,160,162,-1,161,162,163,-1,163,162,164,-1,163,164,165,-1,165,164,166,-1,165,166,167,-1,167,166,168,-1,167,168,169,-1,169,168,170,-1,169,170,171,-1,171,170,172,-1,171,172,173,-1,173,172,174,-1,173,174,175,-1,175,174,176,-1,175,176,177,-1,177,176,178,-1,177,178,179,-1,179,178,180,-1,179,180,181,-1,181,180,182,-1,181,182,183,-1,183,182,184,-1,183,184,185,-1,185,184,186,-1,185,186,187,-1,187,186,188,-1,187,188,189,-1,189,188,190,-1,189,190,191,-1,191,190,192,-1,191,192,193,-1,193,192,194,-1,193,194,195,-1,195,194,196,-1,195,196,197,-1,197,196,198,-1,197,198,199,-1,199,198,200,-1,199,200,201,-1,201,200,202,-1,201,202,203,-1,203,202,204,-1,203,204,205,-1,205,204,206,-1,205,206,207,-1,207,206,208,-1,207,208,209,-1,209,208,210,-1,209,210,211,-1,211,210,212,-1,211,212,213,-1,213,212,214,-1,213,214,215,-1,215,214,216,-1,215,216,217,-1,217,216,218,-1,217,218,219,-1,219,218,220,-1,219,220,221,-1,221,220,222,-1,221,222,223,-1,223,222,224,-1,223,224,225,-1,225,224,226,-1,225,226,227,-1,227,226,228,-1,227,228,229,-1,229,228,230,-1,229,230,231,-1,231,230,232,-1,231,232,233,-1,233,232,234,-1,233,234,235,-1,235,234,236,-1,235,236,237,-1,237,236,238,-1,237,238,239,-1,239,238,240,-1,239,240,241,-1,241,240,242,-1,241,242,243,-1,243,242,244,-1,243,244,125,-1,125,244,126,-1,245,246,247,-1,247,246,248,-1,247,248,249,-1,249,248,250,-1,249,250,251,-1,251,250,252,-1,251,252,253,-1,253,252,254,-1,253,254,255,-1,255,254,256,-1,255,256,257,-1,257,256,258,-1,257,258,259,-1,259,258,260,-1,259,260,261,-1,261,260,262,-1,261,262,263,-1,263,262,264,-1,263,264,265,-1,265,264,266,-1,265,266,267,-1,267,266,268,-1,267,268,269,-1,269,268,270,-1,269,270,271,-1,271,270,272,-1,271,272,273,-1,273,272,274,-1,273,274,275,-1,275,274,276,-1,275,276,277,-1,277,276,278,-1,277,278,279,-1,279,278,280,-1,279,280,281,-1,281,280,282,-1,281,282,283,-1,283,282,284,-1,283,284,285,-1,285,284,286,-1,285,286,287,-1,287,286,288,-1,287,288,289,-1,289,288,290,-1,289,290,291,-1,291,290,292,-1,291,292,293,-1,293,292,294,-1,293,294,295,-1,295,294,296,-1,295,296,297,-1,297,296,298,-1,297,298,299,-1,299,298,300,-1,299,300,301,-1,301,300,302,-1,301,302,303,-1,303,302,304,-1,303,304,305,-1,305,304,306,-1,305,306,307,-1,307,306,308,-1,307,308,309,-1,309,308,310,-1,309,310,311,-1,311,310,312,-1,311,312,313,-1,313,312,314,-1,313,314,315,-1,315,314,316,-1,315,316,317,-1,317,316,318,-1,317,318,319,-1,319,318,320,-1,319,320,321,-1,321,320,322,-1,321,322,323,-1,323,322,324,-1,323,324,325,-1,325,324,326,-1,325,326,327,-1,327,326,328,-1,327,328,329,-1,329,328,330,-1,329,330,331,-1,331,330,332,-1,331,332,333,-1,333,332,334,-1,333,334,335,-1,335,334,336,-1,335,336,337,-1,337,336,338,-1,337,338,339,-1,339,338,340,-1,339,340,341,-1,341,340,342,-1,341,342,343,-1,343,342,344,-1,343,344,345,-1,345,344,346,-1,345,346,347,-1,347,346,348,-1,347,348,349,-1,349,348,350,-1,349,350,351,-1,351,350,352,-1,351,352,353,-1,353,352,354,-1,353,354,355,-1,355,354,356,-1,355,356,357,-1,357,356,358,-1,357,358,359,-1,359,358,360,-1,359,360,361,-1,361,360,362,-1,361,362,363,-1,363,362,364,-1,363,364,245,-1,245,364,246,-1,365,366,367,-1,367,366,368,-1,367,368,369,-1,369,368,370,-1,369,370,371,-1,371,370,372,-1,371,372,373,-1,373,372,374,-1,373,374,375,-1,375,374,376,-1,375,376,377,-1,377,376,378,-1,377,378,379,-1,379,378,380,-1,379,380,381,-1,381,380,382,-1,381,382,383,-1,383,382,384,-1,383,384,385,-1,385,384,386,-1,385,386,387,-1,387,386,388,-1,387,388,389,-1,389,388,390,-1,389,390,391,-1,391,390,392,-1,391,392,393,-1,393,392,394,-1,393,394,395,-1,395,394,396,-1,395,396,397,-1,397,396,398,-1,397,398,399,-1,399,398,400,-1,399,400,401,-1,401,400,402,-1,401,402,403,-1,403,402,404,-1,403,404,405,-1,405,404,406,-1,405,406,407,-1,407,406,408,-1,407,408,409,-1,409,408,410,-1,409,410,411,-1,411,410,412,-1,411,412,413,-1,413,412,414,-1,413,414,415,-1,415,414,416,-1,415,416,417,-1,417,416,418,-1,417,418,419,-1,419,418,420,-1,419,420,421,-1,421,420,422,-1,421,422,423,-1,423,422,424,-1,423,424,425,-1,425,424,426,-1,425,426,427,-1,427,426,428,-1,427,428,429,-1,429,428,430,-1,429,430,431,-1,431,430,432,-1,431,432,433,-1,433,432,434,-1,433,434,435,-1,435,434,436,-1,435,436,437,-1,437,436,438,-1,437,438,439,-1,439,438,440,-1,439,440,441,-1,441,440,442,-1,441,442,443,-1,443,442,444,-1,443,444,445,-1,445,444,446,-1,445,446,447,-1,447,446,448,-1,447,448,449,-1,449,448,450,-1,449,450,451,-1,451,450,452,-1,451,452,453,-1,453,452,454,-1,453,454,455,-1,455,454,456,-1,455,456,457,-1,457,456,458,-1,457,458,459,-1,459,458,460,-1,459,460,461,-1,461,460,462,-1,461,462,463,-1,463,462,464,-1,463,464,465,-1,465,464,466,-1,465,466,467,-1,467,466,468,-1,467,468,469,-1,469,468,470,-1,469,470,471,-1,471,470,472,-1,471,472,473,-1,473,472,474,-1,473,474,475,-1,475,474,476,-1,475,476,477,-1,477,476,478,-1,477,478,479,-1,479,478,480,-1,479,480,481,-1,481,480,482,-1,481,482,483,-1,483,482,484,-1,483,484,365,-1,365,484,366,-1,485,486,487,-1,487,486,488,-1,487,488,489,-1,489,488,490,-1,489,490,491,-1,491,490,492,-1,491,492,493,-1,493,492,494,-1,493,494,495,-1,495,494,496,-1,495,496,497,-1,497,496,498,-1,497,498,499,-1,499,498,500,-1,499,500,501,-1,501,500,502,-1,501,502,503,-1,503,502,504,-1,503,504,505,-1,505,504,506,-1,505,506,507,-1,507,506,508,-1,507,508,509,-1,509,508,510,-1,509,510,511,-1,511,510,512,-1,511,512,513,-1,513,512,514,-1,513,514,515,-1,515,514,516,-1,515,516,517,-1,517,516,518,-1,517,518,519,-1,519,518,520,-1,519,520,521,-1,521,520,522,-1,521,522,523,-1,523,522,524,-1,523,524,525,-1,525,524,526,-1,525,526,527,-1,527,526,528,-1,527,528,529,-1,529,528,530,-1,529,530,531,-1,531,530,532,-1,531,532,533,-1,533,532,534,-1,533,534,535,-1,535,534,536,-1,535,536,537,-1,537,536,538,-1,537,538,539,-1,539,538,540,-1,539,540,541,-1,541,540,542,-1,541,542,543,-1,543,542,544,-1,543,544,545,-1,545,544,546,-1,545,546,547,-1,547,546,548,-1,547,548,549,-1,549,548,550,-1,549,550,551,-1,551,550,552,-1,551,552,553,-1,553,552,554,-1,553,554,555,-1,555,554,556,-1,555,556,557,-1,557,556,558,-1,557,558,559,-1,559,558,560,-1,559,560,561,-1,561,560,562,-1,561,562,563,-1,563,562,564,-1,563,564,565,-1,565,564,566,-1,565,566,567,-1,567,566,568,-1,567,568,569,-1,569,568,570,-1,569,570,571,-1,571,570,572,-1,571,572,573,-1,573,572,574,-1,573,574,575,-1,575,574,576,-1,575,576,577,-1,577,576,578,-1,577,578,579,-1,579,578,580,-1,579,580,581,-1,581,580,582,-1,581,582,583,-1,583,582,584,-1,583,584,585,-1,585,584,586,-1,585,586,587,-1,587,586,588,-1,587,588,589,-1,589,588,590,-1,589,590,591,-1,591,590,592,-1,591,592,593,-1,593,592,594,-1,593,594,595,-1,595,594,596,-1,595,596,597,-1,597,596,598,-1,597,598,599,-1,599,598,600,-1,599,600,601,-1,601,600,602,-1,601,602,603,-1,603,602,604,-1,603,604,485,-1,485,604,486,-1,605,606,607,-1,607,606,608,-1,607,608,609,-1,609,608,610,-1,609,610,611,-1,611,610,612,-1,611,612,613,-1,613,612,614,-1,613,614,615,-1,615,614,616,-1,615,616,617,-1,617,616,618,-1,617,618,619,-1,619,618,620,-1,619,620,621,-1,621,620,622,-1,621,622,623,-1,623,622,624,-1,623,624,625,-1,625,624,626,-1,625,626,627,-1,627,626,628,-1,627,628,629,-1,629,628,630,-1,629,630,631,-1,631,630,632,-1,631,632,633,-1,633,632,634,-1,633,634,635,-1,635,634,636,-1,635,636,637,-1,637,636,638,-1,637,638,639,-1,639,638,640,-1,639,640,641,-1,641,640,642,-1,641,642,643,-1,643,642,644,-1,643,644,645,-1,645,644,646,-1,645,646,647,-1,647,646,648,-1,647,648,649,-1,649,648,650,-1,649,650,651,-1,651,650,652,-1,651,652,653,-1,653,652,654,-1,653,654,655,-1,655,654,656,-1,655,656,657,-1,657,656,658,-1,657,658,659,-1,659,658,660,-1,659,660,661,-1,661,660,662,-1,661,662,663,-1,663,662,664,-1,663,664,665,-1,665,664,666,-1,665,666,667,-1,667,666,668,-1,667,668,669,-1,669,668,670,-1,669,670,671,-1,671,670,672,-1,671,672,673,-1,673,672,674,-1,673,674,675,-1,675,674,676,-1,675,676,677,-1,677,676,678,-1,677,678,679,-1,679,678,680,-1,679,680,681,-1,681,680,682,-1,681,682,683,-1,683,682,684,-1,683,684,685,-1,685,684,686,-1,685,686,687,-1,687,686,688,-1,687,688,689,-1,689,688,690,-1,689,690,691,-1,691,690,692,-1,691,692,693,-1,693,692,694,-1,693,694,695,-1,695,694,696,-1,695,696,697,-1,697,696,698,-1,697,698,699,-1,699,698,700,-1,699,700,701,-1,701,700,702,-1,701,702,703,-1,703,702,704,-1,703,704,705,-1,705,704,706,-1,705,706,707,-1,707,706,708,-1,707,708,709,-1,709,708,710,-1,709,710,711,-1,711,710,712,-1,711,712,713,-1,713,712,714,-1,713,714,715,-1,715,714,716,-1,715,716,717,-1,717,716,718,-1,717,718,719,-1,719,718,720,-1,719,720,721,-1,721,720,722,-1,721,722,723,-1,723,722,724,-1,723,724,605,-1,605,724,606,-1,725,726,727,-1,727,726,728,-1,727,728,729,-1,729,728,730,-1,729,730,731,-1,731,730,732,-1,731,732,733,-1,733,732,734,-1,733,734,735,-1,735,734,736,-1,735,736,737,-1,737,736,738,-1,737,738,739,-1,739,738,740,-1,739,740,741,-1,741,740,742,-1,741,742,743,-1,743,742,744,-1,743,744,745,-1,745,744,746,-1,745,746,747,-1,747,746,748,-1,747,748,749,-1,749,748,750,-1,749,750,751,-1,751,750,752,-1,751,752,753,-1,753,752,754,-1,753,754,755,-1,755,754,756,-1,755,756,757,-1,757,756,758,-1,757,758,759,-1,759,758,760,-1,759,760,761,-1,761,760,762,-1,761,762,763,-1,763,762,764,-1,763,764,765,-1,765,764,766,-1,765,766,767,-1,767,766,768,-1,767,768,769,-1,769,768,770,-1,769,770,771,-1,771,770,772,-1,771,772,773,-1,773,772,774,-1,773,774,775,-1,775,774,776,-1,775,776,777,-1,777,776,778,-1,777,778,779,-1,779,778,780,-1,779,780,781,-1,781,780,782,-1,781,782,783,-1,783,782,784,-1,783,784,785,-1,785,784,786,-1,785,786,787,-1,787,786,788,-1,787,788,789,-1,789,788,790,-1,789,790,791,-1,791,790,792,-1,791,792,793,-1,793,792,794,-1,793,794,795,-1,795,794,796,-1,795,796,797,-1,797,796,798,-1,797,798,799,-1,799,798,800,-1,799,800,801,-1,801,800,802,-1,801,802,803,-1,803,802,804,-1,803,804,805,-1,805,804,806,-1,805,806,807,-1,807,806,808,-1,807,808,809,-1,809,808,810,-1,809,810,811,-1,811,810,812,-1,811,812,813,-1,813,812,814,-1,813,814,815,-1,815,814,816,-1,815,816,817,-1,817,816,818,-1,817,818,819,-1,819,818,820,-1,819,820,821,-1,821,820,822,-1,821,822,823,-1,823,822,824,-1,823,824,825,-1,825,824,826,-1,825,826,827,-1,827,826,828,-1,827,828,829,-1,829,828,830,-1,829,830,831,-1,831,830,832,-1,831,832,833,-1,833,832,834,-1,833,834,835,-1,835,834,836,-1,835,836,837,-1,837,836,838,-1,837,838,839,-1,839,838,840,-1,839,840,841,-1,841,840,842,-1,841,842,843,-1,843,842,844,-1,843,844,725,-1,725,844,726,-1,845,846,847,-1,847,846,848,-1,847,848,849,-1,849,848,850,-1,849,850,851,-1,851,850,852,-1,851,852,853,-1,853,852,854,-1,853,854,855,-1,855,854,856,-1,855,856,857,-1,857,856,858,-1,857,858,859,-1,859,858,860,-1,859,860,861,-1,861,860,862,-1,861,862,863,-1,863,862,864,-1,863,864,865,-1,865,864,866,-1,865,866,867,-1,867,866,868,-1,867,868,869,-1,869,868,870,-1,869,870,871,-1,871,870,872,-1,871,872,873,-1,873,872,874,-1,873,874,875,-1,875,874,876,-1,875,876,877,-1,877,876,878,-1,877,878,879,-1,879,878,880,-1,879,880,881,-1,881,880,882,-1,881,882,883,-1,883,882,884,-1,883,884,885,-1,885,884,886,-1,885,886,887,-1,887,886,888,-1,887,888,889,-1,889,888,890,-1,889,890,891,-1,891,890,892,-1,891,892,893,-1,893,892,894,-1,893,894,895,-1,895,894,896,-1,895,896,897,-1,897,896,898,-1,897,898,899,-1,899,898,900,-1,899,900,901,-1,901,900,902,-1,901,902,903,-1,903,902,904,-1,903,904,905,-1,905,904,906,-1,905,906,907,-1,907,906,908,-1,907,908,909,-1,909,908,910,-1,909,910,911,-1,911,910,912,-1,911,912,913,-1,913,912,914,-1,913,914,915,-1,915,914,916,-1,915,916,917,-1,917,916,918,-1,917,918,919,-1,919,918,920,-1,919,920,921,-1,921,920,922,-1,921,922,923,-1,923,922,924,-1,923,924,925,-1,925,924,926,-1,925,926,927,-1,927,926,928,-1,927,928,929,-1,929,928,930,-1,929,930,931,-1,931,930,932,-1,931,932,933,-1,933,932,934,-1,933,934,935,-1,935,934,936,-1,935,936,937,-1,937,936,938,-1,937,938,939,-1,939,938,940,-1,939,940,941,-1,941,940,942,-1,941,942,943,-1,943,942,944,-1,943,944,945,-1,945,944,946,-1,945,946,947,-1,947,946,948,-1,947,948,949,-1,949,948,950,-1,949,950,951,-1,951,950,952,-1,951,952,953,-1,953,952,954,-1,953,954,955,-1,955,954,956,-1,955,956,957,-1,957,956,958,-1,957,958,959,-1,959,958,960,-1,959,960,961,-1,961,960,962,-1,961,962,963,-1,963,962,964,-1,963,964,845,-1,845,964,846,-1,965,966,967,-1,967,966,968,-1,967,968,969,-1,969,968,970,-1,969,970,971,-1,971,970,972,-1,971,972,973,-1,973,972,974,-1,973,974,975,-1,975,974,976,-1,975,976,977,-1,977,976,978,-1,977,978,979,-1,979,978,980,-1,979,980,981,-1,981,980,982,-1,981,982,983,-1,983,982,984,-1,983,984,985,-1,985,984,986,-1,985,986,987,-1,987,986,988,-1,987,988,989,-1,989,988,990,-1,989,990,991,-1,991,990,992,-1,991,992,993,-1,993,992,994,-1,993,994,995,-1,995,994,996,-1,995,996,997,-1,997,996,998,-1,997,998,999,-1,999,998,1000,-1,999,1000,1001,-1,1001,1000,1002,-1,1001,1002,1003,-1,1003,1002,1004,-1,1003,1004,1005,-1,1005,1004,1006,-1,1005,1006,1007,-1,1007,1006,1008,-1,1007,1008,1009,-1,1009,1008,1010,-1,1009,1010,1011,-1,1011,1010,1012,-1,1011,1012,1013,-1,1013,1012,1014,-1,1013,1014,1015,-1,1015,1014,1016,-1,1015,1016,1017,-1,1017,1016,1018,-1,1017,1018,1019,-1,1019,1018,1020,-1,1019,1020,1021,-1,1021,1020,1022,-1,1021,1022,1023,-1,1023,1022,1024,-1,1023,1024,1025,-1,1025,1024,1026,-1,1025,1026,1027,-1,1027,1026,1028,-1,1027,1028,1029,-1,1029,1028,1030,-1,1029,1030,1031,-1,1031,1030,1032,-1,1031,1032,1033,-1,1033,1032,1034,-1,1033,1034,1035,-1,1035,1034,1036,-1,1035,1036,1037,-1,1037,1036,1038,-1,1037,1038,1039,-1,1039,1038,1040,-1,1039,1040,1041,-1,1041,1040,1042,-1,1041,1042,1043,-1,1043,1042,1044,-1,1043,1044,1045,-1,1045,1044,1046,-1,1045,1046,1047,-1,1047,1046,1048,-1,1047,1048,1049,-1,1049,1048,1050,-1,1049,1050,1051,-1,1051,1050,1052,-1,1051,1052,1053,-1,1053,1052,1054,-1,1053,1054,1055,-1,1055,1054,1056,-1,1055,1056,1057,-1,1057,1056,1058,-1,1057,1058,1059,-1,1059,1058,1060,-1,1059,1060,1061,-1,1061,1060,1062,-1,1061,1062,1063,-1,1063,1062,1064,-1,1063,1064,1065,-1,1065,1064,1066,-1,1065,1066,1067,-1,1067,1066,1068,-1,1067,1068,1069,-1,1069,1068,1070,-1,1069,1070,1071,-1,1071,1070,1072,-1,1071,1072,1073,-1,1073,1072,1074,-1,1073,1074,1075,-1,1075,1074,1076,-1,1075,1076,1077,-1,1077,1076,1078,-1,1077,1078,1079,-1,1079,1078,1080,-1,1079,1080,1081,-1,1081,1080,1082,-1,1081,1082,1083,-1,1083,1082,1084,-1,1083,1084,965,-1,965,1084,966,-1,1085,1086,1087,-1,1087,1086,1088,-1,1087,1088,1089,-1,1089,1088,1090,-1,1089,1090,1091,-1,1091,1090,1092,-1,1091,1092,1093,-1,1093,1092,1094,-1,1093,1094,1095,-1,1095,1094,1096,-1,1095,1096,1097,-1,1097,1096,1098,-1,1097,1098,1099,-1,1099,1098,1100,-1,1099,1100,1101,-1,1101,1100,1102,-1,1101,1102,1103,-1,1103,1102,1104,-1,1103,1104,1105,-1,1105,1104,1106,-1,1105,1106,1107,-1,1107,1106,1108,-1,1107,1108,1109,-1,1109,1108,1110,-1,1109,1110,1111,-1,1111,1110,1112,-1,1111,1112,1113,-1,1113,1112,1114,-1,1113,1114,1115,-1,1115,1114,1116,-1,1115,1116,1117,-1,1117,1116,1118,-1,1117,1118,1119,-1,1119,1118,1120,-1,1119,1120,1121,-1,1121,1120,1122,-1,1121,1122,1123,-1,1123,1122,1124,-1,1123,1124,1125,-1,1125,1124,1126,-1,1125,1126,1127,-1,1127,1126,1128,-1,1127,1128,1129,-1,1129,1128,1130,-1,1129,1130,1131,-1,1131,1130,1132,-1,1131,1132,1133,-1,1133,1132,1134,-1,1133,1134,1135,-1,1135,1134,1136,-1,1135,1136,1137,-1,1137,1136,1138,-1,1137,1138,1139,-1,1139,1138,1140,-1,1139,1140,1141,-1,1141,1140,1142,-1,1141,1142,1143,-1,1143,1142,1144,-1,1143,1144,1145,-1,1145,1144,1146,-1,1145,1146,1147,-1,1147,1146,1148,-1,1147,1148,1149,-1,1149,1148,1150,-1,1149,1150,1151,-1,1151,1150,1152,-1,1151,1152,1153,-1,1153,1152,1154,-1,1153,1154,1155,-1,1155,1154,1156,-1,1155,1156,1157,-1,1157,1156,1158,-1,1157,1158,1159,-1,1159,1158,1160,-1,1159,1160,1161,-1,1161,1160,1162,-1,1161,1162,1163,-1,1163,1162,1164,-1,1163,1164,1165,-1,1165,1164,1166,-1,1165,1166,1167,-1,1167,1166,1168,-1,1167,1168,1169,-1,1169,1168,1170,-1,1169,1170,1171,-1,1171,1170,1172,-1,1171,1172,1173,-1,1173,1172,1174,-1,1173,1174,1175,-1,1175,1174,1176,-1,1175,1176,1177,-1,1177,1176,1178,-1,1177,1178,1179,-1,1179,1178,1180,-1,1179,1180,1181,-1,1181,1180,1182,-1,1181,1182,1183,-1,1183,1182,1184,-1,1183,1184,1185,-1,1185,1184,1186,-1,1185,1186,1187,-1,1187,1186,1188,-1,1187,1188,1189,-1,1189,1188,1190,-1,1189,1190,1191,-1,1191,1190,1192,-1,1191,1192,1193,-1,1193,1192,1194,-1,1193,1194,1195,-1,1195,1194,1196,-1,1195,1196,1197,-1,1197,1196,1198,-1,1197,1198,1199,-1,1199,1198,1200,-1,1199,1200,1201,-1,1201,1200,1202,-1,1201,1202,1203,-1,1203,1202,1204,-1,1203,1204,1085,-1,1085,1204,1086,-1,1205,1206,1207,-1,1207,1206,1208,-1,1209,1210,1211,-1,1209,1211,1206,-1,1206,1211,1212,-1,1206,1212,1208,-1,1210,1209,1213,-1,1213,1209,1214,-1,1213,1214,1215,-1,1216,1217,1218,-1,1216,1218,1214,-1,1214,1218,1219,-1,1214,1219,1215,-1,1217,1216,1220,-1,1220,1216,1221,-1,1220,1221,1222,-1,1222,1221,1223,-1,1223,1221,1224,-1,1223,1224,1225,-1,1226,1227,1228,-1,1226,1228,1224,-1,1224,1228,1229,-1,1224,1229,1225,-1,1227,1226,1230,-1,1230,1226,1231,-1,1230,1231,1232,-1,1233,1234,1235,-1,1233,1235,1231,-1,1231,1235,1236,-1,1231,1236,1232,-1,1234,1233,1237,-1,1237,1233,1238,-1,1237,1238,1239,-1,1239,1238,1240,-1,1240,1238,1241,-1,1240,1241,1242,-1,1243,1244,1241,-1,1241,1244,1245,-1,1241,1245,1242,-1,1246,1247,1248,-1,1246,1248,1249,-1,1248,1250,1249,-1,1249,1250,1251,-1,1249,1251,1252,-1,1252,1251,1253,-1,1252,1253,1243,-1,1243,1253,1254,-1,1243,1254,1244,-1,1247,1246,1255,-1,1255,1246,1256,-1,1255,1256,1257,-1,1257,1256,1258,-1,1258,1256,1259,-1,1258,1259,1260,-1,1261,1262,1263,-1,1261,1263,1259,-1,1259,1263,1264,-1,1259,1264,1260,-1,1262,1261,1265,-1,1265,1261,1266,-1,1265,1266,1267,-1,1268,1269,1270,-1,1268,1270,1266,-1,1266,1270,1271,-1,1266,1271,1267,-1,1269,1268,1272,-1,1272,1268,1273,-1,1272,1273,1274,-1,1274,1273,1275,-1,1275,1273,1276,-1,1275,1276,1277,-1,1278,1279,1280,-1,1278,1280,1276,-1,1276,1280,1281,-1,1276,1281,1277,-1,1279,1278,1282,-1,1282,1278,1283,-1,1282,1283,1284,-1,1285,1286,1283,-1,1283,1286,1287,-1,1283,1287,1284,-1,1207,1288,1205,-1,1205,1288,1289,-1,1205,1289,1285,-1,1285,1289,1290,-1,1285,1290,1286,-1,1291,1292,1293,-1,1293,1292,1294,-1,1293,1294,1295,-1,1295,1294,1296,-1,1295,1296,1297,-1,1297,1296,1298,-1,1297,1298,1299,-1,1299,1298,1300,-1,1299,1300,1301,-1,1301,1300,1302,-1,1301,1302,1303,-1,1303,1302,1304,-1,1303,1304,1305,-1,1305,1304,1306,-1,1305,1306,1307,-1,1307,1306,1308,-1,1307,1308,1309,-1,1309,1308,1310,-1,1309,1310,1311,-1,1311,1310,1312,-1,1311,1312,1313,-1,1313,1312,1314,-1,1313,1314,1315,-1,1315,1314,1316,-1,1315,1316,1317,-1,1317,1316,1318,-1,1317,1318,1319,-1,1319,1318,1320,-1,1319,1320,1321,-1,1321,1320,1322,-1,1321,1322,1323,-1,1323,1322,1324,-1,1323,1324,1325,-1,1325,1324,1326,-1,1325,1326,1327,-1,1327,1326,1328,-1,1327,1328,1329,-1,1329,1328,1330,-1,1329,1330,1331,-1,1331,1330,1332,-1,1331,1332,1333,-1,1333,1332,1334,-1,1333,1334,1335,-1,1335,1334,1336,-1,1335,1336,1337,-1,1337,1336,1338,-1,1337,1338,1339,-1,1339,1338,1340,-1,1339,1340,1341,-1,1341,1340,1342,-1,1341,1342,1291,-1,1291,1342,1292,-1,1343,46,1344,-1,1344,46,44,-1,1344,44,1345,-1,1345,44,1346,-1,1346,44,74,-1,1346,74,1347,-1,1347,74,1348,-1,1348,74,73,-1,1348,73,1349,-1,1349,73,1350,-1,1350,73,72,-1,1350,72,1351,-1,1351,72,1352,-1,1352,72,41,-1,1352,41,1353,-1,1353,41,112,-1,1353,112,1354,-1,1354,112,113,-1,1354,113,1355,-1,1355,113,1356,-1,1356,113,109,-1,1356,109,1357,-1,1357,109,1358,-1,1358,109,107,-1,1358,107,1359,-1,124,1360,106,-1,106,1360,1359,-1,106,1359,107,-1,123,1361,124,-1,124,1361,1362,-1,124,1362,1360,-1,1360,1362,1363,-1,1362,1364,1365,-1,1365,1366,1362,-1,1362,1366,1367,-1,1362,1367,1363,-1,16,15,1368,-1,1368,15,120,-1,1368,120,1369,-1,1369,120,121,-1,1369,121,1370,-1,1370,121,1371,-1,1371,121,119,-1,1371,119,1372,-1,1372,119,1373,-1,1373,119,118,-1,1373,118,1374,-1,1374,118,1375,-1,1375,118,31,-1,1375,31,1376,-1,1376,31,29,-1,1376,29,1377,-1,1377,29,27,-1,1377,27,1378,-1,1378,27,1379,-1,1379,27,33,-1,1379,33,1380,-1,1380,33,1381,-1,1381,33,32,-1,1381,32,1382,-1,1382,32,1383,-1,1383,32,26,-1,1383,26,1384,-1,1384,26,4,-1,4,26,2,-1,1385,1386,1387,-1,1388,21,1387,-1,1387,21,20,-1,1387,20,1389,-1,1390,1385,1391,-1,1391,1385,1387,-1,1391,1387,1392,-1,1392,1387,1389,-1,1389,20,1343,-1,1343,20,22,-1,1343,22,46,-1,1393,1365,1364,-1,1394,1395,1396,-1,7,6,1397,-1,1397,6,1398,-1,1399,1400,1401,-1,1401,1400,1402,-1,1399,1403,1400,-1,1400,1403,1393,-1,1400,1393,1404,-1,1404,1393,1364,-1,1386,1385,1405,-1,1405,1385,1406,-1,1407,1408,1409,-1,11,10,1410,-1,1410,10,1408,-1,1411,1412,1409,-1,1409,1412,1413,-1,1409,1413,1407,-1,1414,1309,1311,-1,1415,1416,1305,-1,1305,1416,1303,-1,1313,1405,1311,-1,1311,1405,1406,-1,1311,1406,1414,-1,1313,1315,1405,-1,1405,1315,1317,-1,1405,1317,1398,-1,1398,1317,1319,-1,1398,1319,1321,-1,1407,1335,1337,-1,1408,1407,1410,-1,1410,1407,1337,-1,1410,1337,1339,-1,1400,1301,1417,-1,1417,1301,1303,-1,1417,1303,1418,-1,1418,1303,1416,-1,1321,1323,1398,-1,1398,1323,1419,-1,1398,1419,1397,-1,1397,1419,1394,-1,1397,1394,1420,-1,1420,1394,1396,-1,1323,1325,1419,-1,1419,1325,1327,-1,1419,1327,1421,-1,1421,1327,1329,-1,1335,1407,1333,-1,1333,1407,1422,-1,1333,1422,1331,-1,1339,1341,1410,-1,1410,1341,1291,-1,1410,1291,1404,-1,1404,1291,1293,-1,1415,1305,1423,-1,1423,1305,1307,-1,1423,1307,1424,-1,1414,1425,1309,-1,1309,1425,1426,-1,1309,1426,1307,-1,1307,1426,1427,-1,1307,1427,1424,-1,1422,1428,1331,-1,1331,1428,1429,-1,1331,1429,1329,-1,1329,1429,1430,-1,1329,1430,1421,-1,1293,1295,1404,-1,1404,1295,1297,-1,1404,1297,1400,-1,1400,1297,1299,-1,1400,1299,1301,-1,1285,1292,1205,-1,1205,1292,1342,-1,1205,1342,1206,-1,1206,1342,1340,-1,1206,1340,1209,-1,1209,1340,1338,-1,1209,1338,1214,-1,1214,1338,1336,-1,1214,1336,1216,-1,1216,1336,1334,-1,1216,1334,1221,-1,1221,1334,1332,-1,1221,1332,1224,-1,1224,1332,1330,-1,1224,1330,1226,-1,1226,1330,1328,-1,1226,1328,1231,-1,1231,1328,1326,-1,1231,1326,1233,-1,1233,1326,1324,-1,1233,1324,1238,-1,1238,1324,1322,-1,1238,1322,1241,-1,1241,1322,1320,-1,1241,1320,1243,-1,1243,1320,1318,-1,1243,1318,1252,-1,1252,1318,1316,-1,1252,1316,1249,-1,1249,1316,1314,-1,1249,1314,1246,-1,1246,1314,1312,-1,1246,1312,1256,-1,1256,1312,1310,-1,1256,1310,1259,-1,1259,1310,1308,-1,1259,1308,1261,-1,1261,1308,1306,-1,1261,1306,1266,-1,1266,1306,1304,-1,1266,1304,1268,-1,1268,1304,1302,-1,1268,1302,1273,-1,1273,1302,1300,-1,1273,1300,1276,-1,1276,1300,1298,-1,1276,1298,1278,-1,1278,1298,1296,-1,1278,1296,1283,-1,1283,1296,1294,-1,1283,1294,1285,-1,1285,1294,1292,-1,
        ]
    }
}
Shape{
    appearance Appearance {
        material  Material 	{
            diffuseColor 0.6470588235294118 0.6196078431372549 0.5882352941176471
            specularColor 0.45098039215686275 0.43529411764705883 0.4117647058823529
            ambientIntensity 0.6242
            transparency 0.0
            shininess 0.5
        }
    }
    geometry IndexedFaceSet {
        ccw TRUE
        solid FALSE
        coord DEF co Coordinate {
            point [
                2.2341 0.2825 1.0362, 2.2233 0.4035 1.0362, 2.242 0.4069 1.0413, 2.0979 0.8304 1.0362, 1.9397 1.1589 1.0362, 1.9561 1.1687 1.0413, 1.8207 1.3228 1.0362, 1.7016 1.4867 1.0362, 1.716 1.4992 1.0413, 0.9591 2.0375 1.0362, 0.6982 2.149 1.0362, 0.7041 2.1671 1.0413, 0.4217 2.2121 1.0362, 0.3033 2.2391 1.0362, 0.3059 2.258 1.0413, -0.1414 2.2519 1.0362, -0.5028 2.2029 1.0362, -0.507 2.2215 1.0413, -0.6954 2.1403 1.0362, -0.8881 2.0777 1.0362, -0.8956 2.0953 1.0413, -1.6414 1.5418 1.0362, -1.828 1.3281 1.0362, -1.8435 1.3394 1.0413, -1.9735 1.0846 1.0362, -2.0358 0.9804 1.0362, -2.053 0.9887 1.0413, -2.1854 0.5613 1.0362, -2.2505 0.2025 1.0362, -2.2695 0.2043 1.0413, -2.2505 0.0 1.0362, -2.2505 -0.2025 1.0362, -2.2695 -0.2043 1.0413, -1.9735 -1.0846 1.0362, -1.828 -1.3281 1.0362, -1.8435 -1.3394 1.0413, -1.6414 -1.5418 1.0362, -1.5615 -1.6332 1.0362, -1.5747 -1.647 1.0413, -1.2092 -1.9049 1.0362, -0.8881 -2.0777 1.0362, -0.8956 -2.0953 1.0413, -0.6954 -2.1403 1.0362, -0.5028 -2.2029 1.0362, -0.507 -2.2215 1.0413, 0.4217 -2.2121 1.0362, 0.6982 -2.149 1.0362, 0.7041 -2.1671 1.0413, 0.9591 -2.0375 1.0362, 1.0707 -1.9898 1.0362, 1.0798 -2.0066 1.0413, 1.438 -1.7387 1.0362, 1.7016 -1.4867 1.0362, 1.716 -1.4992 1.0413, 1.8207 -1.3228 1.0362, 1.9397 -1.1589 1.0362, 1.9561 -1.1687 1.0413, 2.2341 -0.2825 1.0362, 2.2596 0.0 1.0362, 2.2787 0.0 1.0413, 2.2341 0.2825 1.1126, 2.2596 0.0 1.1126, 2.2787 0.0 1.1074, 2.0979 0.8304 1.1126, 2.1155 0.794 1.1126, 2.1334 0.8007 1.1074, 1.438 1.7387 1.1126, 1.7016 1.4867 1.1126, 1.716 1.4992 1.1074, 0.9591 2.0375 1.1126, 1.0707 1.9898 1.1126, 1.0798 2.0066 1.1074, 0.4217 2.2121 1.1126, 0.6982 2.149 1.1126, 0.7041 2.1671 1.1074, -0.1414 2.2519 1.1126, -0.1014 2.2573 1.1126, -0.1022 2.2764 1.1074, -1.2092 1.9049 1.1126, -0.8881 2.0777 1.1126, -0.8956 2.0953 1.1074, -1.6414 1.5418 1.1126, -1.5615 1.6332 1.1126, -1.5747 1.647 1.1074, -1.9735 1.0846 1.1126, -1.828 1.3281 1.1126, -1.8435 1.3394 1.1074, -2.1854 0.5613 1.1126, -2.1781 0.6011 1.1126, -2.1965 0.6062 1.1074, -2.1854 -0.5613 1.1126, -2.2505 -0.2025 1.1126, -2.2695 -0.2043 1.1074, -1.9735 -1.0846 1.1126, -2.0358 -0.9804 1.1126, -2.053 -0.9887 1.1074, -1.6414 -1.5418 1.1126, -1.828 -1.3281 1.1126, -1.8435 -1.3394 1.1074, -1.2092 -1.9049 1.1126, -1.2448 -1.8858 1.1126, -1.2553 -1.9017 1.1074, -0.1414 -2.2519 1.1126, -0.5028 -2.2029 1.1126, -0.507 -2.2215 1.1074, 0.4217 -2.2121 1.1126, 0.3033 -2.2391 1.1126, 0.3059 -2.258 1.1074, 0.9591 -2.0375 1.1126, 0.6982 -2.149 1.1126, 0.7041 -2.1671 1.1074, 1.438 -1.7387 1.1126, 1.4088 -1.7666 1.1126, 1.4207 -1.7815 1.1074, 2.0979 -0.8304 1.1126, 1.9397 -1.1589 1.1126, 1.9561 -1.1687 1.1074, 2.2341 -0.2825 1.1126, 2.2233 -0.4035 1.1126, 2.242 -0.4069 1.1074, 1.7016 -1.4867 1.1126, -0.8881 -2.0777 1.1126, -2.2505 0.2025 1.1126, -0.5028 2.2029 1.1126, 1.9397 1.1589 1.1126, 2.1155 -0.794 1.1126, 2.1334 -0.8007 1.1074, 2.1464 -0.8056 1.0935, 1.9681 -1.1759 1.0935, 2.1512 -0.8074 1.0744, 1.9725 -1.1785 1.0744, 2.1464 -0.8056 1.0553, 1.9681 -1.1759 1.0553, 2.1334 -0.8007 1.0413, -0.1014 -2.2573 1.1126, -0.1022 -2.2764 1.1074, -0.1029 -2.2903 1.0935, -0.5102 -2.2352 1.0935, -0.1031 -2.2954 1.0744, -0.5113 -2.2401 1.0744, -0.1029 -2.2903 1.0553, -0.5102 -2.2352 1.0553, -0.1022 -2.2764 1.0413, -2.1781 -0.6011 1.1126, -2.1965 -0.6062 1.1074, -2.21 -0.6099 1.0935, -2.2834 -0.2055 1.0935, -2.2149 -0.6113 1.0744, -2.2885 -0.206 1.0744, -2.21 -0.6099 1.0553, -2.2834 -0.2055 1.0553, -2.1965 -0.6062 1.0413, -1.2448 1.8858 1.1126, -1.2553 1.9017 1.1074, -1.263 1.9134 1.0935, -0.9011 2.1081 1.0935, -1.2658 1.9176 1.0744, -0.9031 2.1128 1.0744, -1.263 1.9134 1.0553, -0.9011 2.1081 1.0553, -1.2553 1.9017 1.0413, 1.4088 1.7666 1.1126, 1.4207 1.7815 1.1074, 1.4294 1.7925 1.0935, 1.7265 1.5084 1.0935, 1.4326 1.7965 1.0744, 1.7304 1.5118 1.0744, 1.4294 1.7925 1.0553, 1.7265 1.5084 1.0553, 1.4207 1.7815 1.0413, 2.2233 -0.4035 1.0362, 2.242 -0.4069 1.0413, 2.2558 -0.4094 1.0553, 2.2926 0.0 1.0553, 2.2608 -0.4103 1.0744, 2.2978 0.0 1.0744, 2.2558 -0.4094 1.0935, 2.2926 0.0 1.0935, 2.1155 -0.794 1.0362, 2.0979 -0.8304 1.0362, 1.7265 -1.5084 1.0553, 1.7304 -1.5118 1.0744, 1.7265 -1.5084 1.0935, 1.716 -1.4992 1.1074, 1.8207 -1.3228 1.1126, 1.4088 -1.7666 1.0362, 1.4207 -1.7815 1.0413, 1.4294 -1.7925 1.0553, 1.4326 -1.7965 1.0744, 1.4294 -1.7925 1.0935, 1.0707 -1.9898 1.1126, 1.0798 -2.0066 1.1074, 1.0864 -2.0189 1.0935, 1.0888 -2.0234 1.0744, 1.0864 -2.0189 1.0553, 0.7085 -2.1804 1.0935, 0.71 -2.1853 1.0744, 0.7085 -2.1804 1.0553, 0.3033 -2.2391 1.0362, 0.3059 -2.258 1.0413, 0.3077 -2.2719 1.0553, 0.3084 -2.277 1.0744, 0.3077 -2.2719 1.0935, -0.1014 -2.2573 1.0362, -0.1414 -2.2519 1.0362, -0.9011 -2.1081 1.0553, -0.9031 -2.1128 1.0744, -0.9011 -2.1081 1.0935, -0.8956 -2.0953 1.1074, -0.6954 -2.1403 1.1126, -1.2448 -1.8858 1.0362, -1.2553 -1.9017 1.0413, -1.263 -1.9134 1.0553, -1.2658 -1.9176 1.0744, -1.263 -1.9134 1.0935, -1.5615 -1.6332 1.1126, -1.5747 -1.647 1.1074, -1.5844 -1.6571 1.0935, -1.5879 -1.6608 1.0744, -1.5844 -1.6571 1.0553, -1.8548 -1.3476 1.0935, -1.8589 -1.3506 1.0744, -1.8548 -1.3476 1.0553, -2.0358 -0.9804 1.0362, -2.053 -0.9887 1.0413, -2.0656 -0.9947 1.0553, -2.0702 -0.997 1.0744, -2.0656 -0.9947 1.0935, -2.1781 -0.6011 1.0362, -2.1854 -0.5613 1.0362, -2.2834 0.2055 1.0553, -2.2885 0.206 1.0744, -2.2834 0.2055 1.0935, -2.2695 0.2043 1.1074, -2.2596 0.0 1.1126, -2.1781 0.6011 1.0362, -2.1965 0.6062 1.0413, -2.21 0.6099 1.0553, -2.2149 0.6113 1.0744, -2.21 0.6099 1.0935, -2.0358 0.9804 1.1126, -2.053 0.9887 1.1074, -2.0656 0.9947 1.0935, -2.0702 0.997 1.0744, -2.0656 0.9947 1.0553, -1.8548 1.3476 1.0935, -1.8589 1.3506 1.0744, -1.8548 1.3476 1.0553, -1.5615 1.6332 1.0362, -1.5747 1.647 1.0413, -1.5844 1.6571 1.0553, -1.5879 1.6608 1.0744, -1.5844 1.6571 1.0935, -1.2448 1.8858 1.0362, -1.2092 1.9049 1.0362, -0.5102 2.2352 1.0553, -0.5113 2.2401 1.0744, -0.5102 2.2352 1.0935, -0.507 2.2215 1.1074, -0.6954 2.1403 1.1126, -0.1014 2.2573 1.0362, -0.1022 2.2764 1.0413, -0.1029 2.2903 1.0553, -0.1031 2.2954 1.0744, -0.1029 2.2903 1.0935, 0.3033 2.2391 1.1126, 0.3059 2.258 1.1074, 0.3077 2.2719 1.0935, 0.3084 2.277 1.0744, 0.3077 2.2719 1.0553, 0.7085 2.1804 1.0935, 0.71 2.1853 1.0744, 0.7085 2.1804 1.0553, 1.0707 1.9898 1.0362, 1.0798 2.0066 1.0413, 1.0864 2.0189 1.0553, 1.0888 2.0234 1.0744, 1.0864 2.0189 1.0935, 1.4088 1.7666 1.0362, 1.438 1.7387 1.0362, 1.9681 1.1759 1.0553, 1.9725 1.1785 1.0744, 1.9681 1.1759 1.0935, 1.9561 1.1687 1.1074, 1.8207 1.3228 1.1126, 2.1155 0.794 1.0362, 2.1334 0.8007 1.0413, 2.1464 0.8056 1.0553, 2.1512 0.8074 1.0744, 2.1464 0.8056 1.0935, 2.2233 0.4035 1.1126, 2.242 0.4069 1.1074, 2.2558 0.4094 1.0935, 2.2608 0.4103 1.0744, 2.2558 0.4094 1.0553, 2.2341 0.2825 1.1543, 2.2233 0.4035 1.1543, 2.242 0.4069 1.1594, 2.0979 0.8304 1.1543, 1.9397 1.1589 1.1543, 1.9561 1.1687 1.1594, 1.8207 1.3228 1.1543, 1.7016 1.4867 1.1543, 1.716 1.4992 1.1594, 0.9591 2.0375 1.1543, 0.6982 2.149 1.1543, 0.7041 2.1671 1.1594, 0.4217 2.2121 1.1543, 0.3033 2.2391 1.1543, 0.3059 2.258 1.1594, -0.1414 2.2519 1.1543, -0.5028 2.2029 1.1543, -0.507 2.2215 1.1594, -0.6954 2.1403 1.1543, -0.8881 2.0777 1.1543, -0.8956 2.0953 1.1594, -1.6414 1.5418 1.1543, -1.828 1.3281 1.1543, -1.8435 1.3394 1.1594, -1.9735 1.0846 1.1543, -2.0358 0.9804 1.1543, -2.053 0.9887 1.1594, -2.1854 0.5613 1.1543, -2.2505 0.2025 1.1543, -2.2695 0.2043 1.1594, -2.2505 0.0 1.1543, -2.2505 -0.2025 1.1543, -2.2695 -0.2043 1.1594, -1.9735 -1.0846 1.1543, -1.828 -1.3281 1.1543, -1.8435 -1.3394 1.1594, -1.6414 -1.5418 1.1543, -1.5615 -1.6332 1.1543, -1.5747 -1.647 1.1594, -1.2092 -1.9049 1.1543, -0.8881 -2.0777 1.1543, -0.8956 -2.0953 1.1594, -0.6954 -2.1403 1.1543, -0.5028 -2.2029 1.1543, -0.507 -2.2215 1.1594, 0.4217 -2.2121 1.1543, 0.6982 -2.149 1.1543, 0.7041 -2.1671 1.1594, 0.9591 -2.0375 1.1543, 1.0707 -1.9898 1.1543, 1.0798 -2.0066 1.1594, 1.438 -1.7387 1.1543, 1.7016 -1.4867 1.1543, 1.716 -1.4992 1.1594, 1.8207 -1.3228 1.1543, 1.9397 -1.1589 1.1543, 1.9561 -1.1687 1.1594, 2.2341 -0.2825 1.1543, 2.2596 0.0 1.1543, 2.2787 0.0 1.1594, 2.2341 0.2825 1.2307, 2.2596 0.0 1.2307, 2.2787 0.0 1.2256, 2.0979 0.8304 1.2307, 2.1155 0.794 1.2307, 2.1334 0.8007 1.2256, 1.438 1.7387 1.2307, 1.7016 1.4867 1.2307, 1.716 1.4992 1.2256, 0.9591 2.0375 1.2307, 1.0707 1.9898 1.2307, 1.0798 2.0066 1.2256, 0.4217 2.2121 1.2307, 0.6982 2.149 1.2307, 0.7041 2.1671 1.2256, -0.1414 2.2519 1.2307, -0.1014 2.2573 1.2307, -0.1022 2.2764 1.2256, -1.2092 1.9049 1.2307, -0.8881 2.0777 1.2307, -0.8956 2.0953 1.2256, -1.6414 1.5418 1.2307, -1.5615 1.6332 1.2307, -1.5747 1.647 1.2256, -1.9735 1.0846 1.2307, -1.828 1.3281 1.2307, -1.8435 1.3394 1.2256, -2.1854 0.5613 1.2307, -2.1781 0.6011 1.2307, -2.1965 0.6062 1.2256, -2.1854 -0.5613 1.2307, -2.2505 -0.2025 1.2307, -2.2695 -0.2043 1.2256, -1.9735 -1.0846 1.2307, -2.0358 -0.9804 1.2307, -2.053 -0.9887 1.2256, -1.6414 -1.5418 1.2307, -1.828 -1.3281 1.2307, -1.8435 -1.3394 1.2256, -1.2092 -1.9049 1.2307, -1.2448 -1.8858 1.2307, -1.2553 -1.9017 1.2256, -0.1414 -2.2519 1.2307, -0.5028 -2.2029 1.2307, -0.507 -2.2215 1.2256, 0.4217 -2.2121 1.2307, 0.3033 -2.2391 1.2307, 0.3059 -2.258 1.2256, 0.9591 -2.0375 1.2307, 0.6982 -2.149 1.2307, 0.7041 -2.1671 1.2256, 1.438 -1.7387 1.2307, 1.4088 -1.7666 1.2307, 1.4207 -1.7815 1.2256, 2.0979 -0.8304 1.2307, 1.9397 -1.1589 1.2307, 1.9561 -1.1687 1.2256, 2.2341 -0.2825 1.2307, 2.2233 -0.4035 1.2307, 2.242 -0.4069 1.2256, 1.7016 -1.4867 1.2307, -0.8881 -2.0777 1.2307, -2.2505 0.2025 1.2307, -0.5028 2.2029 1.2307, 1.9397 1.1589 1.2307, 2.1155 -0.794 1.2307, 2.1334 -0.8007 1.2256, 2.1464 -0.8056 1.2116, 1.9681 -1.1759 1.2116, 2.1512 -0.8074 1.1925, 1.9725 -1.1785 1.1925, 2.1464 -0.8056 1.1734, 1.9681 -1.1759 1.1734, 2.1334 -0.8007 1.1594, -0.1014 -2.2573 1.2307, -0.1022 -2.2764 1.2256, -0.1029 -2.2903 1.2116, -0.5102 -2.2352 1.2116, -0.1031 -2.2954 1.1925, -0.5113 -2.2401 1.1925, -0.1029 -2.2903 1.1734, -0.5102 -2.2352 1.1734, -0.1022 -2.2764 1.1594, -2.1781 -0.6011 1.2307, -2.1965 -0.6062 1.2256, -2.21 -0.6099 1.2116, -2.2834 -0.2055 1.2116, -2.2149 -0.6113 1.1925, -2.2885 -0.206 1.1925, -2.21 -0.6099 1.1734, -2.2834 -0.2055 1.1734, -2.1965 -0.6062 1.1594, -1.2448 1.8858 1.2307, -1.2553 1.9017 1.2256, -1.263 1.9134 1.2116, -0.9011 2.1081 1.2116, -1.2658 1.9176 1.1925, -0.9031 2.1128 1.1925, -1.263 1.9134 1.1734, -0.9011 2.1081 1.1734, -1.2553 1.9017 1.1594, 1.4088 1.7666 1.2307, 1.4207 1.7815 1.2256, 1.4294 1.7925 1.2116, 1.7265 1.5084 1.2116, 1.4326 1.7965 1.1925, 1.7304 1.5118 1.1925, 1.4294 1.7925 1.1734, 1.7265 1.5084 1.1734, 1.4207 1.7815 1.1594, 2.2233 -0.4035 1.1543, 2.242 -0.4069 1.1594, 2.2558 -0.4094 1.1734, 2.2926 0.0 1.1734, 2.2608 -0.4103 1.1925, 2.2978 0.0 1.1925, 2.2558 -0.4094 1.2116, 2.2926 0.0 1.2116, 2.1155 -0.794 1.1543, 2.0979 -0.8304 1.1543, 1.7265 -1.5084 1.1734, 1.7304 -1.5118 1.1925, 1.7265 -1.5084 1.2116, 1.716 -1.4992 1.2256, 1.8207 -1.3228 1.2307, 1.4088 -1.7666 1.1543, 1.4207 -1.7815 1.1594, 1.4294 -1.7925 1.1734, 1.4326 -1.7965 1.1925, 1.4294 -1.7925 1.2116, 1.0707 -1.9898 1.2307, 1.0798 -2.0066 1.2256, 1.0864 -2.0189 1.2116, 1.0888 -2.0234 1.1925, 1.0864 -2.0189 1.1734, 0.7085 -2.1804 1.2116, 0.71 -2.1853 1.1925, 0.7085 -2.1804 1.1734, 0.3033 -2.2391 1.1543, 0.3059 -2.258 1.1594, 0.3077 -2.2719 1.1734, 0.3084 -2.277 1.1925, 0.3077 -2.2719 1.2116, -0.1014 -2.2573 1.1543, -0.1414 -2.2519 1.1543, -0.9011 -2.1081 1.1734, -0.9031 -2.1128 1.1925, -0.9011 -2.1081 1.2116, -0.8956 -2.0953 1.2256, -0.6954 -2.1403 1.2307, -1.2448 -1.8858 1.1543, -1.2553 -1.9017 1.1594, -1.263 -1.9134 1.1734, -1.2658 -1.9176 1.1925, -1.263 -1.9134 1.2116, -1.5615 -1.6332 1.2307, -1.5747 -1.647 1.2256, -1.5844 -1.6571 1.2116, -1.5879 -1.6608 1.1925, -1.5844 -1.6571 1.1734, -1.8548 -1.3476 1.2116, -1.8589 -1.3506 1.1925, -1.8548 -1.3476 1.1734, -2.0358 -0.9804 1.1543, -2.053 -0.9887 1.1594, -2.0656 -0.9947 1.1734, -2.0702 -0.997 1.1925, -2.0656 -0.9947 1.2116, -2.1781 -0.6011 1.1543, -2.1854 -0.5613 1.1543, -2.2834 0.2055 1.1734, -2.2885 0.206 1.1925, -2.2834 0.2055 1.2116, -2.2695 0.2043 1.2256, -2.2596 0.0 1.2307, -2.1781 0.6011 1.1543, -2.1965 0.6062 1.1594, -2.21 0.6099 1.1734, -2.2149 0.6113 1.1925, -2.21 0.6099 1.2116, -2.0358 0.9804 1.2307, -2.053 0.9887 1.2256, -2.0656 0.9947 1.2116, -2.0702 0.997 1.1925, -2.0656 0.9947 1.1734, -1.8548 1.3476 1.2116, -1.8589 1.3506 1.1925, -1.8548 1.3476 1.1734, -1.5615 1.6332 1.1543, -1.5747 1.647 1.1594, -1.5844 1.6571 1.1734, -1.5879 1.6608 1.1925, -1.5844 1.6571 1.2116, -1.2448 1.8858 1.1543, -1.2092 1.9049 1.1543, -0.5102 2.2352 1.1734, -0.5113 2.2401 1.1925, -0.5102 2.2352 1.2116, -0.507 2.2215 1.2256, -0.6954 2.1403 1.2307, -0.1014 2.2573 1.1543, -0.1022 2.2764 1.1594, -0.1029 2.2903 1.1734, -0.1031 2.2954 1.1925, -0.1029 2.2903 1.2116, 0.3033 2.2391 1.2307, 0.3059 2.258 1.2256, 0.3077 2.2719 1.2116, 0.3084 2.277 1.1925, 0.3077 2.2719 1.1734, 0.7085 2.1804 1.2116, 0.71 2.1853 1.1925, 0.7085 2.1804 1.1734, 1.0707 1.9898 1.1543, 1.0798 2.0066 1.1594, 1.0864 2.0189 1.1734, 1.0888 2.0234 1.1925, 1.0864 2.0189 1.2116, 1.4088 1.7666 1.1543, 1.438 1.7387 1.1543, 1.9681 1.1759 1.1734, 1.9725 1.1785 1.1925, 1.9681 1.1759 1.2116, 1.9561 1.1687 1.2256, 1.8207 1.3228 1.2307, 2.1155 0.794 1.1543, 2.1334 0.8007 1.1594, 2.1464 0.8056 1.1734, 2.1512 0.8074 1.1925, 2.1464 0.8056 1.2116, 2.2233 0.4035 1.2307, 2.242 0.4069 1.2256, 2.2558 0.4094 1.2116, 2.2608 0.4103 1.1925, 2.2558 0.4094 1.1734, 2.2341 0.2825 1.2724, 2.2233 0.4035 1.2724, 2.242 0.4069 1.2775, 2.0979 0.8304 1.2724, 1.9397 1.1589 1.2724, 1.9561 1.1687 1.2775, 1.8207 1.3228 1.2724, 1.7016 1.4867 1.2724, 1.716 1.4992 1.2775, 0.9591 2.0375 1.2724, 0.6982 2.149 1.2724, 0.7041 2.1671 1.2775, 0.4217 2.2121 1.2724, 0.3033 2.2391 1.2724, 0.3059 2.258 1.2775, -0.1414 2.2519 1.2724, -0.5028 2.2029 1.2724, -0.507 2.2215 1.2775, -0.6954 2.1403 1.2724, -0.8881 2.0777 1.2724, -0.8956 2.0953 1.2775, -1.6414 1.5418 1.2724, -1.828 1.3281 1.2724, -1.8435 1.3394 1.2775, -1.9735 1.0846 1.2724, -2.0358 0.9804 1.2724, -2.053 0.9887 1.2775, -2.1854 0.5613 1.2724, -2.2505 0.2025 1.2724, -2.2695 0.2043 1.2775, -2.2505 0.0 1.2724, -2.2505 -0.2025 1.2724, -2.2695 -0.2043 1.2775, -1.9735 -1.0846 1.2724, -1.828 -1.3281 1.2724, -1.8435 -1.3394 1.2775, -1.6414 -1.5418 1.2724, -1.5615 -1.6332 1.2724, -1.5747 -1.647 1.2775, -1.2092 -1.9049 1.2724, -0.8881 -2.0777 1.2724, -0.8956 -2.0953 1.2775, -0.6954 -2.1403 1.2724, -0.5028 -2.2029 1.2724, -0.507 -2.2215 1.2775, 0.4217 -2.2121 1.2724, 0.6982 -2.149 1.2724, 0.7041 -2.1671 1.2775, 0.9591 -2.0375 1.2724, 1.0707 -1.9898 1.2724, 1.0798 -2.0066 1.2775, 1.438 -1.7387 1.2724, 1.7016 -1.4867 1.2724, 1.716 -1.4992 1.2775, 1.8207 -1.3228 1.2724, 1.9397 -1.1589 1.2724, 1.9561 -1.1687 1.2775, 2.2341 -0.2825 1.2724, 2.2596 0.0 1.2724, 2.2787 0.0 1.2775, 2.2341 0.2825 1.3488, 2.2596 0.0 1.3488, 2.2787 0.0 1.3437, 2.0979 0.8304 1.3488, 2.1155 0.794 1.3488, 2.1334 0.8007 1.3437, 1.438 1.7387 1.3488, 1.7016 1.4867 1.3488, 1.716 1.4992 1.3437, 0.9591 2.0375 1.3488, 1.0707 1.9898 1.3488, 1.0798 2.0066 1.3437, 0.4217 2.2121 1.3488, 0.6982 2.149 1.3488, 0.7041 2.1671 1.3437, -0.1414 2.2519 1.3488, -0.1014 2.2573 1.3488, -0.1022 2.2764 1.3437, -1.2092 1.9049 1.3488, -0.8881 2.0777 1.3488, -0.8956 2.0953 1.3437, -1.6414 1.5418 1.3488, -1.5615 1.6332 1.3488, -1.5747 1.647 1.3437, -1.9735 1.0846 1.3488, -1.828 1.3281 1.3488, -1.8435 1.3394 1.3437, -2.1854 0.5613 1.3488, -2.1781 0.6011 1.3488, -2.1965 0.6062 1.3437, -2.1854 -0.5613 1.3488, -2.2505 -0.2025 1.3488, -2.2695 -0.2043 1.3437, -1.9735 -1.0846 1.3488, -2.0358 -0.9804 1.3488, -2.053 -0.9887 1.3437, -1.6414 -1.5418 1.3488, -1.828 -1.3281 1.3488, -1.8435 -1.3394 1.3437, -1.2092 -1.9049 1.3488, -1.2448 -1.8858 1.3488, -1.2553 -1.9017 1.3437, -0.1414 -2.2519 1.3488, -0.5028 -2.2029 1.3488, -0.507 -2.2215 1.3437, 0.4217 -2.2121 1.3488, 0.3033 -2.2391 1.3488, 0.3059 -2.258 1.3437, 0.9591 -2.0375 1.3488, 0.6982 -2.149 1.3488, 0.7041 -2.1671 1.3437, 1.438 -1.7387 1.3488, 1.4088 -1.7666 1.3488, 1.4207 -1.7815 1.3437, 2.0979 -0.8304 1.3488, 1.9397 -1.1589 1.3488, 1.9561 -1.1687 1.3437, 2.2341 -0.2825 1.3488, 2.2233 -0.4035 1.3488, 2.242 -0.4069 1.3437, 1.7016 -1.4867 1.3488, -0.8881 -2.0777 1.3488, -2.2505 0.2025 1.3488, -0.5028 2.2029 1.3488, 1.9397 1.1589 1.3488, 2.1155 -0.794 1.3488, 2.1334 -0.8007 1.3437, 2.1464 -0.8056 1.3297, 1.9681 -1.1759 1.3297, 2.1512 -0.8074 1.3106, 1.9725 -1.1785 1.3106, 2.1464 -0.8056 1.2915, 1.9681 -1.1759 1.2915, 2.1334 -0.8007 1.2775, -0.1014 -2.2573 1.3488, -0.1022 -2.2764 1.3437, -0.1029 -2.2903 1.3297, -0.5102 -2.2352 1.3297, -0.1031 -2.2954 1.3106, -0.5113 -2.2401 1.3106, -0.1029 -2.2903 1.2915, -0.5102 -2.2352 1.2915, -0.1022 -2.2764 1.2775, -2.1781 -0.6011 1.3488, -2.1965 -0.6062 1.3437, -2.21 -0.6099 1.3297, -2.2834 -0.2055 1.3297, -2.2149 -0.6113 1.3106, -2.2885 -0.206 1.3106, -2.21 -0.6099 1.2915, -2.2834 -0.2055 1.2915, -2.1965 -0.6062 1.2775, -1.2448 1.8858 1.3488, -1.2553 1.9017 1.3437, -1.263 1.9134 1.3297, -0.9011 2.1081 1.3297, -1.2658 1.9176 1.3106, -0.9031 2.1128 1.3106, -1.263 1.9134 1.2915, -0.9011 2.1081 1.2915, -1.2553 1.9017 1.2775, 1.4088 1.7666 1.3488, 1.4207 1.7815 1.3437, 1.4294 1.7925 1.3297, 1.7265 1.5084 1.3297, 1.4326 1.7965 1.3106, 1.7304 1.5118 1.3106, 1.4294 1.7925 1.2915, 1.7265 1.5084 1.2915, 1.4207 1.7815 1.2775, 2.2233 -0.4035 1.2724, 2.242 -0.4069 1.2775, 2.2558 -0.4094 1.2915, 2.2926 0.0 1.2915, 2.2608 -0.4103 1.3106, 2.2978 0.0 1.3106, 2.2558 -0.4094 1.3297, 2.2926 0.0 1.3297, 2.1155 -0.794 1.2724, 2.0979 -0.8304 1.2724, 1.7265 -1.5084 1.2915, 1.7304 -1.5118 1.3106, 1.7265 -1.5084 1.3297, 1.716 -1.4992 1.3437, 1.8207 -1.3228 1.3488, 1.4088 -1.7666 1.2724, 1.4207 -1.7815 1.2775, 1.4294 -1.7925 1.2915, 1.4326 -1.7965 1.3106, 1.4294 -1.7925 1.3297, 1.0707 -1.9898 1.3488, 1.0798 -2.0066 1.3437, 1.0864 -2.0189 1.3297, 1.0888 -2.0234 1.3106, 1.0864 -2.0189 1.2915, 0.7085 -2.1804 1.3297, 0.71 -2.1853 1.3106, 0.7085 -2.1804 1.2915, 0.3033 -2.2391 1.2724, 0.3059 -2.258 1.2775, 0.3077 -2.2719 1.2915, 0.3084 -2.277 1.3106, 0.3077 -2.2719 1.3297, -0.1014 -2.2573 1.2724, -0.1414 -2.2519 1.2724, -0.9011 -2.1081 1.2915, -0.9031 -2.1128 1.3106, -0.9011 -2.1081 1.3297, -0.8956 -2.0953 1.3437, -0.6954 -2.1403 1.3488, -1.2448 -1.8858 1.2724, -1.2553 -1.9017 1.2775, -1.263 -1.9134 1.2915, -1.2658 -1.9176 1.3106, -1.263 -1.9134 1.3297, -1.5615 -1.6332 1.3488, -1.5747 -1.647 1.3437, -1.5844 -1.6571 1.3297, -1.5879 -1.6608 1.3106, -1.5844 -1.6571 1.2915, -1.8548 -1.3476 1.3297, -1.8589 -1.3506 1.3106, -1.8548 -1.3476 1.2915, -2.0358 -0.9804 1.2724, -2.053 -0.9887 1.2775, -2.0656 -0.9947 1.2915, -2.0702 -0.997 1.3106, -2.0656 -0.9947 1.3297, -2.1781 -0.6011 1.2724, -2.1854 -0.5613 1.2724, -2.2834 0.2055 1.2915, -2.2885 0.206 1.3106, -2.2834 0.2055 1.3297, -2.2695 0.2043 1.3437, -2.2596 0.0 1.3488, -2.1781 0.6011 1.2724, -2.1965 0.6062 1.2775, -2.21 0.6099 1.2915, -2.2149 0.6113 1.3106, -2.21 0.6099 1.3297, -2.0358 0.9804 1.3488, -2.053 0.9887 1.3437, -2.0656 0.9947 1.3297, -2.0702 0.997 1.3106, -2.0656 0.9947 1.2915, -1.8548 1.3476 1.3297, -1.8589 1.3506 1.3106, -1.8548 1.3476 1.2915, -1.5615 1.6332 1.2724, -1.5747 1.647 1.2775, -1.5844 1.6571 1.2915, -1.5879 1.6608 1.3106, -1.5844 1.6571 1.3297, -1.2448 1.8858 1.2724, -1.2092 1.9049 1.2724, -0.5102 2.2352 1.2915, -0.5113 2.2401 1.3106, -0.5102 2.2352 1.3297, -0.507 2.2215 1.3437, -0.6954 2.1403 1.3488, -0.1014 2.2573 1.2724, -0.1022 2.2764 1.2775, -0.1029 2.2903 1.2915, -0.1031 2.2954 1.3106, -0.1029 2.2903 1.3297, 0.3033 2.2391 1.3488, 0.3059 2.258 1.3437, 0.3077 2.2719 1.3297, 0.3084 2.277 1.3106, 0.3077 2.2719 1.2915, 0.7085 2.1804 1.3297, 0.71 2.1853 1.3106, 0.7085 2.1804 1.2915, 1.0707 1.9898 1.2724, 1.0798 2.0066 1.2775, 1.0864 2.0189 1.2915, 1.0888 2.0234 1.3106, 1.0864 2.0189 1.3297, 1.4088 1.7666 1.2724, 1.438 1.7387 1.2724, 1.9681 1.1759 1.2915, 1.9725 1.1785 1.3106, 1.9681 1.1759 1.3297, 1.9561 1.1687 1.3437, 1.8207 1.3228 1.3488, 2.1155 0.794 1.2724, 2.1334 0.8007 1.2775, 2.1464 0.8056 1.2915, 2.1512 0.8074 1.3106, 2.1464 0.8056 1.3297, 2.2233 0.4035 1.3488, 2.242 0.4069 1.3437, 2.2558 0.4094 1.3297, 2.2608 0.4103 1.3106, 2.2558 0.4094 1.2915, 2.2341 0.2825 1.3905, 2.2233 0.4035 1.3905, 2.242 0.4069 1.3956, 2.0979 0.8304 1.3905, 1.9397 1.1589 1.3905, 1.9561 1.1687 1.3956, 1.8207 1.3228 1.3905, 1.7016 1.4867 1.3905, 1.716 1.4992 1.3956, 0.9591 2.0375 1.3905, 0.6982 2.149 1.3905, 0.7041 2.1671 1.3956, 0.4217 2.2121 1.3905, 0.3033 2.2391 1.3905, 0.3059 2.258 1.3956, -0.1414 2.2519 1.3905, -0.5028 2.2029 1.3905, -0.507 2.2215 1.3956, -0.6954 2.1403 1.3905, -0.8881 2.0777 1.3905, -0.8956 2.0953 1.3956, -1.6414 1.5418 1.3905, -1.828 1.3281 1.3905, -1.8435 1.3394 1.3956, -1.9735 1.0846 1.3905, -2.0358 0.9804 1.3905, -2.053 0.9887 1.3956, -2.1854 0.5613 1.3905, -2.2505 0.2025 1.3905, -2.2695 0.2043 1.3956, -2.2505 0.0 1.3905, -2.2505 -0.2025 1.3905, -2.2695 -0.2043 1.3956, -1.9735 -1.0846 1.3905, -1.828 -1.3281 1.3905, -1.8435 -1.3394 1.3956, -1.6414 -1.5418 1.3905, -1.5615 -1.6332 1.3905, -1.5747 -1.647 1.3956, -1.2092 -1.9049 1.3905, -0.8881 -2.0777 1.3905, -0.8956 -2.0953 1.3956, -0.6954 -2.1403 1.3905, -0.5028 -2.2029 1.3905, -0.507 -2.2215 1.3956, 0.4217 -2.2121 1.3905, 0.6982 -2.149 1.3905, 0.7041 -2.1671 1.3956, 0.9591 -2.0375 1.3905, 1.0707 -1.9898 1.3905, 1.0798 -2.0066 1.3956, 1.438 -1.7387 1.3905, 1.7016 -1.4867 1.3905, 1.716 -1.4992 1.3956, 1.8207 -1.3228 1.3905, 1.9397 -1.1589 1.3905, 1.9561 -1.1687 1.3956, 2.2341 -0.2825 1.3905, 2.2596 0.0 1.3905, 2.2787 0.0 1.3956, 2.2341 0.2825 1.4669, 2.2596 0.0 1.4669, 2.2787 0.0 1.4618, 2.0979 0.8304 1.4669, 2.1155 0.794 1.4669, 2.1334 0.8007 1.4618, 1.438 1.7387 1.4669, 1.7016 1.4867 1.4669, 1.716 1.4992 1.4618, 0.9591 2.0375 1.4669, 1.0707 1.9898 1.4669, 1.0798 2.0066 1.4618, 0.4217 2.2121 1.4669, 0.6982 2.149 1.4669, 0.7041 2.1671 1.4618, -0.1414 2.2519 1.4669, -0.1014 2.2573 1.4669, -0.1022 2.2764 1.4618, -1.2092 1.9049 1.4669, -0.8881 2.0777 1.4669, -0.8956 2.0953 1.4618, -1.6414 1.5418 1.4669, -1.5615 1.6332 1.4669, -1.5747 1.647 1.4618, -1.9735 1.0846 1.4669, -1.828 1.3281 1.4669, -1.8435 1.3394 1.4618, -2.1854 0.5613 1.4669, -2.1781 0.6011 1.4669, -2.1965 0.6062 1.4618, -2.1854 -0.5613 1.4669, -2.2505 -0.2025 1.4669, -2.2695 -0.2043 1.4618, -1.9735 -1.0846 1.4669, -2.0358 -0.9804 1.4669, -2.053 -0.9887 1.4618, -1.6414 -1.5418 1.4669, -1.828 -1.3281 1.4669, -1.8435 -1.3394 1.4618, -1.2092 -1.9049 1.4669, -1.2448 -1.8858 1.4669, -1.2553 -1.9017 1.4618, -0.1414 -2.2519 1.4669, -0.5028 -2.2029 1.4669, -0.507 -2.2215 1.4618, 0.4217 -2.2121 1.4669, 0.3033 -2.2391 1.4669, 0.3059 -2.258 1.4618, 0.9591 -2.0375 1.4669, 0.6982 -2.149 1.4669, 0.7041 -2.1671 1.4618, 1.438 -1.7387 1.4669, 1.4088 -1.7666 1.4669, 1.4207 -1.7815 1.4618, 2.0979 -0.8304 1.4669, 1.9397 -1.1589 1.4669, 1.9561 -1.1687 1.4618, 2.2341 -0.2825 1.4669, 2.2233 -0.4035 1.4669, 2.242 -0.4069 1.4618, 1.7016 -1.4867 1.4669, -0.8881 -2.0777 1.4669, -2.2505 0.2025 1.4669, -0.5028 2.2029 1.4669, 1.9397 1.1589 1.4669, 2.1155 -0.794 1.4669, 2.1334 -0.8007 1.4618, 2.1464 -0.8056 1.4478, 1.9681 -1.1759 1.4478, 2.1512 -0.8074 1.4287, 1.9725 -1.1785 1.4287, 2.1464 -0.8056 1.4096, 1.9681 -1.1759 1.4096, 2.1334 -0.8007 1.3956, -0.1014 -2.2573 1.4669, -0.1022 -2.2764 1.4618, -0.1029 -2.2903 1.4478, -0.5102 -2.2352 1.4478, -0.1031 -2.2954 1.4287, -0.5113 -2.2401 1.4287, -0.1029 -2.2903 1.4096, -0.5102 -2.2352 1.4096, -0.1022 -2.2764 1.3956, -2.1781 -0.6011 1.4669, -2.1965 -0.6062 1.4618, -2.21 -0.6099 1.4478, -2.2834 -0.2055 1.4478, -2.2149 -0.6113 1.4287, -2.2885 -0.206 1.4287, -2.21 -0.6099 1.4096, -2.2834 -0.2055 1.4096, -2.1965 -0.6062 1.3956, -1.2448 1.8858 1.4669, -1.2553 1.9017 1.4618, -1.263 1.9134 1.4478, -0.9011 2.1081 1.4478, -1.2658 1.9176 1.4287, -0.9031 2.1128 1.4287, -1.263 1.9134 1.4096, -0.9011 2.1081 1.4096, -1.2553 1.9017 1.3956, 1.4088 1.7666 1.4669, 1.4207 1.7815 1.4618, 1.4294 1.7925 1.4478, 1.7265 1.5084 1.4478, 1.4326 1.7965 1.4287, 1.7304 1.5118 1.4287, 1.4294 1.7925 1.4096, 1.7265 1.5084 1.4096, 1.4207 1.7815 1.3956, 2.2233 -0.4035 1.3905, 2.242 -0.4069 1.3956, 2.2558 -0.4094 1.4096, 2.2926 0.0 1.4096, 2.2608 -0.4103 1.4287, 2.2978 0.0 1.4287, 2.2558 -0.4094 1.4478, 2.2926 0.0 1.4478, 2.1155 -0.794 1.3905, 2.0979 -0.8304 1.3905, 1.7265 -1.5084 1.4096, 1.7304 -1.5118 1.4287, 1.7265 -1.5084 1.4478, 1.716 -1.4992 1.4618, 1.8207 -1.3228 1.4669, 1.4088 -1.7666 1.3905, 1.4207 -1.7815 1.3956, 1.4294 -1.7925 1.4096, 1.4326 -1.7965 1.4287, 1.4294 -1.7925 1.4478, 1.0707 -1.9898 1.4669, 1.0798 -2.0066 1.4618, 1.0864 -2.0189 1.4478, 1.0888 -2.0234 1.4287, 1.0864 -2.0189 1.4096, 0.7085 -2.1804 1.4478, 0.71 -2.1853 1.4287, 0.7085 -2.1804 1.4096, 0.3033 -2.2391 1.3905, 0.3059 -2.258 1.3956, 0.3077 -2.2719 1.4096, 0.3084 -2.277 1.4287, 0.3077 -2.2719 1.4478, -0.1014 -2.2573 1.3905, -0.1414 -2.2519 1.3905, -0.9011 -2.1081 1.4096, -0.9031 -2.1128 1.4287, -0.9011 -2.1081 1.4478, -0.8956 -2.0953 1.4618, -0.6954 -2.1403 1.4669, -1.2448 -1.8858 1.3905, -1.2553 -1.9017 1.3956, -1.263 -1.9134 1.4096, -1.2658 -1.9176 1.4287, -1.263 -1.9134 1.4478, -1.5615 -1.6332 1.4669, -1.5747 -1.647 1.4618, -1.5844 -1.6571 1.4478, -1.5879 -1.6608 1.4287, -1.5844 -1.6571 1.4096, -1.8548 -1.3476 1.4478, -1.8589 -1.3506 1.4287, -1.8548 -1.3476 1.4096, -2.0358 -0.9804 1.3905, -2.053 -0.9887 1.3956, -2.0656 -0.9947 1.4096, -2.0702 -0.997 1.4287, -2.0656 -0.9947 1.4478, -2.1781 -0.6011 1.3905, -2.1854 -0.5613 1.3905, -2.2834 0.2055 1.4096, -2.2885 0.206 1.4287, -2.2834 0.2055 1.4478, -2.2695 0.2043 1.4618, -2.2596 0.0 1.4669, -2.1781 0.6011 1.3905, -2.1965 0.6062 1.3956, -2.21 0.6099 1.4096, -2.2149 0.6113 1.4287, -2.21 0.6099 1.4478, -2.0358 0.9804 1.4669, -2.053 0.9887 1.4618, -2.0656 0.9947 1.4478, -2.0702 0.997 1.4287, -2.0656 0.9947 1.4096, -1.8548 1.3476 1.4478, -1.8589 1.3506 1.4287, -1.8548 1.3476 1.4096, -1.5615 1.6332 1.3905, -1.5747 1.647 1.3956, -1.5844 1.6571 1.4096, -1.5879 1.6608 1.4287, -1.5844 1.6571 1.4478, -1.2448 1.8858 1.3905, -1.2092 1.9049 1.3905, -0.5102 2.2352 1.4096, -0.5113 2.2401 1.4287, -0.5102 2.2352 1.4478, -0.507 2.2215 1.4618, -0.6954 2.1403 1.4669, -0.1014 2.2573 1.3905, -0.1022 2.2764 1.3956, -0.1029 2.2903 1.4096, -0.1031 2.2954 1.4287, -0.1029 2.2903 1.4478, 0.3033 2.2391 1.4669, 0.3059 2.258 1.4618, 0.3077 2.2719 1.4478, 0.3084 2.277 1.4287, 0.3077 2.2719 1.4096, 0.7085 2.1804 1.4478, 0.71 2.1853 1.4287, 0.7085 2.1804 1.4096, 1.0707 1.9898 1.3905, 1.0798 2.0066 1.3956, 1.0864 2.0189 1.4096, 1.0888 2.0234 1.4287, 1.0864 2.0189 1.4478, 1.4088 1.7666 1.3905, 1.438 1.7387 1.3905, 1.9681 1.1759 1.4096, 1.9725 1.1785 1.4287, 1.9681 1.1759 1.4478, 1.9561 1.1687 1.4618, 1.8207 1.3228 1.4669, 2.1155 0.794 1.3905, 2.1334 0.8007 1.3956, 2.1464 0.8056 1.4096, 2.1512 0.8074 1.4287, 2.1464 0.8056 1.4478, 2.2233 0.4035 1.4669, 2.242 0.4069 1.4618, 2.2558 0.4094 1.4478, 2.2608 0.4103 1.4287, 2.2558 0.4094 1.4096, 2.2341 0.2825 1.5086, 2.2233 0.4035 1.5086, 2.242 0.4069 1.5137, 2.0979 0.8304 1.5086, 1.9397 1.1589 1.5086, 1.9561 1.1687 1.5137, 1.8207 1.3228 1.5086, 1.7016 1.4867 1.5086, 1.716 1.4992 1.5137, 0.9591 2.0375 1.5086, 0.6982 2.149 1.5086, 0.7041 2.1671 1.5137, 0.4217 2.2121 1.5086, 0.3033 2.2391 1.5086, 0.3059 2.258 1.5137, -0.1414 2.2519 1.5086, -0.5028 2.2029 1.5086, -0.507 2.2215 1.5137, -0.6954 2.1403 1.5086, -0.8881 2.0777 1.5086, -0.8956 2.0953 1.5137, -1.6414 1.5418 1.5086, -1.828 1.3281 1.5086, -1.8435 1.3394 1.5137, -1.9735 1.0846 1.5086, -2.0358 0.9804 1.5086, -2.053 0.9887 1.5137, -2.1854 0.5613 1.5086, -2.2505 0.2025 1.5086, -2.2695 0.2043 1.5137, -2.2505 0.0 1.5086, -2.2505 -0.2025 1.5086, -2.2695 -0.2043 1.5137, -1.9735 -1.0846 1.5086, -1.828 -1.3281 1.5086, -1.8435 -1.3394 1.5137, -1.6414 -1.5418 1.5086, -1.5615 -1.6332 1.5086, -1.5747 -1.647 1.5137, -1.2092 -1.9049 1.5086, -0.8881 -2.0777 1.5086, -0.8956 -2.0953 1.5137, -0.6954 -2.1403 1.5086, -0.5028 -2.2029 1.5086, -0.507 -2.2215 1.5137, 0.4217 -2.2121 1.5086, 0.6982 -2.149 1.5086, 0.7041 -2.1671 1.5137, 0.9591 -2.0375 1.5086, 1.0707 -1.9898 1.5086, 1.0798 -2.0066 1.5137, 1.438 -1.7387 1.5086, 1.7016 -1.4867 1.5086, 1.716 -1.4992 1.5137, 1.8207 -1.3228 1.5086, 1.9397 -1.1589 1.5086, 1.9561 -1.1687 1.5137, 2.2341 -0.2825 1.5086, 2.2596 0.0 1.5086, 2.2787 0.0 1.5137, 2.2341 0.2825 1.585, 2.2596 0.0 1.585, 2.2787 0.0 1.5799, 2.0979 0.8304 1.585, 2.1155 0.794 1.585, 2.1334 0.8007 1.5799, 1.438 1.7387 1.585, 1.7016 1.4867 1.585, 1.716 1.4992 1.5799, 0.9591 2.0375 1.585, 1.0707 1.9898 1.585, 1.0798 2.0066 1.5799, 0.4217 2.2121 1.585, 0.6982 2.149 1.585, 0.7041 2.1671 1.5799, -0.1414 2.2519 1.585, -0.1014 2.2573 1.585, -0.1022 2.2764 1.5799, -1.2092 1.9049 1.585, -0.8881 2.0777 1.585, -0.8956 2.0953 1.5799, -1.6414 1.5418 1.585, -1.5615 1.6332 1.585, -1.5747 1.647 1.5799, -1.9735 1.0846 1.585, -1.828 1.3281 1.585, -1.8435 1.3394 1.5799, -2.1854 0.5613 1.585, -2.1781 0.6011 1.585, -2.1965 0.6062 1.5799, -2.1854 -0.5613 1.585, -2.2505 -0.2025 1.585, -2.2695 -0.2043 1.5799, -1.9735 -1.0846 1.585, -2.0358 -0.9804 1.585, -2.053 -0.9887 1.5799, -1.6414 -1.5418 1.585, -1.828 -1.3281 1.585, -1.8435 -1.3394 1.5799, -1.2092 -1.9049 1.585, -1.2448 -1.8858 1.585, -1.2553 -1.9017 1.5799, -0.1414 -2.2519 1.585, -0.5028 -2.2029 1.585, -0.507 -2.2215 1.5799, 0.4217 -2.2121 1.585, 0.3033 -2.2391 1.585, 0.3059 -2.258 1.5799, 0.9591 -2.0375 1.585, 0.6982 -2.149 1.585, 0.7041 -2.1671 1.5799, 1.438 -1.7387 1.585, 1.4088 -1.7666 1.585, 1.4207 -1.7815 1.5799, 2.0979 -0.8304 1.585, 1.9397 -1.1589 1.585, 1.9561 -1.1687 1.5799, 2.2341 -0.2825 1.585, 2.2233 -0.4035 1.585, 2.242 -0.4069 1.5799, 1.7016 -1.4867 1.585, -0.8881 -2.0777 1.585, -2.2505 0.2025 1.585, -0.5028 2.2029 1.585, 1.9397 1.1589 1.585, 2.1155 -0.794 1.585, 2.1334 -0.8007 1.5799, 2.1464 -0.8056 1.5659, 1.9681 -1.1759 1.5659, 2.1512 -0.8074 1.5468, 1.9725 -1.1785 1.5468, 2.1464 -0.8056 1.5277, 1.9681 -1.1759 1.5277, 2.1334 -0.8007 1.5137, -0.1014 -2.2573 1.585, -0.1022 -2.2764 1.5799, -0.1029 -2.2903 1.5659, -0.5102 -2.2352 1.5659, -0.1031 -2.2954 1.5468, -0.5113 -2.2401 1.5468, -0.1029 -2.2903 1.5277, -0.5102 -2.2352 1.5277, -0.1022 -2.2764 1.5137, -2.1781 -0.6011 1.585, -2.1965 -0.6062 1.5799, -2.21 -0.6099 1.5659, -2.2834 -0.2055 1.5659, -2.2149 -0.6113 1.5468, -2.2885 -0.206 1.5468, -2.21 -0.6099 1.5277, -2.2834 -0.2055 1.5277, -2.1965 -0.6062 1.5137, -1.2448 1.8858 1.585, -1.2553 1.9017 1.5799, -1.263 1.9134 1.5659, -0.9011 2.1081 1.5659, -1.2658 1.9176 1.5468, -0.9031 2.1128 1.5468, -1.263 1.9134 1.5277, -0.9011 2.1081 1.5277, -1.2553 1.9017 1.5137, 1.4088 1.7666 1.585, 1.4207 1.7815 1.5799, 1.4294 1.7925 1.5659, 1.7265 1.5084 1.5659, 1.4326 1.7965 1.5468, 1.7304 1.5118 1.5468, 1.4294 1.7925 1.5277, 1.7265 1.5084 1.5277, 1.4207 1.7815 1.5137, 2.2233 -0.4035 1.5086, 2.242 -0.4069 1.5137, 2.2558 -0.4094 1.5277, 2.2926 0.0 1.5277, 2.2608 -0.4103 1.5468, 2.2978 0.0 1.5468, 2.2558 -0.4094 1.5659, 2.2926 0.0 1.5659, 2.1155 -0.794 1.5086, 2.0979 -0.8304 1.5086, 1.7265 -1.5084 1.5277, 1.7304 -1.5118 1.5468, 1.7265 -1.5084 1.5659, 1.716 -1.4992 1.5799, 1.8207 -1.3228 1.585, 1.4088 -1.7666 1.5086, 1.4207 -1.7815 1.5137, 1.4294 -1.7925 1.5277, 1.4326 -1.7965 1.5468, 1.4294 -1.7925 1.5659, 1.0707 -1.9898 1.585, 1.0798 -2.0066 1.5799, 1.0864 -2.0189 1.5659, 1.0888 -2.0234 1.5468, 1.0864 -2.0189 1.5277, 0.7085 -2.1804 1.5659, 0.71 -2.1853 1.5468, 0.7085 -2.1804 1.5277, 0.3033 -2.2391 1.5086, 0.3059 -2.258 1.5137, 0.3077 -2.2719 1.5277, 0.3084 -2.277 1.5468, 0.3077 -2.2719 1.5659, -0.1014 -2.2573 1.5086, -0.1414 -2.2519 1.5086, -0.9011 -2.1081 1.5277, -0.9031 -2.1128 1.5468, -0.9011 -2.1081 1.5659, -0.8956 -2.0953 1.5799, -0.6954 -2.1403 1.585, -1.2448 -1.8858 1.5086, -1.2553 -1.9017 1.5137, -1.263 -1.9134 1.5277, -1.2658 -1.9176 1.5468, -1.263 -1.9134 1.5659, -1.5615 -1.6332 1.585, -1.5747 -1.647 1.5799, -1.5844 -1.6571 1.5659, -1.5879 -1.6608 1.5468, -1.5844 -1.6571 1.5277, -1.8548 -1.3476 1.5659, -1.8589 -1.3506 1.5468, -1.8548 -1.3476 1.5277, -2.0358 -0.9804 1.5086, -2.053 -0.9887 1.5137, -2.0656 -0.9947 1.5277, -2.0702 -0.997 1.5468, -2.0656 -0.9947 1.5659, -2.1781 -0.6011 1.5086, -2.1854 -0.5613 1.5086, -2.2834 0.2055 1.5277, -2.2885 0.206 1.5468, -2.2834 0.2055 1.5659, -2.2695 0.2043 1.5799, -2.2596 0.0 1.585, -2.1781 0.6011 1.5086, -2.1965 0.6062 1.5137, -2.21 0.6099 1.5277, -2.2149 0.6113 1.5468, -2.21 0.6099 1.5659, -2.0358 0.9804 1.585, -2.053 0.9887 1.5799, -2.0656 0.9947 1.5659, -2.0702 0.997 1.5468, -2.0656 0.9947 1.5277, -1.8548 1.3476 1.5659, -1.8589 1.3506 1.5468, -1.8548 1.3476 1.5277, -1.5615 1.6332 1.5086, -1.5747 1.647 1.5137, -1.5844 1.6571 1.5277, -1.5879 1.6608 1.5468, -1.5844 1.6571 1.5659, -1.2448 1.8858 1.5086, -1.2092 1.9049 1.5086, -0.5102 2.2352 1.5277, -0.5113 2.2401 1.5468, -0.5102 2.2352 1.5659, -0.507 2.2215 1.5799, -0.6954 2.1403 1.585, -0.1014 2.2573 1.5086, -0.1022 2.2764 1.5137, -0.1029 2.2903 1.5277, -0.1031 2.2954 1.5468, -0.1029 2.2903 1.5659, 0.3033 2.2391 1.585, 0.3059 2.258 1.5799, 0.3077 2.2719 1.5659, 0.3084 2.277 1.5468, 0.3077 2.2719 1.5277, 0.7085 2.1804 1.5659, 0.71 2.1853 1.5468, 0.7085 2.1804 1.5277, 1.0707 1.9898 1.5086, 1.0798 2.0066 1.5137, 1.0864 2.0189 1.5277, 1.0888 2.0234 1.5468, 1.0864 2.0189 1.5659, 1.4088 1.7666 1.5086, 1.438 1.7387 1.5086, 1.9681 1.1759 1.5277, 1.9725 1.1785 1.5468, 1.9681 1.1759 1.5659, 1.9561 1.1687 1.5799, 1.8207 1.3228 1.585, 2.1155 0.794 1.5086, 2.1334 0.8007 1.5137, 2.1464 0.8056 1.5277, 2.1512 0.8074 1.5468, 2.1464 0.8056 1.5659, 2.2233 0.4035 1.585, 2.242 0.4069 1.5799, 2.2558 0.4094 1.5659, 2.2608 0.4103 1.5468, 2.2558 0.4094 1.5277, 2.2341 0.2825 1.6267, 2.2233 0.4035 1.6267, 2.242 0.4069 1.6319, 2.0979 0.8304 1.6267, 1.9397 1.1589 1.6267, 1.9561 1.1687 1.6319, 1.8207 1.3228 1.6267, 1.7016 1.4867 1.6267, 1.716 1.4992 1.6319, 0.9591 2.0375 1.6267, 0.6982 2.149 1.6267, 0.7041 2.1671 1.6319, 0.4217 2.2121 1.6267, 0.3033 2.2391 1.6267, 0.3059 2.258 1.6319, -0.1414 2.2519 1.6267, -0.5028 2.2029 1.6267, -0.507 2.2215 1.6319, -0.6954 2.1403 1.6267, -0.8881 2.0777 1.6267, -0.8956 2.0953 1.6319, -1.6414 1.5418 1.6267, -1.828 1.3281 1.6267, -1.8435 1.3394 1.6319, -1.9735 1.0846 1.6267, -2.0358 0.9804 1.6267, -2.053 0.9887 1.6319, -2.1854 0.5613 1.6267, -2.2505 0.2025 1.6267, -2.2695 0.2043 1.6319, -2.2505 0.0 1.6267, -2.2505 -0.2025 1.6267, -2.2695 -0.2043 1.6319, -1.9735 -1.0846 1.6267, -1.828 -1.3281 1.6267, -1.8435 -1.3394 1.6319, -1.6414 -1.5418 1.6267, -1.5615 -1.6332 1.6267, -1.5747 -1.647 1.6319, -1.2092 -1.9049 1.6267, -0.8881 -2.0777 1.6267, -0.8956 -2.0953 1.6319, -0.6954 -2.1403 1.6267, -0.5028 -2.2029 1.6267, -0.507 -2.2215 1.6319, 0.4217 -2.2121 1.6267, 0.6982 -2.149 1.6267, 0.7041 -2.1671 1.6319, 0.9591 -2.0375 1.6267, 1.0707 -1.9898 1.6267, 1.0798 -2.0066 1.6319, 1.438 -1.7387 1.6267, 1.7016 -1.4867 1.6267, 1.716 -1.4992 1.6319, 1.8207 -1.3228 1.6267, 1.9397 -1.1589 1.6267, 1.9561 -1.1687 1.6319, 2.2341 -0.2825 1.6267, 2.2596 0.0 1.6267, 2.2787 0.0 1.6319, 2.2341 0.2825 1.7031, 2.2596 0.0 1.7031, 2.2787 0.0 1.698, 2.0979 0.8304 1.7031, 2.1155 0.794 1.7031, 2.1334 0.8007 1.698, 1.438 1.7387 1.7031, 1.7016 1.4867 1.7031, 1.716 1.4992 1.698, 0.9591 2.0375 1.7031, 1.0707 1.9898 1.7031, 1.0798 2.0066 1.698, 0.4217 2.2121 1.7031, 0.6982 2.149 1.7031, 0.7041 2.1671 1.698, -0.1414 2.2519 1.7031, -0.1014 2.2573 1.7031, -0.1022 2.2764 1.698, -1.2092 1.9049 1.7031, -0.8881 2.0777 1.7031, -0.8956 2.0953 1.698, -1.6414 1.5418 1.7031, -1.5615 1.6332 1.7031, -1.5747 1.647 1.698, -1.9735 1.0846 1.7031, -1.828 1.3281 1.7031, -1.8435 1.3394 1.698, -2.1854 0.5613 1.7031, -2.1781 0.6011 1.7031, -2.1965 0.6062 1.698, -2.1854 -0.5613 1.7031, -2.2505 -0.2025 1.7031, -2.2695 -0.2043 1.698, -1.9735 -1.0846 1.7031, -2.0358 -0.9804 1.7031, -2.053 -0.9887 1.698, -1.6414 -1.5418 1.7031, -1.828 -1.3281 1.7031, -1.8435 -1.3394 1.698, -1.2092 -1.9049 1.7031, -1.2448 -1.8858 1.7031, -1.2553 -1.9017 1.698, -0.1414 -2.2519 1.7031, -0.5028 -2.2029 1.7031, -0.507 -2.2215 1.698, 0.4217 -2.2121 1.7031, 0.3033 -2.2391 1.7031, 0.3059 -2.258 1.698, 0.9591 -2.0375 1.7031, 0.6982 -2.149 1.7031, 0.7041 -2.1671 1.698, 1.438 -1.7387 1.7031, 1.4088 -1.7666 1.7031, 1.4207 -1.7815 1.698, 2.0979 -0.8304 1.7031, 1.9397 -1.1589 1.7031, 1.9561 -1.1687 1.698, 2.2341 -0.2825 1.7031, 2.2233 -0.4035 1.7031, 2.242 -0.4069 1.698, 1.7016 -1.4867 1.7031, -0.8881 -2.0777 1.7031, -2.2505 0.2025 1.7031, -0.5028 2.2029 1.7031, 1.9397 1.1589 1.7031, 2.1155 -0.794 1.7031, 2.1334 -0.8007 1.698, 2.1464 -0.8056 1.684, 1.9681 -1.1759 1.684, 2.1512 -0.8074 1.6649, 1.9725 -1.1785 1.6649, 2.1464 -0.8056 1.6458, 1.9681 -1.1759 1.6458, 2.1334 -0.8007 1.6319, -0.1014 -2.2573 1.7031, -0.1022 -2.2764 1.698, -0.1029 -2.2903 1.684, -0.5102 -2.2352 1.684, -0.1031 -2.2954 1.6649, -0.5113 -2.2401 1.6649, -0.1029 -2.2903 1.6458, -0.5102 -2.2352 1.6458, -0.1022 -2.2764 1.6319, -2.1781 -0.6011 1.7031, -2.1965 -0.6062 1.698, -2.21 -0.6099 1.684, -2.2834 -0.2055 1.684, -2.2149 -0.6113 1.6649, -2.2885 -0.206 1.6649, -2.21 -0.6099 1.6458, -2.2834 -0.2055 1.6458, -2.1965 -0.6062 1.6319, -1.2448 1.8858 1.7031, -1.2553 1.9017 1.698, -1.263 1.9134 1.684, -0.9011 2.1081 1.684, -1.2658 1.9176 1.6649, -0.9031 2.1128 1.6649, -1.263 1.9134 1.6458, -0.9011 2.1081 1.6458, -1.2553 1.9017 1.6319, 1.4088 1.7666 1.7031, 1.4207 1.7815 1.698, 1.4294 1.7925 1.684, 1.7265 1.5084 1.684, 1.4326 1.7965 1.6649, 1.7304 1.5118 1.6649, 1.4294 1.7925 1.6458, 1.7265 1.5084 1.6458, 1.4207 1.7815 1.6319, 2.2233 -0.4035 1.6267, 2.242 -0.4069 1.6319, 2.2558 -0.4094 1.6458, 2.2926 0.0 1.6458, 2.2608 -0.4103 1.6649, 2.2978 0.0 1.6649, 2.2558 -0.4094 1.684, 2.2926 0.0 1.684, 2.1155 -0.794 1.6267, 2.0979 -0.8304 1.6267, 1.7265 -1.5084 1.6458, 1.7304 -1.5118 1.6649, 1.7265 -1.5084 1.684, 1.716 -1.4992 1.698, 1.8207 -1.3228 1.7031, 1.4088 -1.7666 1.6267, 1.4207 -1.7815 1.6319, 1.4294 -1.7925 1.6458, 1.4326 -1.7965 1.6649, 1.4294 -1.7925 1.684, 1.0707 -1.9898 1.7031, 1.0798 -2.0066 1.698, 1.0864 -2.0189 1.684, 1.0888 -2.0234 1.6649, 1.0864 -2.0189 1.6458, 0.7085 -2.1804 1.684, 0.71 -2.1853 1.6649, 0.7085 -2.1804 1.6458, 0.3033 -2.2391 1.6267, 0.3059 -2.258 1.6319, 0.3077 -2.2719 1.6458, 0.3084 -2.277 1.6649, 0.3077 -2.2719 1.684, -0.1014 -2.2573 1.6267, -0.1414 -2.2519 1.6267, -0.9011 -2.1081 1.6458, -0.9031 -2.1128 1.6649, -0.9011 -2.1081 1.684, -0.8956 -2.0953 1.698, -0.6954 -2.1403 1.7031, -1.2448 -1.8858 1.6267, -1.2553 -1.9017 1.6319, -1.263 -1.9134 1.6458, -1.2658 -1.9176 1.6649, -1.263 -1.9134 1.684, -1.5615 -1.6332 1.7031, -1.5747 -1.647 1.698, -1.5844 -1.6571 1.684, -1.5879 -1.6608 1.6649, -1.5844 -1.6571 1.6458, -1.8548 -1.3476 1.684, -1.8589 -1.3506 1.6649, -1.8548 -1.3476 1.6458, -2.0358 -0.9804 1.6267, -2.053 -0.9887 1.6319, -2.0656 -0.9947 1.6458, -2.0702 -0.997 1.6649, -2.0656 -0.9947 1.684, -2.1781 -0.6011 1.6267, -2.1854 -0.5613 1.6267, -2.2834 0.2055 1.6458, -2.2885 0.206 1.6649, -2.2834 0.2055 1.684, -2.2695 0.2043 1.698, -2.2596 0.0 1.7031, -2.1781 0.6011 1.6267, -2.1965 0.6062 1.6319, -2.21 0.6099 1.6458, -2.2149 0.6113 1.6649, -2.21 0.6099 1.684, -2.0358 0.9804 1.7031, -2.053 0.9887 1.698, -2.0656 0.9947 1.684, -2.0702 0.997 1.6649, -2.0656 0.9947 1.6458, -1.8548 1.3476 1.684, -1.8589 1.3506 1.6649, -1.8548 1.3476 1.6458, -1.5615 1.6332 1.6267, -1.5747 1.647 1.6319, -1.5844 1.6571 1.6458, -1.5879 1.6608 1.6649, -1.5844 1.6571 1.684, -1.2448 1.8858 1.6267, -1.2092 1.9049 1.6267, -0.5102 2.2352 1.6458, -0.5113 2.2401 1.6649, -0.5102 2.2352 1.684, -0.507 2.2215 1.698, -0.6954 2.1403 1.7031, -0.1014 2.2573 1.6267, -0.1022 2.2764 1.6319, -0.1029 2.2903 1.6458, -0.1031 2.2954 1.6649, -0.1029 2.2903 1.684, 0.3033 2.2391 1.7031, 0.3059 2.258 1.698, 0.3077 2.2719 1.684, 0.3084 2.277 1.6649, 0.3077 2.2719 1.6458, 0.7085 2.1804 1.684, 0.71 2.1853 1.6649, 0.7085 2.1804 1.6458, 1.0707 1.9898 1.6267, 1.0798 2.0066 1.6319, 1.0864 2.0189 1.6458, 1.0888 2.0234 1.6649, 1.0864 2.0189 1.684, 1.4088 1.7666 1.6267, 1.438 1.7387 1.6267, 1.9681 1.1759 1.6458, 1.9725 1.1785 1.6649, 1.9681 1.1759 1.684, 1.9561 1.1687 1.698, 1.8207 1.3228 1.7031, 2.1155 0.794 1.6267, 2.1334 0.8007 1.6319, 2.1464 0.8056 1.6458, 2.1512 0.8074 1.6649, 2.1464 0.8056 1.684, 2.2233 0.4035 1.7031, 2.242 0.4069 1.698, 2.2558 0.4094 1.684, 2.2608 0.4103 1.6649, 2.2558 0.4094 1.6458, 2.2341 0.2825 1.7448, 2.2233 0.4035 1.7448, 2.242 0.4069 1.75, 2.0979 0.8304 1.7448, 1.9397 1.1589 1.7448, 1.9561 1.1687 1.75, 1.8207 1.3228 1.7448, 1.7016 1.4867 1.7448, 1.716 1.4992 1.75, 0.9591 2.0375 1.7448, 0.6982 2.149 1.7448, 0.7041 2.1671 1.75, 0.4217 2.2121 1.7448, 0.3033 2.2391 1.7448, 0.3059 2.258 1.75, -0.1414 2.2519 1.7448, -0.5028 2.2029 1.7448, -0.507 2.2215 1.75, -0.6954 2.1403 1.7448, -0.8881 2.0777 1.7448, -0.8956 2.0953 1.75, -1.6414 1.5418 1.7448, -1.828 1.3281 1.7448, -1.8435 1.3394 1.75, -1.9735 1.0846 1.7448, -2.0358 0.9804 1.7448, -2.053 0.9887 1.75, -2.1854 0.5613 1.7448, -2.2505 0.2025 1.7448, -2.2695 0.2043 1.75, -2.2505 0.0 1.7448, -2.2505 -0.2025 1.7448, -2.2695 -0.2043 1.75, -1.9735 -1.0846 1.7448, -1.828 -1.3281 1.7448, -1.8435 -1.3394 1.75, -1.6414 -1.5418 1.7448, -1.5615 -1.6332 1.7448, -1.5747 -1.647 1.75, -1.2092 -1.9049 1.7448, -0.8881 -2.0777 1.7448, -0.8956 -2.0953 1.75, -0.6954 -2.1403 1.7448, -0.5028 -2.2029 1.7448, -0.507 -2.2215 1.75, 0.4217 -2.2121 1.7448, 0.6982 -2.149 1.7448, 0.7041 -2.1671 1.75, 0.9591 -2.0375 1.7448, 1.0707 -1.9898 1.7448, 1.0798 -2.0066 1.75, 1.438 -1.7387 1.7448, 1.7016 -1.4867 1.7448, 1.716 -1.4992 1.75, 1.8207 -1.3228 1.7448, 1.9397 -1.1589 1.7448, 1.9561 -1.1687 1.75, 2.2341 -0.2825 1.7448, 2.2596 0.0 1.7448, 2.2787 0.0 1.75, 2.2341 0.2825 1.8212, 2.2596 0.0 1.8212, 2.2787 0.0 1.8161, 2.0979 0.8304 1.8212, 2.1155 0.794 1.8212, 2.1334 0.8007 1.8161, 1.438 1.7387 1.8212, 1.7016 1.4867 1.8212, 1.716 1.4992 1.8161, 0.9591 2.0375 1.8212, 1.0707 1.9898 1.8212, 1.0798 2.0066 1.8161, 0.4217 2.2121 1.8212, 0.6982 2.149 1.8212, 0.7041 2.1671 1.8161, -0.1414 2.2519 1.8212, -0.1014 2.2573 1.8212, -0.1022 2.2764 1.8161, -1.2092 1.9049 1.8212, -0.8881 2.0777 1.8212, -0.8956 2.0953 1.8161, -1.6414 1.5418 1.8212, -1.5615 1.6332 1.8212, -1.5747 1.647 1.8161, -1.9735 1.0846 1.8212, -1.828 1.3281 1.8212, -1.8435 1.3394 1.8161, -2.1854 0.5613 1.8212, -2.1781 0.6011 1.8212, -2.1965 0.6062 1.8161, -2.1854 -0.5613 1.8212, -2.2505 -0.2025 1.8212, -2.2695 -0.2043 1.8161, -1.9735 -1.0846 1.8212, -2.0358 -0.9804 1.8212, -2.053 -0.9887 1.8161, -1.6414 -1.5418 1.8212, -1.828 -1.3281 1.8212, -1.8435 -1.3394 1.8161, -1.2092 -1.9049 1.8212, -1.2448 -1.8858 1.8212, -1.2553 -1.9017 1.8161, -0.1414 -2.2519 1.8212, -0.5028 -2.2029 1.8212, -0.507 -2.2215 1.8161, 0.4217 -2.2121 1.8212, 0.3033 -2.2391 1.8212, 0.3059 -2.258 1.8161, 0.9591 -2.0375 1.8212, 0.6982 -2.149 1.8212, 0.7041 -2.1671 1.8161, 1.438 -1.7387 1.8212, 1.4088 -1.7666 1.8212, 1.4207 -1.7815 1.8161, 2.0979 -0.8304 1.8212, 1.9397 -1.1589 1.8212, 1.9561 -1.1687 1.8161, 2.2341 -0.2825 1.8212, 2.2233 -0.4035 1.8212, 2.242 -0.4069 1.8161, 1.7016 -1.4867 1.8212, -0.8881 -2.0777 1.8212, -2.2505 0.2025 1.8212, -0.5028 2.2029 1.8212, 1.9397 1.1589 1.8212, 2.1155 -0.794 1.8212, 2.1334 -0.8007 1.8161, 2.1464 -0.8056 1.8021, 1.9681 -1.1759 1.8021, 2.1512 -0.8074 1.783, 1.9725 -1.1785 1.783, 2.1464 -0.8056 1.7639, 1.9681 -1.1759 1.7639, 2.1334 -0.8007 1.75, -0.1014 -2.2573 1.8212, -0.1022 -2.2764 1.8161, -0.1029 -2.2903 1.8021, -0.5102 -2.2352 1.8021, -0.1031 -2.2954 1.783, -0.5113 -2.2401 1.783, -0.1029 -2.2903 1.7639, -0.5102 -2.2352 1.7639, -0.1022 -2.2764 1.75, -2.1781 -0.6011 1.8212, -2.1965 -0.6062 1.8161, -2.21 -0.6099 1.8021, -2.2834 -0.2055 1.8021, -2.2149 -0.6113 1.783, -2.2885 -0.206 1.783, -2.21 -0.6099 1.7639, -2.2834 -0.2055 1.7639, -2.1965 -0.6062 1.75, -1.2448 1.8858 1.8212, -1.2553 1.9017 1.8161, -1.263 1.9134 1.8021, -0.9011 2.1081 1.8021, -1.2658 1.9176 1.783, -0.9031 2.1128 1.783, -1.263 1.9134 1.7639, -0.9011 2.1081 1.7639, -1.2553 1.9017 1.75, 1.4088 1.7666 1.8212, 1.4207 1.7815 1.8161, 1.4294 1.7925 1.8021, 1.7265 1.5084 1.8021, 1.4326 1.7965 1.783, 1.7304 1.5118 1.783, 1.4294 1.7925 1.7639, 1.7265 1.5084 1.7639, 1.4207 1.7815 1.75, 2.2233 -0.4035 1.7448, 2.242 -0.4069 1.75, 2.2558 -0.4094 1.7639, 2.2926 0.0 1.7639, 2.2608 -0.4103 1.783, 2.2978 0.0 1.783, 2.2558 -0.4094 1.8021, 2.2926 0.0 1.8021, 2.1155 -0.794 1.7448, 2.0979 -0.8304 1.7448, 1.7265 -1.5084 1.7639, 1.7304 -1.5118 1.783, 1.7265 -1.5084 1.8021, 1.716 -1.4992 1.8161, 1.8207 -1.3228 1.8212, 1.4088 -1.7666 1.7448, 1.4207 -1.7815 1.75, 1.4294 -1.7925 1.7639, 1.4326 -1.7965 1.783, 1.4294 -1.7925 1.8021, 1.0707 -1.9898 1.8212, 1.0798 -2.0066 1.8161, 1.0864 -2.0189 1.8021, 1.0888 -2.0234 1.783, 1.0864 -2.0189 1.7639, 0.7085 -2.1804 1.8021, 0.71 -2.1853 1.783, 0.7085 -2.1804 1.7639, 0.3033 -2.2391 1.7448, 0.3059 -2.258 1.75, 0.3077 -2.2719 1.7639, 0.3084 -2.277 1.783, 0.3077 -2.2719 1.8021, -0.1014 -2.2573 1.7448, -0.1414 -2.2519 1.7448, -0.9011 -2.1081 1.7639, -0.9031 -2.1128 1.783, -0.9011 -2.1081 1.8021, -0.8956 -2.0953 1.8161, -0.6954 -2.1403 1.8212, -1.2448 -1.8858 1.7448, -1.2553 -1.9017 1.75, -1.263 -1.9134 1.7639, -1.2658 -1.9176 1.783, -1.263 -1.9134 1.8021, -1.5615 -1.6332 1.8212, -1.5747 -1.647 1.8161, -1.5844 -1.6571 1.8021, -1.5879 -1.6608 1.783, -1.5844 -1.6571 1.7639, -1.8548 -1.3476 1.8021, -1.8589 -1.3506 1.783, -1.8548 -1.3476 1.7639, -2.0358 -0.9804 1.7448, -2.053 -0.9887 1.75, -2.0656 -0.9947 1.7639, -2.0702 -0.997 1.783, -2.0656 -0.9947 1.8021, -2.1781 -0.6011 1.7448, -2.1854 -0.5613 1.7448, -2.2834 0.2055 1.7639, -2.2885 0.206 1.783, -2.2834 0.2055 1.8021, -2.2695 0.2043 1.8161, -2.2596 0.0 1.8212, -2.1781 0.6011 1.7448, -2.1965 0.6062 1.75, -2.21 0.6099 1.7639, -2.2149 0.6113 1.783, -2.21 0.6099 1.8021, -2.0358 0.9804 1.8212, -2.053 0.9887 1.8161, -2.0656 0.9947 1.8021, -2.0702 0.997 1.783, -2.0656 0.9947 1.7639, -1.8548 1.3476 1.8021, -1.8589 1.3506 1.783, -1.8548 1.3476 1.7639, -1.5615 1.6332 1.7448, -1.5747 1.647 1.75, -1.5844 1.6571 1.7639, -1.5879 1.6608 1.783, -1.5844 1.6571 1.8021, -1.2448 1.8858 1.7448, -1.2092 1.9049 1.7448, -0.5102 2.2352 1.7639, -0.5113 2.2401 1.783, -0.5102 2.2352 1.8021, -0.507 2.2215 1.8161, -0.6954 2.1403 1.8212, -0.1014 2.2573 1.7448, -0.1022 2.2764 1.75, -0.1029 2.2903 1.7639, -0.1031 2.2954 1.783, -0.1029 2.2903 1.8021, 0.3033 2.2391 1.8212, 0.3059 2.258 1.8161, 0.3077 2.2719 1.8021, 0.3084 2.277 1.783, 0.3077 2.2719 1.7639, 0.7085 2.1804 1.8021, 0.71 2.1853 1.783, 0.7085 2.1804 1.7639, 1.0707 1.9898 1.7448, 1.0798 2.0066 1.75, 1.0864 2.0189 1.7639, 1.0888 2.0234 1.783, 1.0864 2.0189 1.8021, 1.4088 1.7666 1.7448, 1.438 1.7387 1.7448, 1.9681 1.1759 1.7639, 1.9725 1.1785 1.783, 1.9681 1.1759 1.8021, 1.9561 1.1687 1.8161, 1.8207 1.3228 1.8212, 2.1155 0.794 1.7448, 2.1334 0.8007 1.75, 2.1464 0.8056 1.7639, 2.1512 0.8074 1.783, 2.1464 0.8056 1.8021, 2.2233 0.4035 1.8212, 2.242 0.4069 1.8161, 2.2558 0.4094 1.8021, 2.2608 0.4103 1.783, 2.2558 0.4094 1.7639, 2.2341 0.2825 1.863, 2.2233 0.4035 1.863, 2.242 0.4069 1.8681, 2.0979 0.8304 1.863, 1.9397 1.1589 1.863, 1.9561 1.1687 1.8681, 1.8207 1.3228 1.863, 1.7016 1.4867 1.863, 1.716 1.4992 1.8681, 0.9591 2.0375 1.863, 0.6982 2.149 1.863, 0.7041 2.1671 1.8681, 0.4217 2.2121 1.863, 0.3033 2.2391 1.863, 0.3059 2.258 1.8681, -0.1414 2.2519 1.863, -0.5028 2.2029 1.863, -0.507 2.2215 1.8681, -0.6954 2.1403 1.863, -0.8881 2.0777 1.863, -0.8956 2.0953 1.8681, -1.6414 1.5418 1.863, -1.828 1.3281 1.863, -1.8435 1.3394 1.8681, -1.9735 1.0846 1.863, -2.0358 0.9804 1.863, -2.053 0.9887 1.8681, -2.1854 0.5613 1.863, -2.2505 0.2025 1.863, -2.2695 0.2043 1.8681, -2.2505 0.0 1.863, -2.2505 -0.2025 1.863, -2.2695 -0.2043 1.8681, -1.9735 -1.0846 1.863, -1.828 -1.3281 1.863, -1.8435 -1.3394 1.8681, -1.6414 -1.5418 1.863, -1.5615 -1.6332 1.863, -1.5747 -1.647 1.8681, -1.2092 -1.9049 1.863, -0.8881 -2.0777 1.863, -0.8956 -2.0953 1.8681, -0.6954 -2.1403 1.863, -0.5028 -2.2029 1.863, -0.507 -2.2215 1.8681, 0.4217 -2.2121 1.863, 0.6982 -2.149 1.863, 0.7041 -2.1671 1.8681, 0.9591 -2.0375 1.863, 1.0707 -1.9898 1.863, 1.0798 -2.0066 1.8681, 1.438 -1.7387 1.863, 1.7016 -1.4867 1.863, 1.716 -1.4992 1.8681, 1.8207 -1.3228 1.863, 1.9397 -1.1589 1.863, 1.9561 -1.1687 1.8681, 2.2341 -0.2825 1.863, 2.2596 0.0 1.863, 2.2787 0.0 1.8681, 2.2341 0.2825 1.9393, 2.2596 0.0 1.9393, 2.2787 0.0 1.9342, 2.0979 0.8304 1.9393, 2.1155 0.794 1.9393, 2.1334 0.8007 1.9342, 1.438 1.7387 1.9393, 1.7016 1.4867 1.9393, 1.716 1.4992 1.9342, 0.9591 2.0375 1.9393, 1.0707 1.9898 1.9393, 1.0798 2.0066 1.9342, 0.4217 2.2121 1.9393, 0.6982 2.149 1.9393, 0.7041 2.1671 1.9342, -0.1414 2.2519 1.9393, -0.1014 2.2573 1.9393, -0.1022 2.2764 1.9342, -1.2092 1.9049 1.9393, -0.8881 2.0777 1.9393, -0.8956 2.0953 1.9342, -1.6414 1.5418 1.9393, -1.5615 1.6332 1.9393, -1.5747 1.647 1.9342, -1.9735 1.0846 1.9393, -1.828 1.3281 1.9393, -1.8435 1.3394 1.9342, -2.1854 0.5613 1.9393, -2.1781 0.6011 1.9393, -2.1965 0.6062 1.9342, -2.1854 -0.5613 1.9393, -2.2505 -0.2025 1.9393, -2.2695 -0.2043 1.9342, -1.9735 -1.0846 1.9393, -2.0358 -0.9804 1.9393, -2.053 -0.9887 1.9342, -1.6414 -1.5418 1.9393, -1.828 -1.3281 1.9393, -1.8435 -1.3394 1.9342, -1.2092 -1.9049 1.9393, -1.2448 -1.8858 1.9393, -1.2553 -1.9017 1.9342, -0.1414 -2.2519 1.9393, -0.5028 -2.2029 1.9393, -0.507 -2.2215 1.9342, 0.4217 -2.2121 1.9393, 0.3033 -2.2391 1.9393, 0.3059 -2.258 1.9342, 0.9591 -2.0375 1.9393, 0.6982 -2.149 1.9393, 0.7041 -2.1671 1.9342, 1.438 -1.7387 1.9393, 1.4088 -1.7666 1.9393, 1.4207 -1.7815 1.9342, 2.0979 -0.8304 1.9393, 1.9397 -1.1589 1.9393, 1.9561 -1.1687 1.9342, 2.2341 -0.2825 1.9393, 2.2233 -0.4035 1.9393, 2.242 -0.4069 1.9342, 1.7016 -1.4867 1.9393, -0.8881 -2.0777 1.9393, -2.2505 0.2025 1.9393, -0.5028 2.2029 1.9393, 1.9397 1.1589 1.9393, 2.1155 -0.794 1.9393, 2.1334 -0.8007 1.9342, 2.1464 -0.8056 1.9202, 1.9681 -1.1759 1.9202, 2.1512 -0.8074 1.9011, 1.9725 -1.1785 1.9011, 2.1464 -0.8056 1.8821, 1.9681 -1.1759 1.8821, 2.1334 -0.8007 1.8681, -0.1014 -2.2573 1.9393, -0.1022 -2.2764 1.9342, -0.1029 -2.2903 1.9202, -0.5102 -2.2352 1.9202, -0.1031 -2.2954 1.9011, -0.5113 -2.2401 1.9011, -0.1029 -2.2903 1.8821, -0.5102 -2.2352 1.8821, -0.1022 -2.2764 1.8681, -2.1781 -0.6011 1.9393, -2.1965 -0.6062 1.9342, -2.21 -0.6099 1.9202, -2.2834 -0.2055 1.9202, -2.2149 -0.6113 1.9011, -2.2885 -0.206 1.9011, -2.21 -0.6099 1.8821, -2.2834 -0.2055 1.8821, -2.1965 -0.6062 1.8681, -1.2448 1.8858 1.9393, -1.2553 1.9017 1.9342, -1.263 1.9134 1.9202, -0.9011 2.1081 1.9202, -1.2658 1.9176 1.9011, -0.9031 2.1128 1.9011, -1.263 1.9134 1.8821, -0.9011 2.1081 1.8821, -1.2553 1.9017 1.8681, 1.4088 1.7666 1.9393, 1.4207 1.7815 1.9342, 1.4294 1.7925 1.9202, 1.7265 1.5084 1.9202, 1.4326 1.7965 1.9011, 1.7304 1.5118 1.9011, 1.4294 1.7925 1.8821, 1.7265 1.5084 1.8821, 1.4207 1.7815 1.8681, 2.2233 -0.4035 1.863, 2.242 -0.4069 1.8681, 2.2558 -0.4094 1.8821, 2.2926 0.0 1.8821, 2.2608 -0.4103 1.9011, 2.2978 0.0 1.9011, 2.2558 -0.4094 1.9202, 2.2926 0.0 1.9202, 2.1155 -0.794 1.863, 2.0979 -0.8304 1.863, 1.7265 -1.5084 1.8821, 1.7304 -1.5118 1.9011, 1.7265 -1.5084 1.9202, 1.716 -1.4992 1.9342, 1.8207 -1.3228 1.9393, 1.4088 -1.7666 1.863, 1.4207 -1.7815 1.8681, 1.4294 -1.7925 1.8821, 1.4326 -1.7965 1.9011, 1.4294 -1.7925 1.9202, 1.0707 -1.9898 1.9393, 1.0798 -2.0066 1.9342, 1.0864 -2.0189 1.9202, 1.0888 -2.0234 1.9011, 1.0864 -2.0189 1.8821, 0.7085 -2.1804 1.9202, 0.71 -2.1853 1.9011, 0.7085 -2.1804 1.8821, 0.3033 -2.2391 1.863, 0.3059 -2.258 1.8681, 0.3077 -2.2719 1.8821, 0.3084 -2.277 1.9011, 0.3077 -2.2719 1.9202, -0.1014 -2.2573 1.863, -0.1414 -2.2519 1.863, -0.9011 -2.1081 1.8821, -0.9031 -2.1128 1.9011, -0.9011 -2.1081 1.9202, -0.8956 -2.0953 1.9342, -0.6954 -2.1403 1.9393, -1.2448 -1.8858 1.863, -1.2553 -1.9017 1.8681, -1.263 -1.9134 1.8821, -1.2658 -1.9176 1.9011, -1.263 -1.9134 1.9202, -1.5615 -1.6332 1.9393, -1.5747 -1.647 1.9342, -1.5844 -1.6571 1.9202, -1.5879 -1.6608 1.9011, -1.5844 -1.6571 1.8821, -1.8548 -1.3476 1.9202, -1.8589 -1.3506 1.9011, -1.8548 -1.3476 1.8821, -2.0358 -0.9804 1.863, -2.053 -0.9887 1.8681, -2.0656 -0.9947 1.8821, -2.0702 -0.997 1.9011, -2.0656 -0.9947 1.9202, -2.1781 -0.6011 1.863, -2.1854 -0.5613 1.863, -2.2834 0.2055 1.8821, -2.2885 0.206 1.9011, -2.2834 0.2055 1.9202, -2.2695 0.2043 1.9342, -2.2596 0.0 1.9393, -2.1781 0.6011 1.863, -2.1965 0.6062 1.8681, -2.21 0.6099 1.8821, -2.2149 0.6113 1.9011, -2.21 0.6099 1.9202, -2.0358 0.9804 1.9393, -2.053 0.9887 1.9342, -2.0656 0.9947 1.9202, -2.0702 0.997 1.9011, -2.0656 0.9947 1.8821, -1.8548 1.3476 1.9202, -1.8589 1.3506 1.9011, -1.8548 1.3476 1.8821, -1.5615 1.6332 1.863, -1.5747 1.647 1.8681, -1.5844 1.6571 1.8821, -1.5879 1.6608 1.9011, -1.5844 1.6571 1.9202, -1.2448 1.8858 1.863, -1.2092 1.9049 1.863, -0.5102 2.2352 1.8821, -0.5113 2.2401 1.9011, -0.5102 2.2352 1.9202, -0.507 2.2215 1.9342, -0.6954 2.1403 1.9393, -0.1014 2.2573 1.863, -0.1022 2.2764 1.8681, -0.1029 2.2903 1.8821, -0.1031 2.2954 1.9011, -0.1029 2.2903 1.9202, 0.3033 2.2391 1.9393, 0.3059 2.258 1.9342, 0.3077 2.2719 1.9202, 0.3084 2.277 1.9011, 0.3077 2.2719 1.8821, 0.7085 2.1804 1.9202, 0.71 2.1853 1.9011, 0.7085 2.1804 1.8821, 1.0707 1.9898 1.863, 1.0798 2.0066 1.8681, 1.0864 2.0189 1.8821, 1.0888 2.0234 1.9011, 1.0864 2.0189 1.9202, 1.4088 1.7666 1.863, 1.438 1.7387 1.863, 1.9681 1.1759 1.8821, 1.9725 1.1785 1.9011, 1.9681 1.1759 1.9202, 1.9561 1.1687 1.9342, 1.8207 1.3228 1.9393, 2.1155 0.794 1.863, 2.1334 0.8007 1.8681, 2.1464 0.8056 1.8821, 2.1512 0.8074 1.9011, 2.1464 0.8056 1.9202, 2.2233 0.4035 1.9393, 2.242 0.4069 1.9342, 2.2558 0.4094 1.9202, 2.2608 0.4103 1.9011, 2.2558 0.4094 1.8821, 2.2341 0.2825 1.9811, 2.2233 0.4035 1.9811, 2.242 0.4069 1.9862, 2.0979 0.8304 1.9811, 1.9397 1.1589 1.9811, 1.9561 1.1687 1.9862, 1.8207 1.3228 1.9811, 1.7016 1.4867 1.9811, 1.716 1.4992 1.9862, 0.9591 2.0375 1.9811, 0.6982 2.149 1.9811, 0.7041 2.1671 1.9862, 0.4217 2.2121 1.9811, 0.3033 2.2391 1.9811, 0.3059 2.258 1.9862, -0.1414 2.2519 1.9811, -0.5028 2.2029 1.9811, -0.507 2.2215 1.9862, -0.6954 2.1403 1.9811, -0.8881 2.0777 1.9811, -0.8956 2.0953 1.9862, -1.6414 1.5418 1.9811, -1.828 1.3281 1.9811, -1.8435 1.3394 1.9862, -1.9735 1.0846 1.9811, -2.0358 0.9804 1.9811, -2.053 0.9887 1.9862, -2.1854 0.5613 1.9811, -2.2505 0.2025 1.9811, -2.2695 0.2043 1.9862, -2.2505 0.0 1.9811, -2.2505 -0.2025 1.9811, -2.2695 -0.2043 1.9862, -1.9735 -1.0846 1.9811, -1.828 -1.3281 1.9811, -1.8435 -1.3394 1.9862, -1.6414 -1.5418 1.9811, -1.5615 -1.6332 1.9811, -1.5747 -1.647 1.9862, -1.2092 -1.9049 1.9811, -0.8881 -2.0777 1.9811, -0.8956 -2.0953 1.9862, -0.6954 -2.1403 1.9811, -0.5028 -2.2029 1.9811, -0.507 -2.2215 1.9862, 0.4217 -2.2121 1.9811, 0.6982 -2.149 1.9811, 0.7041 -2.1671 1.9862, 0.9591 -2.0375 1.9811, 1.0707 -1.9898 1.9811, 1.0798 -2.0066 1.9862, 1.438 -1.7387 1.9811, 1.7016 -1.4867 1.9811, 1.716 -1.4992 1.9862, 1.8207 -1.3228 1.9811, 1.9397 -1.1589 1.9811, 1.9561 -1.1687 1.9862, 2.2341 -0.2825 1.9811, 2.2596 0.0 1.9811, 2.2787 0.0 1.9862, 2.2341 0.2825 2.0574, 2.2596 0.0 2.0574, 2.2787 0.0 2.0523, 2.0979 0.8304 2.0574, 2.1155 0.794 2.0574, 2.1334 0.8007 2.0523, 1.438 1.7387 2.0574, 1.7016 1.4867 2.0574, 1.716 1.4992 2.0523, 0.9591 2.0375 2.0574, 1.0707 1.9898 2.0574, 1.0798 2.0066 2.0523, 0.4217 2.2121 2.0574, 0.6982 2.149 2.0574, 0.7041 2.1671 2.0523, -0.1414 2.2519 2.0574, -0.1014 2.2573 2.0574, -0.1022 2.2764 2.0523, -1.2092 1.9049 2.0574, -0.8881 2.0777 2.0574, -0.8956 2.0953 2.0523, -1.6414 1.5418 2.0574, -1.5615 1.6332 2.0574, -1.5747 1.647 2.0523, -1.9735 1.0846 2.0574, -1.828 1.3281 2.0574, -1.8435 1.3394 2.0523, -2.1854 0.5613 2.0574, -2.1781 0.6011 2.0574, -2.1965 0.6062 2.0523, -2.1854 -0.5613 2.0574, -2.2505 -0.2025 2.0574, -2.2695 -0.2043 2.0523, -1.9735 -1.0846 2.0574, -2.0358 -0.9804 2.0574, -2.053 -0.9887 2.0523, -1.6414 -1.5418 2.0574, -1.828 -1.3281 2.0574, -1.8435 -1.3394 2.0523, -1.2092 -1.9049 2.0574, -1.2448 -1.8858 2.0574, -1.2553 -1.9017 2.0523, -0.1414 -2.2519 2.0574, -0.5028 -2.2029 2.0574, -0.507 -2.2215 2.0523, 0.4217 -2.2121 2.0574, 0.3033 -2.2391 2.0574, 0.3059 -2.258 2.0523, 0.9591 -2.0375 2.0574, 0.6982 -2.149 2.0574, 0.7041 -2.1671 2.0523, 1.438 -1.7387 2.0574, 1.4088 -1.7666 2.0574, 1.4207 -1.7815 2.0523, 2.0979 -0.8304 2.0574, 1.9397 -1.1589 2.0574, 1.9561 -1.1687 2.0523, 2.2341 -0.2825 2.0574, 2.2233 -0.4035 2.0574, 2.242 -0.4069 2.0523, 1.7016 -1.4867 2.0574, -0.8881 -2.0777 2.0574, -2.2505 0.2025 2.0574, -0.5028 2.2029 2.0574, 1.9397 1.1589 2.0574, 2.1155 -0.794 2.0574, 2.1334 -0.8007 2.0523, 2.1464 -0.8056 2.0383, 1.9681 -1.1759 2.0383, 2.1512 -0.8074 2.0193, 1.9725 -1.1785 2.0193, 2.1464 -0.8056 2.0002, 1.9681 -1.1759 2.0002, 2.1334 -0.8007 1.9862, -0.1014 -2.2573 2.0574, -0.1022 -2.2764 2.0523, -0.1029 -2.2903 2.0383, -0.5102 -2.2352 2.0383, -0.1031 -2.2954 2.0193, -0.5113 -2.2401 2.0193, -0.1029 -2.2903 2.0002, -0.5102 -2.2352 2.0002, -0.1022 -2.2764 1.9862, -2.1781 -0.6011 2.0574, -2.1965 -0.6062 2.0523, -2.21 -0.6099 2.0383, -2.2834 -0.2055 2.0383, -2.2149 -0.6113 2.0193, -2.2885 -0.206 2.0193, -2.21 -0.6099 2.0002, -2.2834 -0.2055 2.0002, -2.1965 -0.6062 1.9862, -1.2448 1.8858 2.0574, -1.2553 1.9017 2.0523, -1.263 1.9134 2.0383, -0.9011 2.1081 2.0383, -1.2658 1.9176 2.0193, -0.9031 2.1128 2.0193, -1.263 1.9134 2.0002, -0.9011 2.1081 2.0002, -1.2553 1.9017 1.9862, 1.4088 1.7666 2.0574, 1.4207 1.7815 2.0523, 1.4294 1.7925 2.0383, 1.7265 1.5084 2.0383, 1.4326 1.7965 2.0193, 1.7304 1.5118 2.0193, 1.4294 1.7925 2.0002, 1.7265 1.5084 2.0002, 1.4207 1.7815 1.9862, 2.2233 -0.4035 1.9811, 2.242 -0.4069 1.9862, 2.2558 -0.4094 2.0002, 2.2926 0.0 2.0002, 2.2608 -0.4103 2.0193, 2.2978 0.0 2.0193, 2.2558 -0.4094 2.0383, 2.2926 0.0 2.0383, 2.1155 -0.794 1.9811, 2.0979 -0.8304 1.9811, 1.7265 -1.5084 2.0002, 1.7304 -1.5118 2.0193, 1.7265 -1.5084 2.0383, 1.716 -1.4992 2.0523, 1.8207 -1.3228 2.0574, 1.4088 -1.7666 1.9811, 1.4207 -1.7815 1.9862, 1.4294 -1.7925 2.0002, 1.4326 -1.7965 2.0193, 1.4294 -1.7925 2.0383, 1.0707 -1.9898 2.0574, 1.0798 -2.0066 2.0523, 1.0864 -2.0189 2.0383, 1.0888 -2.0234 2.0193, 1.0864 -2.0189 2.0002, 0.7085 -2.1804 2.0383, 0.71 -2.1853 2.0193, 0.7085 -2.1804 2.0002, 0.3033 -2.2391 1.9811, 0.3059 -2.258 1.9862, 0.3077 -2.2719 2.0002, 0.3084 -2.277 2.0193, 0.3077 -2.2719 2.0383, -0.1014 -2.2573 1.9811, -0.1414 -2.2519 1.9811, -0.9011 -2.1081 2.0002, -0.9031 -2.1128 2.0193, -0.9011 -2.1081 2.0383, -0.8956 -2.0953 2.0523, -0.6954 -2.1403 2.0574, -1.2448 -1.8858 1.9811, -1.2553 -1.9017 1.9862, -1.263 -1.9134 2.0002, -1.2658 -1.9176 2.0193, -1.263 -1.9134 2.0383, -1.5615 -1.6332 2.0574, -1.5747 -1.647 2.0523, -1.5844 -1.6571 2.0383, -1.5879 -1.6608 2.0193, -1.5844 -1.6571 2.0002, -1.8548 -1.3476 2.0383, -1.8589 -1.3506 2.0193, -1.8548 -1.3476 2.0002, -2.0358 -0.9804 1.9811, -2.053 -0.9887 1.9862, -2.0656 -0.9947 2.0002, -2.0702 -0.997 2.0193, -2.0656 -0.9947 2.0383, -2.1781 -0.6011 1.9811, -2.1854 -0.5613 1.9811, -2.2834 0.2055 2.0002, -2.2885 0.206 2.0193, -2.2834 0.2055 2.0383, -2.2695 0.2043 2.0523, -2.2596 0.0 2.0574, -2.1781 0.6011 1.9811, -2.1965 0.6062 1.9862, -2.21 0.6099 2.0002, -2.2149 0.6113 2.0193, -2.21 0.6099 2.0383, -2.0358 0.9804 2.0574, -2.053 0.9887 2.0523, -2.0656 0.9947 2.0383, -2.0702 0.997 2.0193, -2.0656 0.9947 2.0002, -1.8548 1.3476 2.0383, -1.8589 1.3506 2.0193, -1.8548 1.3476 2.0002, -1.5615 1.6332 1.9811, -1.5747 1.647 1.9862, -1.5844 1.6571 2.0002, -1.5879 1.6608 2.0193, -1.5844 1.6571 2.0383, -1.2448 1.8858 1.9811, -1.2092 1.9049 1.9811, -0.5102 2.2352 2.0002, -0.5113 2.2401 2.0193, -0.5102 2.2352 2.0383, -0.507 2.2215 2.0523, -0.6954 2.1403 2.0574, -0.1014 2.2573 1.9811, -0.1022 2.2764 1.9862, -0.1029 2.2903 2.0002, -0.1031 2.2954 2.0193, -0.1029 2.2903 2.0383, 0.3033 2.2391 2.0574, 0.3059 2.258 2.0523, 0.3077 2.2719 2.0383, 0.3084 2.277 2.0193, 0.3077 2.2719 2.0002, 0.7085 2.1804 2.0383, 0.71 2.1853 2.0193, 0.7085 2.1804 2.0002, 1.0707 1.9898 1.9811, 1.0798 2.0066 1.9862, 1.0864 2.0189 2.0002, 1.0888 2.0234 2.0193, 1.0864 2.0189 2.0383, 1.4088 1.7666 1.9811, 1.438 1.7387 1.9811, 1.9681 1.1759 2.0002, 1.9725 1.1785 2.0193, 1.9681 1.1759 2.0383, 1.9561 1.1687 2.0523, 1.8207 1.3228 2.0574, 2.1155 0.794 1.9811, 2.1334 0.8007 1.9862, 2.1464 0.8056 2.0002, 2.1512 0.8074 2.0193, 2.1464 0.8056 2.0383, 2.2233 0.4035 2.0574, 2.242 0.4069 2.0523, 2.2558 0.4094 2.0383, 2.2608 0.4103 2.0193, 2.2558 0.4094 2.0002, 2.2341 0.2825 2.0992, 2.2233 0.4035 2.0992, 2.2406 0.4066 2.1035, 2.0979 0.8304 2.0992, 1.9397 1.1589 2.0992, 1.9548 1.168 2.1035, 1.8207 1.3228 2.0992, 1.7016 1.4867 2.0992, 1.7149 1.4982 2.1035, 0.9591 2.0375 2.0992, 0.6982 2.149 2.0992, 0.7037 2.1657 2.1035, 0.4217 2.2121 2.0992, 0.3033 2.2391 2.0992, 0.3057 2.2565 2.1035, -0.1414 2.2519 2.0992, -0.5028 2.2029 2.0992, -0.5067 2.2201 2.1035, -0.6954 2.1403 2.0992, -0.8881 2.0777 2.0992, -0.895 2.0939 2.1035, -1.6414 1.5418 2.0992, -1.828 1.3281 2.0992, -1.8423 1.3385 2.1035, -1.9735 1.0846 2.0992, -2.0358 0.9804 2.0992, -2.0516 0.988 2.1035, -2.1854 0.5613 2.0992, -2.2505 0.2025 2.0992, -2.268 0.2041 2.1035, -2.2505 0.0 2.0992, -2.2505 -0.2025 2.0992, -2.268 -0.2041 2.1035, -1.9735 -1.0846 2.0992, -1.828 -1.3281 2.0992, -1.8423 -1.3385 2.1035, -1.6414 -1.5418 2.0992, -1.5615 -1.6332 2.0992, -1.5737 -1.6459 2.1035, -1.2092 -1.9049 2.0992, -0.8881 -2.0777 2.0992, -0.895 -2.0939 2.1035, -0.6954 -2.1403 2.0992, -0.5028 -2.2029 2.0992, -0.5067 -2.2201 2.1035, 0.4217 -2.2121 2.0992, 0.6982 -2.149 2.0992, 0.7037 -2.1657 2.1035, 0.9591 -2.0375 2.0992, 1.0707 -1.9898 2.0992, 1.0791 -2.0053 2.1035, 1.438 -1.7387 2.0992, 1.7016 -1.4867 2.0992, 1.7149 -1.4982 2.1035, 1.8207 -1.3228 2.0992, 1.9397 -1.1589 2.0992, 1.9548 -1.168 2.1035, 2.2341 -0.2825 2.0992, 2.2596 0.0 2.0992, 2.2772 0.0 2.1035, 2.1398 -0.8031 2.1654, 1.962 -1.1723 2.1654, 2.1491 -0.8066 2.1502, 1.9706 -1.1774 2.1502, 2.1509 -0.8073 2.1322, 1.9722 -1.1783 2.1322, 2.1447 -0.8049 2.1154, 1.9665 -1.1749 2.1154, 2.132 -0.8001 2.1035, -0.1025 -2.2832 2.1654, -0.5086 -2.2282 2.1654, -0.103 -2.2932 2.1502, -0.5108 -2.238 2.1502, -0.1031 -2.2951 2.1322, -0.5112 -2.2398 2.1322, -0.1028 -2.2885 2.1154, -0.5097 -2.2334 2.1154, -0.1022 -2.2749 2.1035, -2.2032 -0.608 2.1654, -2.2763 -0.2049 2.1654, -2.2128 -0.6107 2.1502, -2.2863 -0.2058 2.1502, -2.2146 -0.6112 2.1322, -2.2882 -0.2059 2.1322, -2.2082 -0.6094 2.1154, -2.2816 -0.2053 2.1154, -2.1951 -0.6058 2.1035, -1.2591 1.9075 2.1654, -0.8983 2.1016 2.1654, -1.2646 1.9158 2.1502, -0.9022 2.1108 2.1502, -1.2656 1.9174 2.1322, -0.9029 2.1125 2.1322, -1.262 1.9118 2.1154, -0.9003 2.1064 2.1154, -1.2545 1.9005 2.1035, 1.425 1.7869 2.1654, 1.7212 1.5037 2.1654, 1.4312 1.7947 2.1502, 1.7287 1.5103 2.1502, 1.4324 1.7962 2.1322, 1.7301 1.5116 2.1322, 1.4283 1.791 2.1154, 1.7251 1.5072 2.1154, 1.4198 1.7804 2.1035, 2.2233 -0.4035 2.0992, 2.2406 -0.4066 2.1035, 2.254 -0.409 2.1154, 2.2908 0.0 2.1154, 2.2605 -0.4102 2.1322, 2.2974 0.0 2.1322, 2.2586 -0.4099 2.1502, 2.2955 0.0 2.1502, 2.2488 -0.4081 2.1654, 2.2855 0.0 2.1654, 2.1155 -0.794 2.0992, 2.0979 -0.8304 2.0992, 1.7251 -1.5072 2.1154, 1.7301 -1.5116 2.1322, 1.7287 -1.5103 2.1502, 1.7212 -1.5037 2.1654, 1.4088 -1.7666 2.0992, 1.4198 -1.7804 2.1035, 1.4283 -1.791 2.1154, 1.4324 -1.7962 2.1322, 1.4312 -1.7947 2.1502, 1.425 -1.7869 2.1654, 1.083 -2.0126 2.1654, 1.0878 -2.0214 2.1502, 1.0887 -2.0231 2.1322, 1.0855 -2.0173 2.1154, 0.7063 -2.1737 2.1654, 0.7094 -2.1832 2.1502, 0.7099 -2.185 2.1322, 0.7079 -2.1787 2.1154, 0.3033 -2.2391 2.0992, 0.3057 -2.2565 2.1035, 0.3075 -2.2701 2.1154, 0.3084 -2.2766 2.1322, 0.3081 -2.2747 2.1502, 0.3068 -2.2649 2.1654, -0.1014 -2.2573 2.0992, -0.1414 -2.2519 2.0992, -0.9003 -2.1064 2.1154, -0.9029 -2.1125 2.1322, -0.9022 -2.1108 2.1502, -0.8983 -2.1016 2.1654, -1.2448 -1.8858 2.0992, -1.2545 -1.9005 2.1035, -1.262 -1.9118 2.1154, -1.2656 -1.9174 2.1322, -1.2646 -1.9158 2.1502, -1.2591 -1.9075 2.1654, -1.5795 -1.652 2.1654, -1.5863 -1.6592 2.1502, -1.5877 -1.6606 2.1322, -1.5831 -1.6558 2.1154, -1.849 -1.3434 2.1654, -1.8571 -1.3493 2.1502, -1.8586 -1.3504 2.1322, -1.8533 -1.3465 2.1154, -2.0358 -0.9804 2.0992, -2.0516 -0.988 2.1035, -2.0639 -0.9939 2.1154, -2.0699 -0.9968 2.1322, -2.0682 -0.996 2.1502, -2.0592 -0.9917 2.1654, -2.1781 -0.6011 2.0992, -2.1854 -0.5613 2.0992, -2.2816 0.2053 2.1154, -2.2882 0.2059 2.1322, -2.2863 0.2058 2.1502, -2.2763 0.2049 2.1654, -2.1781 0.6011 2.0992, -2.1951 0.6058 2.1035, -2.2082 0.6094 2.1154, -2.2146 0.6112 2.1322, -2.2128 0.6107 2.1502, -2.2032 0.608 2.1654, -2.0592 0.9917 2.1654, -2.0682 0.996 2.1502, -2.0699 0.9968 2.1322, -2.0639 0.9939 2.1154, -1.849 1.3434 2.1654, -1.8571 1.3493 2.1502, -1.8586 1.3504 2.1322, -1.8533 1.3465 2.1154, -1.5615 1.6332 2.0992, -1.5737 1.6459 2.1035, -1.5831 1.6558 2.1154, -1.5877 1.6606 2.1322, -1.5863 1.6592 2.1502, -1.5795 1.652 2.1654, -1.2448 1.8858 2.0992, -1.2092 1.9049 2.0992, -0.5097 2.2334 2.1154, -0.5112 2.2398 2.1322, -0.5108 2.238 2.1502, -0.5086 2.2282 2.1654, -0.1014 2.2573 2.0992, -0.1022 2.2749 2.1035, -0.1028 2.2885 2.1154, -0.1031 2.2951 2.1322, -0.103 2.2932 2.1502, -0.1025 2.2832 2.1654, 0.3068 2.2649 2.1654, 0.3081 2.2747 2.1502, 0.3084 2.2766 2.1322, 0.3075 2.2701 2.1154, 0.7063 2.1737 2.1654, 0.7094 2.1832 2.1502, 0.7099 2.185 2.1322, 0.7079 2.1787 2.1154, 1.0707 1.9898 2.0992, 1.0791 2.0053 2.1035, 1.0855 2.0173 2.1154, 1.0887 2.0231 2.1322, 1.0878 2.0214 2.1502, 1.083 2.0126 2.1654, 1.4088 1.7666 2.0992, 1.438 1.7387 2.0992, 1.962 1.1723 2.1654, 1.9706 1.1774 2.1502, 1.9722 1.1783 2.1322, 1.9665 1.1749 2.1154, 2.1155 0.794 2.0992, 2.132 0.8001 2.1035, 2.1447 0.8049 2.1154, 2.1509 0.8073 2.1322, 2.1491 0.8066 2.1502, 2.1398 0.8031 2.1654, 2.2488 0.4081 2.1654, 2.2586 0.4099 2.1502, 2.2605 0.4102 2.1322, 2.254 0.409 2.1154
            ]
        }
        coordIndex [
            0,1,2,-1,3,4,5,-1,6,7,8,-1,9,10,11,-1,12,13,14,-1,15,16,17,-1,18,19,20,-1,21,22,23,-1,24,25,26,-1,27,28,29,-1,30,31,32,-1,33,34,35,-1,36,37,38,-1,39,40,41,-1,42,43,44,-1,45,46,47,-1,48,49,50,-1,51,52,53,-1,54,55,56,-1,57,58,59,-1,60,61,62,-1,63,64,65,-1,66,67,68,-1,69,70,71,-1,72,73,74,-1,75,76,77,-1,78,79,80,-1,81,82,83,-1,84,85,86,-1,87,88,89,-1,90,91,92,-1,93,94,95,-1,96,97,98,-1,99,100,101,-1,102,103,104,-1,105,106,107,-1,108,109,110,-1,111,112,113,-1,114,115,116,-1,117,118,119,-1,111,113,120,-1,99,101,121,-1,87,89,122,-1,75,77,123,-1,63,65,124,-1,125,114,126,-1,126,114,116,-1,126,116,127,-1,127,116,128,-1,127,128,129,-1,129,128,130,-1,129,130,131,-1,131,130,132,-1,131,132,133,-1,133,132,56,-1,134,102,135,-1,135,102,104,-1,135,104,136,-1,136,104,137,-1,136,137,138,-1,138,137,139,-1,138,139,140,-1,140,139,141,-1,140,141,142,-1,142,141,44,-1,143,90,144,-1,144,90,92,-1,144,92,145,-1,145,92,146,-1,145,146,147,-1,147,146,148,-1,147,148,149,-1,149,148,150,-1,149,150,151,-1,151,150,32,-1,152,78,153,-1,153,78,80,-1,153,80,154,-1,154,80,155,-1,154,155,156,-1,156,155,157,-1,156,157,158,-1,158,157,159,-1,158,159,160,-1,160,159,20,-1,161,66,162,-1,162,66,68,-1,162,68,163,-1,163,68,164,-1,163,164,165,-1,165,164,166,-1,165,166,167,-1,167,166,168,-1,167,168,169,-1,169,168,8,-1,170,57,171,-1,171,57,59,-1,171,59,172,-1,172,59,173,-1,172,173,174,-1,174,173,175,-1,174,175,176,-1,176,175,177,-1,176,177,119,-1,119,177,62,-1,119,62,117,-1,117,62,61,-1,118,125,119,-1,119,125,126,-1,119,126,176,-1,176,126,127,-1,176,127,174,-1,174,127,129,-1,174,129,172,-1,172,129,131,-1,172,131,171,-1,171,131,133,-1,171,133,170,-1,170,133,178,-1,56,55,133,-1,133,55,179,-1,133,179,178,-1,52,54,53,-1,53,54,56,-1,53,56,180,-1,180,56,132,-1,180,132,181,-1,181,132,130,-1,181,130,182,-1,182,130,128,-1,182,128,183,-1,183,128,116,-1,183,116,184,-1,184,116,115,-1,185,51,186,-1,186,51,53,-1,186,53,187,-1,187,53,180,-1,187,180,188,-1,188,180,181,-1,188,181,189,-1,189,181,182,-1,189,182,113,-1,113,182,183,-1,113,183,120,-1,120,183,184,-1,112,190,113,-1,113,190,191,-1,113,191,189,-1,189,191,192,-1,189,192,188,-1,188,192,193,-1,188,193,187,-1,187,193,194,-1,187,194,186,-1,186,194,50,-1,186,50,185,-1,185,50,49,-1,190,108,191,-1,191,108,110,-1,191,110,192,-1,192,110,195,-1,192,195,193,-1,193,195,196,-1,193,196,194,-1,194,196,197,-1,194,197,50,-1,50,197,47,-1,50,47,48,-1,48,47,46,-1,198,45,199,-1,199,45,47,-1,199,47,200,-1,200,47,197,-1,200,197,201,-1,201,197,196,-1,201,196,202,-1,202,196,195,-1,202,195,107,-1,107,195,110,-1,107,110,105,-1,105,110,109,-1,106,134,107,-1,107,134,135,-1,107,135,202,-1,202,135,136,-1,202,136,201,-1,201,136,138,-1,201,138,200,-1,200,138,140,-1,200,140,199,-1,199,140,142,-1,199,142,198,-1,198,142,203,-1,44,43,142,-1,142,43,204,-1,142,204,203,-1,40,42,41,-1,41,42,44,-1,41,44,205,-1,205,44,141,-1,205,141,206,-1,206,141,139,-1,206,139,207,-1,207,139,137,-1,207,137,208,-1,208,137,104,-1,208,104,209,-1,209,104,103,-1,210,39,211,-1,211,39,41,-1,211,41,212,-1,212,41,205,-1,212,205,213,-1,213,205,206,-1,213,206,214,-1,214,206,207,-1,214,207,101,-1,101,207,208,-1,101,208,121,-1,121,208,209,-1,100,215,101,-1,101,215,216,-1,101,216,214,-1,214,216,217,-1,214,217,213,-1,213,217,218,-1,213,218,212,-1,212,218,219,-1,212,219,211,-1,211,219,38,-1,211,38,210,-1,210,38,37,-1,215,96,216,-1,216,96,98,-1,216,98,217,-1,217,98,220,-1,217,220,218,-1,218,220,221,-1,218,221,219,-1,219,221,222,-1,219,222,38,-1,38,222,35,-1,38,35,36,-1,36,35,34,-1,223,33,224,-1,224,33,35,-1,224,35,225,-1,225,35,222,-1,225,222,226,-1,226,222,221,-1,226,221,227,-1,227,221,220,-1,227,220,95,-1,95,220,98,-1,95,98,93,-1,93,98,97,-1,94,143,95,-1,95,143,144,-1,95,144,227,-1,227,144,145,-1,227,145,226,-1,226,145,147,-1,226,147,225,-1,225,147,149,-1,225,149,224,-1,224,149,151,-1,224,151,223,-1,223,151,228,-1,32,31,151,-1,151,31,229,-1,151,229,228,-1,28,30,29,-1,29,30,32,-1,29,32,230,-1,230,32,150,-1,230,150,231,-1,231,150,148,-1,231,148,232,-1,232,148,146,-1,232,146,233,-1,233,146,92,-1,233,92,234,-1,234,92,91,-1,235,27,236,-1,236,27,29,-1,236,29,237,-1,237,29,230,-1,237,230,238,-1,238,230,231,-1,238,231,239,-1,239,231,232,-1,239,232,89,-1,89,232,233,-1,89,233,122,-1,122,233,234,-1,88,240,89,-1,89,240,241,-1,89,241,239,-1,239,241,242,-1,239,242,238,-1,238,242,243,-1,238,243,237,-1,237,243,244,-1,237,244,236,-1,236,244,26,-1,236,26,235,-1,235,26,25,-1,240,84,241,-1,241,84,86,-1,241,86,242,-1,242,86,245,-1,242,245,243,-1,243,245,246,-1,243,246,244,-1,244,246,247,-1,244,247,26,-1,26,247,23,-1,26,23,24,-1,24,23,22,-1,248,21,249,-1,249,21,23,-1,249,23,250,-1,250,23,247,-1,250,247,251,-1,251,247,246,-1,251,246,252,-1,252,246,245,-1,252,245,83,-1,83,245,86,-1,83,86,81,-1,81,86,85,-1,82,152,83,-1,83,152,153,-1,83,153,252,-1,252,153,154,-1,252,154,251,-1,251,154,156,-1,251,156,250,-1,250,156,158,-1,250,158,249,-1,249,158,160,-1,249,160,248,-1,248,160,253,-1,20,19,160,-1,160,19,254,-1,160,254,253,-1,16,18,17,-1,17,18,20,-1,17,20,255,-1,255,20,159,-1,255,159,256,-1,256,159,157,-1,256,157,257,-1,257,157,155,-1,257,155,258,-1,258,155,80,-1,258,80,259,-1,259,80,79,-1,260,15,261,-1,261,15,17,-1,261,17,262,-1,262,17,255,-1,262,255,263,-1,263,255,256,-1,263,256,264,-1,264,256,257,-1,264,257,77,-1,77,257,258,-1,77,258,123,-1,123,258,259,-1,76,265,77,-1,77,265,266,-1,77,266,264,-1,264,266,267,-1,264,267,263,-1,263,267,268,-1,263,268,262,-1,262,268,269,-1,262,269,261,-1,261,269,14,-1,261,14,260,-1,260,14,13,-1,265,72,266,-1,266,72,74,-1,266,74,267,-1,267,74,270,-1,267,270,268,-1,268,270,271,-1,268,271,269,-1,269,271,272,-1,269,272,14,-1,14,272,11,-1,14,11,12,-1,12,11,10,-1,273,9,274,-1,274,9,11,-1,274,11,275,-1,275,11,272,-1,275,272,276,-1,276,272,271,-1,276,271,277,-1,277,271,270,-1,277,270,71,-1,71,270,74,-1,71,74,69,-1,69,74,73,-1,70,161,71,-1,71,161,162,-1,71,162,277,-1,277,162,163,-1,277,163,276,-1,276,163,165,-1,276,165,275,-1,275,165,167,-1,275,167,274,-1,274,167,169,-1,274,169,273,-1,273,169,278,-1,8,7,169,-1,169,7,279,-1,169,279,278,-1,4,6,5,-1,5,6,8,-1,5,8,280,-1,280,8,168,-1,280,168,281,-1,281,168,166,-1,281,166,282,-1,282,166,164,-1,282,164,283,-1,283,164,68,-1,283,68,284,-1,284,68,67,-1,285,3,286,-1,286,3,5,-1,286,5,287,-1,287,5,280,-1,287,280,288,-1,288,280,281,-1,288,281,289,-1,289,281,282,-1,289,282,65,-1,65,282,283,-1,65,283,124,-1,124,283,284,-1,64,290,65,-1,65,290,291,-1,65,291,289,-1,289,291,292,-1,289,292,288,-1,288,292,293,-1,288,293,287,-1,287,293,294,-1,287,294,286,-1,286,294,2,-1,286,2,285,-1,285,2,1,-1,290,60,291,-1,291,60,62,-1,291,62,292,-1,292,62,177,-1,292,177,293,-1,293,177,175,-1,293,175,294,-1,294,175,173,-1,294,173,2,-1,2,173,59,-1,2,59,0,-1,0,59,58,-1,295,296,297,-1,298,299,300,-1,301,302,303,-1,304,305,306,-1,307,308,309,-1,310,311,312,-1,313,314,315,-1,316,317,318,-1,319,320,321,-1,322,323,324,-1,325,326,327,-1,328,329,330,-1,331,332,333,-1,334,335,336,-1,337,338,339,-1,340,341,342,-1,343,344,345,-1,346,347,348,-1,349,350,351,-1,352,353,354,-1,355,356,357,-1,358,359,360,-1,361,362,363,-1,364,365,366,-1,367,368,369,-1,370,371,372,-1,373,374,375,-1,376,377,378,-1,379,380,381,-1,382,383,384,-1,385,386,387,-1,388,389,390,-1,391,392,393,-1,394,395,396,-1,397,398,399,-1,400,401,402,-1,403,404,405,-1,406,407,408,-1,409,410,411,-1,412,413,414,-1,406,408,415,-1,394,396,416,-1,382,384,417,-1,370,372,418,-1,358,360,419,-1,420,409,421,-1,421,409,411,-1,421,411,422,-1,422,411,423,-1,422,423,424,-1,424,423,425,-1,424,425,426,-1,426,425,427,-1,426,427,428,-1,428,427,351,-1,429,397,430,-1,430,397,399,-1,430,399,431,-1,431,399,432,-1,431,432,433,-1,433,432,434,-1,433,434,435,-1,435,434,436,-1,435,436,437,-1,437,436,339,-1,438,385,439,-1,439,385,387,-1,439,387,440,-1,440,387,441,-1,440,441,442,-1,442,441,443,-1,442,443,444,-1,444,443,445,-1,444,445,446,-1,446,445,327,-1,447,373,448,-1,448,373,375,-1,448,375,449,-1,449,375,450,-1,449,450,451,-1,451,450,452,-1,451,452,453,-1,453,452,454,-1,453,454,455,-1,455,454,315,-1,456,361,457,-1,457,361,363,-1,457,363,458,-1,458,363,459,-1,458,459,460,-1,460,459,461,-1,460,461,462,-1,462,461,463,-1,462,463,464,-1,464,463,303,-1,465,352,466,-1,466,352,354,-1,466,354,467,-1,467,354,468,-1,467,468,469,-1,469,468,470,-1,469,470,471,-1,471,470,472,-1,471,472,414,-1,414,472,357,-1,414,357,412,-1,412,357,356,-1,413,420,414,-1,414,420,421,-1,414,421,471,-1,471,421,422,-1,471,422,469,-1,469,422,424,-1,469,424,467,-1,467,424,426,-1,467,426,466,-1,466,426,428,-1,466,428,465,-1,465,428,473,-1,351,350,428,-1,428,350,474,-1,428,474,473,-1,347,349,348,-1,348,349,351,-1,348,351,475,-1,475,351,427,-1,475,427,476,-1,476,427,425,-1,476,425,477,-1,477,425,423,-1,477,423,478,-1,478,423,411,-1,478,411,479,-1,479,411,410,-1,480,346,481,-1,481,346,348,-1,481,348,482,-1,482,348,475,-1,482,475,483,-1,483,475,476,-1,483,476,484,-1,484,476,477,-1,484,477,408,-1,408,477,478,-1,408,478,415,-1,415,478,479,-1,407,485,408,-1,408,485,486,-1,408,486,484,-1,484,486,487,-1,484,487,483,-1,483,487,488,-1,483,488,482,-1,482,488,489,-1,482,489,481,-1,481,489,345,-1,481,345,480,-1,480,345,344,-1,485,403,486,-1,486,403,405,-1,486,405,487,-1,487,405,490,-1,487,490,488,-1,488,490,491,-1,488,491,489,-1,489,491,492,-1,489,492,345,-1,345,492,342,-1,345,342,343,-1,343,342,341,-1,493,340,494,-1,494,340,342,-1,494,342,495,-1,495,342,492,-1,495,492,496,-1,496,492,491,-1,496,491,497,-1,497,491,490,-1,497,490,402,-1,402,490,405,-1,402,405,400,-1,400,405,404,-1,401,429,402,-1,402,429,430,-1,402,430,497,-1,497,430,431,-1,497,431,496,-1,496,431,433,-1,496,433,495,-1,495,433,435,-1,495,435,494,-1,494,435,437,-1,494,437,493,-1,493,437,498,-1,339,338,437,-1,437,338,499,-1,437,499,498,-1,335,337,336,-1,336,337,339,-1,336,339,500,-1,500,339,436,-1,500,436,501,-1,501,436,434,-1,501,434,502,-1,502,434,432,-1,502,432,503,-1,503,432,399,-1,503,399,504,-1,504,399,398,-1,505,334,506,-1,506,334,336,-1,506,336,507,-1,507,336,500,-1,507,500,508,-1,508,500,501,-1,508,501,509,-1,509,501,502,-1,509,502,396,-1,396,502,503,-1,396,503,416,-1,416,503,504,-1,395,510,396,-1,396,510,511,-1,396,511,509,-1,509,511,512,-1,509,512,508,-1,508,512,513,-1,508,513,507,-1,507,513,514,-1,507,514,506,-1,506,514,333,-1,506,333,505,-1,505,333,332,-1,510,391,511,-1,511,391,393,-1,511,393,512,-1,512,393,515,-1,512,515,513,-1,513,515,516,-1,513,516,514,-1,514,516,517,-1,514,517,333,-1,333,517,330,-1,333,330,331,-1,331,330,329,-1,518,328,519,-1,519,328,330,-1,519,330,520,-1,520,330,517,-1,520,517,521,-1,521,517,516,-1,521,516,522,-1,522,516,515,-1,522,515,390,-1,390,515,393,-1,390,393,388,-1,388,393,392,-1,389,438,390,-1,390,438,439,-1,390,439,522,-1,522,439,440,-1,522,440,521,-1,521,440,442,-1,521,442,520,-1,520,442,444,-1,520,444,519,-1,519,444,446,-1,519,446,518,-1,518,446,523,-1,327,326,446,-1,446,326,524,-1,446,524,523,-1,323,325,324,-1,324,325,327,-1,324,327,525,-1,525,327,445,-1,525,445,526,-1,526,445,443,-1,526,443,527,-1,527,443,441,-1,527,441,528,-1,528,441,387,-1,528,387,529,-1,529,387,386,-1,530,322,531,-1,531,322,324,-1,531,324,532,-1,532,324,525,-1,532,525,533,-1,533,525,526,-1,533,526,534,-1,534,526,527,-1,534,527,384,-1,384,527,528,-1,384,528,417,-1,417,528,529,-1,383,535,384,-1,384,535,536,-1,384,536,534,-1,534,536,537,-1,534,537,533,-1,533,537,538,-1,533,538,532,-1,532,538,539,-1,532,539,531,-1,531,539,321,-1,531,321,530,-1,530,321,320,-1,535,379,536,-1,536,379,381,-1,536,381,537,-1,537,381,540,-1,537,540,538,-1,538,540,541,-1,538,541,539,-1,539,541,542,-1,539,542,321,-1,321,542,318,-1,321,318,319,-1,319,318,317,-1,543,316,544,-1,544,316,318,-1,544,318,545,-1,545,318,542,-1,545,542,546,-1,546,542,541,-1,546,541,547,-1,547,541,540,-1,547,540,378,-1,378,540,381,-1,378,381,376,-1,376,381,380,-1,377,447,378,-1,378,447,448,-1,378,448,547,-1,547,448,449,-1,547,449,546,-1,546,449,451,-1,546,451,545,-1,545,451,453,-1,545,453,544,-1,544,453,455,-1,544,455,543,-1,543,455,548,-1,315,314,455,-1,455,314,549,-1,455,549,548,-1,311,313,312,-1,312,313,315,-1,312,315,550,-1,550,315,454,-1,550,454,551,-1,551,454,452,-1,551,452,552,-1,552,452,450,-1,552,450,553,-1,553,450,375,-1,553,375,554,-1,554,375,374,-1,555,310,556,-1,556,310,312,-1,556,312,557,-1,557,312,550,-1,557,550,558,-1,558,550,551,-1,558,551,559,-1,559,551,552,-1,559,552,372,-1,372,552,553,-1,372,553,418,-1,418,553,554,-1,371,560,372,-1,372,560,561,-1,372,561,559,-1,559,561,562,-1,559,562,558,-1,558,562,563,-1,558,563,557,-1,557,563,564,-1,557,564,556,-1,556,564,309,-1,556,309,555,-1,555,309,308,-1,560,367,561,-1,561,367,369,-1,561,369,562,-1,562,369,565,-1,562,565,563,-1,563,565,566,-1,563,566,564,-1,564,566,567,-1,564,567,309,-1,309,567,306,-1,309,306,307,-1,307,306,305,-1,568,304,569,-1,569,304,306,-1,569,306,570,-1,570,306,567,-1,570,567,571,-1,571,567,566,-1,571,566,572,-1,572,566,565,-1,572,565,366,-1,366,565,369,-1,366,369,364,-1,364,369,368,-1,365,456,366,-1,366,456,457,-1,366,457,572,-1,572,457,458,-1,572,458,571,-1,571,458,460,-1,571,460,570,-1,570,460,462,-1,570,462,569,-1,569,462,464,-1,569,464,568,-1,568,464,573,-1,303,302,464,-1,464,302,574,-1,464,574,573,-1,299,301,300,-1,300,301,303,-1,300,303,575,-1,575,303,463,-1,575,463,576,-1,576,463,461,-1,576,461,577,-1,577,461,459,-1,577,459,578,-1,578,459,363,-1,578,363,579,-1,579,363,362,-1,580,298,581,-1,581,298,300,-1,581,300,582,-1,582,300,575,-1,582,575,583,-1,583,575,576,-1,583,576,584,-1,584,576,577,-1,584,577,360,-1,360,577,578,-1,360,578,419,-1,419,578,579,-1,359,585,360,-1,360,585,586,-1,360,586,584,-1,584,586,587,-1,584,587,583,-1,583,587,588,-1,583,588,582,-1,582,588,589,-1,582,589,581,-1,581,589,297,-1,581,297,580,-1,580,297,296,-1,585,355,586,-1,586,355,357,-1,586,357,587,-1,587,357,472,-1,587,472,588,-1,588,472,470,-1,588,470,589,-1,589,470,468,-1,589,468,297,-1,297,468,354,-1,297,354,295,-1,295,354,353,-1,590,591,592,-1,593,594,595,-1,596,597,598,-1,599,600,601,-1,602,603,604,-1,605,606,607,-1,608,609,610,-1,611,612,613,-1,614,615,616,-1,617,618,619,-1,620,621,622,-1,623,624,625,-1,626,627,628,-1,629,630,631,-1,632,633,634,-1,635,636,637,-1,638,639,640,-1,641,642,643,-1,644,645,646,-1,647,648,649,-1,650,651,652,-1,653,654,655,-1,656,657,658,-1,659,660,661,-1,662,663,664,-1,665,666,667,-1,668,669,670,-1,671,672,673,-1,674,675,676,-1,677,678,679,-1,680,681,682,-1,683,684,685,-1,686,687,688,-1,689,690,691,-1,692,693,694,-1,695,696,697,-1,698,699,700,-1,701,702,703,-1,704,705,706,-1,707,708,709,-1,701,703,710,-1,689,691,711,-1,677,679,712,-1,665,667,713,-1,653,655,714,-1,715,704,716,-1,716,704,706,-1,716,706,717,-1,717,706,718,-1,717,718,719,-1,719,718,720,-1,719,720,721,-1,721,720,722,-1,721,722,723,-1,723,722,646,-1,724,692,725,-1,725,692,694,-1,725,694,726,-1,726,694,727,-1,726,727,728,-1,728,727,729,-1,728,729,730,-1,730,729,731,-1,730,731,732,-1,732,731,634,-1,733,680,734,-1,734,680,682,-1,734,682,735,-1,735,682,736,-1,735,736,737,-1,737,736,738,-1,737,738,739,-1,739,738,740,-1,739,740,741,-1,741,740,622,-1,742,668,743,-1,743,668,670,-1,743,670,744,-1,744,670,745,-1,744,745,746,-1,746,745,747,-1,746,747,748,-1,748,747,749,-1,748,749,750,-1,750,749,610,-1,751,656,752,-1,752,656,658,-1,752,658,753,-1,753,658,754,-1,753,754,755,-1,755,754,756,-1,755,756,757,-1,757,756,758,-1,757,758,759,-1,759,758,598,-1,760,647,761,-1,761,647,649,-1,761,649,762,-1,762,649,763,-1,762,763,764,-1,764,763,765,-1,764,765,766,-1,766,765,767,-1,766,767,709,-1,709,767,652,-1,709,652,707,-1,707,652,651,-1,708,715,709,-1,709,715,716,-1,709,716,766,-1,766,716,717,-1,766,717,764,-1,764,717,719,-1,764,719,762,-1,762,719,721,-1,762,721,761,-1,761,721,723,-1,761,723,760,-1,760,723,768,-1,646,645,723,-1,723,645,769,-1,723,769,768,-1,642,644,643,-1,643,644,646,-1,643,646,770,-1,770,646,722,-1,770,722,771,-1,771,722,720,-1,771,720,772,-1,772,720,718,-1,772,718,773,-1,773,718,706,-1,773,706,774,-1,774,706,705,-1,775,641,776,-1,776,641,643,-1,776,643,777,-1,777,643,770,-1,777,770,778,-1,778,770,771,-1,778,771,779,-1,779,771,772,-1,779,772,703,-1,703,772,773,-1,703,773,710,-1,710,773,774,-1,702,780,703,-1,703,780,781,-1,703,781,779,-1,779,781,782,-1,779,782,778,-1,778,782,783,-1,778,783,777,-1,777,783,784,-1,777,784,776,-1,776,784,640,-1,776,640,775,-1,775,640,639,-1,780,698,781,-1,781,698,700,-1,781,700,782,-1,782,700,785,-1,782,785,783,-1,783,785,786,-1,783,786,784,-1,784,786,787,-1,784,787,640,-1,640,787,637,-1,640,637,638,-1,638,637,636,-1,788,635,789,-1,789,635,637,-1,789,637,790,-1,790,637,787,-1,790,787,791,-1,791,787,786,-1,791,786,792,-1,792,786,785,-1,792,785,697,-1,697,785,700,-1,697,700,695,-1,695,700,699,-1,696,724,697,-1,697,724,725,-1,697,725,792,-1,792,725,726,-1,792,726,791,-1,791,726,728,-1,791,728,790,-1,790,728,730,-1,790,730,789,-1,789,730,732,-1,789,732,788,-1,788,732,793,-1,634,633,732,-1,732,633,794,-1,732,794,793,-1,630,632,631,-1,631,632,634,-1,631,634,795,-1,795,634,731,-1,795,731,796,-1,796,731,729,-1,796,729,797,-1,797,729,727,-1,797,727,798,-1,798,727,694,-1,798,694,799,-1,799,694,693,-1,800,629,801,-1,801,629,631,-1,801,631,802,-1,802,631,795,-1,802,795,803,-1,803,795,796,-1,803,796,804,-1,804,796,797,-1,804,797,691,-1,691,797,798,-1,691,798,711,-1,711,798,799,-1,690,805,691,-1,691,805,806,-1,691,806,804,-1,804,806,807,-1,804,807,803,-1,803,807,808,-1,803,808,802,-1,802,808,809,-1,802,809,801,-1,801,809,628,-1,801,628,800,-1,800,628,627,-1,805,686,806,-1,806,686,688,-1,806,688,807,-1,807,688,810,-1,807,810,808,-1,808,810,811,-1,808,811,809,-1,809,811,812,-1,809,812,628,-1,628,812,625,-1,628,625,626,-1,626,625,624,-1,813,623,814,-1,814,623,625,-1,814,625,815,-1,815,625,812,-1,815,812,816,-1,816,812,811,-1,816,811,817,-1,817,811,810,-1,817,810,685,-1,685,810,688,-1,685,688,683,-1,683,688,687,-1,684,733,685,-1,685,733,734,-1,685,734,817,-1,817,734,735,-1,817,735,816,-1,816,735,737,-1,816,737,815,-1,815,737,739,-1,815,739,814,-1,814,739,741,-1,814,741,813,-1,813,741,818,-1,622,621,741,-1,741,621,819,-1,741,819,818,-1,618,620,619,-1,619,620,622,-1,619,622,820,-1,820,622,740,-1,820,740,821,-1,821,740,738,-1,821,738,822,-1,822,738,736,-1,822,736,823,-1,823,736,682,-1,823,682,824,-1,824,682,681,-1,825,617,826,-1,826,617,619,-1,826,619,827,-1,827,619,820,-1,827,820,828,-1,828,820,821,-1,828,821,829,-1,829,821,822,-1,829,822,679,-1,679,822,823,-1,679,823,712,-1,712,823,824,-1,678,830,679,-1,679,830,831,-1,679,831,829,-1,829,831,832,-1,829,832,828,-1,828,832,833,-1,828,833,827,-1,827,833,834,-1,827,834,826,-1,826,834,616,-1,826,616,825,-1,825,616,615,-1,830,674,831,-1,831,674,676,-1,831,676,832,-1,832,676,835,-1,832,835,833,-1,833,835,836,-1,833,836,834,-1,834,836,837,-1,834,837,616,-1,616,837,613,-1,616,613,614,-1,614,613,612,-1,838,611,839,-1,839,611,613,-1,839,613,840,-1,840,613,837,-1,840,837,841,-1,841,837,836,-1,841,836,842,-1,842,836,835,-1,842,835,673,-1,673,835,676,-1,673,676,671,-1,671,676,675,-1,672,742,673,-1,673,742,743,-1,673,743,842,-1,842,743,744,-1,842,744,841,-1,841,744,746,-1,841,746,840,-1,840,746,748,-1,840,748,839,-1,839,748,750,-1,839,750,838,-1,838,750,843,-1,610,609,750,-1,750,609,844,-1,750,844,843,-1,606,608,607,-1,607,608,610,-1,607,610,845,-1,845,610,749,-1,845,749,846,-1,846,749,747,-1,846,747,847,-1,847,747,745,-1,847,745,848,-1,848,745,670,-1,848,670,849,-1,849,670,669,-1,850,605,851,-1,851,605,607,-1,851,607,852,-1,852,607,845,-1,852,845,853,-1,853,845,846,-1,853,846,854,-1,854,846,847,-1,854,847,667,-1,667,847,848,-1,667,848,713,-1,713,848,849,-1,666,855,667,-1,667,855,856,-1,667,856,854,-1,854,856,857,-1,854,857,853,-1,853,857,858,-1,853,858,852,-1,852,858,859,-1,852,859,851,-1,851,859,604,-1,851,604,850,-1,850,604,603,-1,855,662,856,-1,856,662,664,-1,856,664,857,-1,857,664,860,-1,857,860,858,-1,858,860,861,-1,858,861,859,-1,859,861,862,-1,859,862,604,-1,604,862,601,-1,604,601,602,-1,602,601,600,-1,863,599,864,-1,864,599,601,-1,864,601,865,-1,865,601,862,-1,865,862,866,-1,866,862,861,-1,866,861,867,-1,867,861,860,-1,867,860,661,-1,661,860,664,-1,661,664,659,-1,659,664,663,-1,660,751,661,-1,661,751,752,-1,661,752,867,-1,867,752,753,-1,867,753,866,-1,866,753,755,-1,866,755,865,-1,865,755,757,-1,865,757,864,-1,864,757,759,-1,864,759,863,-1,863,759,868,-1,598,597,759,-1,759,597,869,-1,759,869,868,-1,594,596,595,-1,595,596,598,-1,595,598,870,-1,870,598,758,-1,870,758,871,-1,871,758,756,-1,871,756,872,-1,872,756,754,-1,872,754,873,-1,873,754,658,-1,873,658,874,-1,874,658,657,-1,875,593,876,-1,876,593,595,-1,876,595,877,-1,877,595,870,-1,877,870,878,-1,878,870,871,-1,878,871,879,-1,879,871,872,-1,879,872,655,-1,655,872,873,-1,655,873,714,-1,714,873,874,-1,654,880,655,-1,655,880,881,-1,655,881,879,-1,879,881,882,-1,879,882,878,-1,878,882,883,-1,878,883,877,-1,877,883,884,-1,877,884,876,-1,876,884,592,-1,876,592,875,-1,875,592,591,-1,880,650,881,-1,881,650,652,-1,881,652,882,-1,882,652,767,-1,882,767,883,-1,883,767,765,-1,883,765,884,-1,884,765,763,-1,884,763,592,-1,592,763,649,-1,592,649,590,-1,590,649,648,-1,885,886,887,-1,888,889,890,-1,891,892,893,-1,894,895,896,-1,897,898,899,-1,900,901,902,-1,903,904,905,-1,906,907,908,-1,909,910,911,-1,912,913,914,-1,915,916,917,-1,918,919,920,-1,921,922,923,-1,924,925,926,-1,927,928,929,-1,930,931,932,-1,933,934,935,-1,936,937,938,-1,939,940,941,-1,942,943,944,-1,945,946,947,-1,948,949,950,-1,951,952,953,-1,954,955,956,-1,957,958,959,-1,960,961,962,-1,963,964,965,-1,966,967,968,-1,969,970,971,-1,972,973,974,-1,975,976,977,-1,978,979,980,-1,981,982,983,-1,984,985,986,-1,987,988,989,-1,990,991,992,-1,993,994,995,-1,996,997,998,-1,999,1000,1001,-1,1002,1003,1004,-1,996,998,1005,-1,984,986,1006,-1,972,974,1007,-1,960,962,1008,-1,948,950,1009,-1,1010,999,1011,-1,1011,999,1001,-1,1011,1001,1012,-1,1012,1001,1013,-1,1012,1013,1014,-1,1014,1013,1015,-1,1014,1015,1016,-1,1016,1015,1017,-1,1016,1017,1018,-1,1018,1017,941,-1,1019,987,1020,-1,1020,987,989,-1,1020,989,1021,-1,1021,989,1022,-1,1021,1022,1023,-1,1023,1022,1024,-1,1023,1024,1025,-1,1025,1024,1026,-1,1025,1026,1027,-1,1027,1026,929,-1,1028,975,1029,-1,1029,975,977,-1,1029,977,1030,-1,1030,977,1031,-1,1030,1031,1032,-1,1032,1031,1033,-1,1032,1033,1034,-1,1034,1033,1035,-1,1034,1035,1036,-1,1036,1035,917,-1,1037,963,1038,-1,1038,963,965,-1,1038,965,1039,-1,1039,965,1040,-1,1039,1040,1041,-1,1041,1040,1042,-1,1041,1042,1043,-1,1043,1042,1044,-1,1043,1044,1045,-1,1045,1044,905,-1,1046,951,1047,-1,1047,951,953,-1,1047,953,1048,-1,1048,953,1049,-1,1048,1049,1050,-1,1050,1049,1051,-1,1050,1051,1052,-1,1052,1051,1053,-1,1052,1053,1054,-1,1054,1053,893,-1,1055,942,1056,-1,1056,942,944,-1,1056,944,1057,-1,1057,944,1058,-1,1057,1058,1059,-1,1059,1058,1060,-1,1059,1060,1061,-1,1061,1060,1062,-1,1061,1062,1004,-1,1004,1062,947,-1,1004,947,1002,-1,1002,947,946,-1,1003,1010,1004,-1,1004,1010,1011,-1,1004,1011,1061,-1,1061,1011,1012,-1,1061,1012,1059,-1,1059,1012,1014,-1,1059,1014,1057,-1,1057,1014,1016,-1,1057,1016,1056,-1,1056,1016,1018,-1,1056,1018,1055,-1,1055,1018,1063,-1,941,940,1018,-1,1018,940,1064,-1,1018,1064,1063,-1,937,939,938,-1,938,939,941,-1,938,941,1065,-1,1065,941,1017,-1,1065,1017,1066,-1,1066,1017,1015,-1,1066,1015,1067,-1,1067,1015,1013,-1,1067,1013,1068,-1,1068,1013,1001,-1,1068,1001,1069,-1,1069,1001,1000,-1,1070,936,1071,-1,1071,936,938,-1,1071,938,1072,-1,1072,938,1065,-1,1072,1065,1073,-1,1073,1065,1066,-1,1073,1066,1074,-1,1074,1066,1067,-1,1074,1067,998,-1,998,1067,1068,-1,998,1068,1005,-1,1005,1068,1069,-1,997,1075,998,-1,998,1075,1076,-1,998,1076,1074,-1,1074,1076,1077,-1,1074,1077,1073,-1,1073,1077,1078,-1,1073,1078,1072,-1,1072,1078,1079,-1,1072,1079,1071,-1,1071,1079,935,-1,1071,935,1070,-1,1070,935,934,-1,1075,993,1076,-1,1076,993,995,-1,1076,995,1077,-1,1077,995,1080,-1,1077,1080,1078,-1,1078,1080,1081,-1,1078,1081,1079,-1,1079,1081,1082,-1,1079,1082,935,-1,935,1082,932,-1,935,932,933,-1,933,932,931,-1,1083,930,1084,-1,1084,930,932,-1,1084,932,1085,-1,1085,932,1082,-1,1085,1082,1086,-1,1086,1082,1081,-1,1086,1081,1087,-1,1087,1081,1080,-1,1087,1080,992,-1,992,1080,995,-1,992,995,990,-1,990,995,994,-1,991,1019,992,-1,992,1019,1020,-1,992,1020,1087,-1,1087,1020,1021,-1,1087,1021,1086,-1,1086,1021,1023,-1,1086,1023,1085,-1,1085,1023,1025,-1,1085,1025,1084,-1,1084,1025,1027,-1,1084,1027,1083,-1,1083,1027,1088,-1,929,928,1027,-1,1027,928,1089,-1,1027,1089,1088,-1,925,927,926,-1,926,927,929,-1,926,929,1090,-1,1090,929,1026,-1,1090,1026,1091,-1,1091,1026,1024,-1,1091,1024,1092,-1,1092,1024,1022,-1,1092,1022,1093,-1,1093,1022,989,-1,1093,989,1094,-1,1094,989,988,-1,1095,924,1096,-1,1096,924,926,-1,1096,926,1097,-1,1097,926,1090,-1,1097,1090,1098,-1,1098,1090,1091,-1,1098,1091,1099,-1,1099,1091,1092,-1,1099,1092,986,-1,986,1092,1093,-1,986,1093,1006,-1,1006,1093,1094,-1,985,1100,986,-1,986,1100,1101,-1,986,1101,1099,-1,1099,1101,1102,-1,1099,1102,1098,-1,1098,1102,1103,-1,1098,1103,1097,-1,1097,1103,1104,-1,1097,1104,1096,-1,1096,1104,923,-1,1096,923,1095,-1,1095,923,922,-1,1100,981,1101,-1,1101,981,983,-1,1101,983,1102,-1,1102,983,1105,-1,1102,1105,1103,-1,1103,1105,1106,-1,1103,1106,1104,-1,1104,1106,1107,-1,1104,1107,923,-1,923,1107,920,-1,923,920,921,-1,921,920,919,-1,1108,918,1109,-1,1109,918,920,-1,1109,920,1110,-1,1110,920,1107,-1,1110,1107,1111,-1,1111,1107,1106,-1,1111,1106,1112,-1,1112,1106,1105,-1,1112,1105,980,-1,980,1105,983,-1,980,983,978,-1,978,983,982,-1,979,1028,980,-1,980,1028,1029,-1,980,1029,1112,-1,1112,1029,1030,-1,1112,1030,1111,-1,1111,1030,1032,-1,1111,1032,1110,-1,1110,1032,1034,-1,1110,1034,1109,-1,1109,1034,1036,-1,1109,1036,1108,-1,1108,1036,1113,-1,917,916,1036,-1,1036,916,1114,-1,1036,1114,1113,-1,913,915,914,-1,914,915,917,-1,914,917,1115,-1,1115,917,1035,-1,1115,1035,1116,-1,1116,1035,1033,-1,1116,1033,1117,-1,1117,1033,1031,-1,1117,1031,1118,-1,1118,1031,977,-1,1118,977,1119,-1,1119,977,976,-1,1120,912,1121,-1,1121,912,914,-1,1121,914,1122,-1,1122,914,1115,-1,1122,1115,1123,-1,1123,1115,1116,-1,1123,1116,1124,-1,1124,1116,1117,-1,1124,1117,974,-1,974,1117,1118,-1,974,1118,1007,-1,1007,1118,1119,-1,973,1125,974,-1,974,1125,1126,-1,974,1126,1124,-1,1124,1126,1127,-1,1124,1127,1123,-1,1123,1127,1128,-1,1123,1128,1122,-1,1122,1128,1129,-1,1122,1129,1121,-1,1121,1129,911,-1,1121,911,1120,-1,1120,911,910,-1,1125,969,1126,-1,1126,969,971,-1,1126,971,1127,-1,1127,971,1130,-1,1127,1130,1128,-1,1128,1130,1131,-1,1128,1131,1129,-1,1129,1131,1132,-1,1129,1132,911,-1,911,1132,908,-1,911,908,909,-1,909,908,907,-1,1133,906,1134,-1,1134,906,908,-1,1134,908,1135,-1,1135,908,1132,-1,1135,1132,1136,-1,1136,1132,1131,-1,1136,1131,1137,-1,1137,1131,1130,-1,1137,1130,968,-1,968,1130,971,-1,968,971,966,-1,966,971,970,-1,967,1037,968,-1,968,1037,1038,-1,968,1038,1137,-1,1137,1038,1039,-1,1137,1039,1136,-1,1136,1039,1041,-1,1136,1041,1135,-1,1135,1041,1043,-1,1135,1043,1134,-1,1134,1043,1045,-1,1134,1045,1133,-1,1133,1045,1138,-1,905,904,1045,-1,1045,904,1139,-1,1045,1139,1138,-1,901,903,902,-1,902,903,905,-1,902,905,1140,-1,1140,905,1044,-1,1140,1044,1141,-1,1141,1044,1042,-1,1141,1042,1142,-1,1142,1042,1040,-1,1142,1040,1143,-1,1143,1040,965,-1,1143,965,1144,-1,1144,965,964,-1,1145,900,1146,-1,1146,900,902,-1,1146,902,1147,-1,1147,902,1140,-1,1147,1140,1148,-1,1148,1140,1141,-1,1148,1141,1149,-1,1149,1141,1142,-1,1149,1142,962,-1,962,1142,1143,-1,962,1143,1008,-1,1008,1143,1144,-1,961,1150,962,-1,962,1150,1151,-1,962,1151,1149,-1,1149,1151,1152,-1,1149,1152,1148,-1,1148,1152,1153,-1,1148,1153,1147,-1,1147,1153,1154,-1,1147,1154,1146,-1,1146,1154,899,-1,1146,899,1145,-1,1145,899,898,-1,1150,957,1151,-1,1151,957,959,-1,1151,959,1152,-1,1152,959,1155,-1,1152,1155,1153,-1,1153,1155,1156,-1,1153,1156,1154,-1,1154,1156,1157,-1,1154,1157,899,-1,899,1157,896,-1,899,896,897,-1,897,896,895,-1,1158,894,1159,-1,1159,894,896,-1,1159,896,1160,-1,1160,896,1157,-1,1160,1157,1161,-1,1161,1157,1156,-1,1161,1156,1162,-1,1162,1156,1155,-1,1162,1155,956,-1,956,1155,959,-1,956,959,954,-1,954,959,958,-1,955,1046,956,-1,956,1046,1047,-1,956,1047,1162,-1,1162,1047,1048,-1,1162,1048,1161,-1,1161,1048,1050,-1,1161,1050,1160,-1,1160,1050,1052,-1,1160,1052,1159,-1,1159,1052,1054,-1,1159,1054,1158,-1,1158,1054,1163,-1,893,892,1054,-1,1054,892,1164,-1,1054,1164,1163,-1,889,891,890,-1,890,891,893,-1,890,893,1165,-1,1165,893,1053,-1,1165,1053,1166,-1,1166,1053,1051,-1,1166,1051,1167,-1,1167,1051,1049,-1,1167,1049,1168,-1,1168,1049,953,-1,1168,953,1169,-1,1169,953,952,-1,1170,888,1171,-1,1171,888,890,-1,1171,890,1172,-1,1172,890,1165,-1,1172,1165,1173,-1,1173,1165,1166,-1,1173,1166,1174,-1,1174,1166,1167,-1,1174,1167,950,-1,950,1167,1168,-1,950,1168,1009,-1,1009,1168,1169,-1,949,1175,950,-1,950,1175,1176,-1,950,1176,1174,-1,1174,1176,1177,-1,1174,1177,1173,-1,1173,1177,1178,-1,1173,1178,1172,-1,1172,1178,1179,-1,1172,1179,1171,-1,1171,1179,887,-1,1171,887,1170,-1,1170,887,886,-1,1175,945,1176,-1,1176,945,947,-1,1176,947,1177,-1,1177,947,1062,-1,1177,1062,1178,-1,1178,1062,1060,-1,1178,1060,1179,-1,1179,1060,1058,-1,1179,1058,887,-1,887,1058,944,-1,887,944,885,-1,885,944,943,-1,1180,1181,1182,-1,1183,1184,1185,-1,1186,1187,1188,-1,1189,1190,1191,-1,1192,1193,1194,-1,1195,1196,1197,-1,1198,1199,1200,-1,1201,1202,1203,-1,1204,1205,1206,-1,1207,1208,1209,-1,1210,1211,1212,-1,1213,1214,1215,-1,1216,1217,1218,-1,1219,1220,1221,-1,1222,1223,1224,-1,1225,1226,1227,-1,1228,1229,1230,-1,1231,1232,1233,-1,1234,1235,1236,-1,1237,1238,1239,-1,1240,1241,1242,-1,1243,1244,1245,-1,1246,1247,1248,-1,1249,1250,1251,-1,1252,1253,1254,-1,1255,1256,1257,-1,1258,1259,1260,-1,1261,1262,1263,-1,1264,1265,1266,-1,1267,1268,1269,-1,1270,1271,1272,-1,1273,1274,1275,-1,1276,1277,1278,-1,1279,1280,1281,-1,1282,1283,1284,-1,1285,1286,1287,-1,1288,1289,1290,-1,1291,1292,1293,-1,1294,1295,1296,-1,1297,1298,1299,-1,1291,1293,1300,-1,1279,1281,1301,-1,1267,1269,1302,-1,1255,1257,1303,-1,1243,1245,1304,-1,1305,1294,1306,-1,1306,1294,1296,-1,1306,1296,1307,-1,1307,1296,1308,-1,1307,1308,1309,-1,1309,1308,1310,-1,1309,1310,1311,-1,1311,1310,1312,-1,1311,1312,1313,-1,1313,1312,1236,-1,1314,1282,1315,-1,1315,1282,1284,-1,1315,1284,1316,-1,1316,1284,1317,-1,1316,1317,1318,-1,1318,1317,1319,-1,1318,1319,1320,-1,1320,1319,1321,-1,1320,1321,1322,-1,1322,1321,1224,-1,1323,1270,1324,-1,1324,1270,1272,-1,1324,1272,1325,-1,1325,1272,1326,-1,1325,1326,1327,-1,1327,1326,1328,-1,1327,1328,1329,-1,1329,1328,1330,-1,1329,1330,1331,-1,1331,1330,1212,-1,1332,1258,1333,-1,1333,1258,1260,-1,1333,1260,1334,-1,1334,1260,1335,-1,1334,1335,1336,-1,1336,1335,1337,-1,1336,1337,1338,-1,1338,1337,1339,-1,1338,1339,1340,-1,1340,1339,1200,-1,1341,1246,1342,-1,1342,1246,1248,-1,1342,1248,1343,-1,1343,1248,1344,-1,1343,1344,1345,-1,1345,1344,1346,-1,1345,1346,1347,-1,1347,1346,1348,-1,1347,1348,1349,-1,1349,1348,1188,-1,1350,1237,1351,-1,1351,1237,1239,-1,1351,1239,1352,-1,1352,1239,1353,-1,1352,1353,1354,-1,1354,1353,1355,-1,1354,1355,1356,-1,1356,1355,1357,-1,1356,1357,1299,-1,1299,1357,1242,-1,1299,1242,1297,-1,1297,1242,1241,-1,1298,1305,1299,-1,1299,1305,1306,-1,1299,1306,1356,-1,1356,1306,1307,-1,1356,1307,1354,-1,1354,1307,1309,-1,1354,1309,1352,-1,1352,1309,1311,-1,1352,1311,1351,-1,1351,1311,1313,-1,1351,1313,1350,-1,1350,1313,1358,-1,1236,1235,1313,-1,1313,1235,1359,-1,1313,1359,1358,-1,1232,1234,1233,-1,1233,1234,1236,-1,1233,1236,1360,-1,1360,1236,1312,-1,1360,1312,1361,-1,1361,1312,1310,-1,1361,1310,1362,-1,1362,1310,1308,-1,1362,1308,1363,-1,1363,1308,1296,-1,1363,1296,1364,-1,1364,1296,1295,-1,1365,1231,1366,-1,1366,1231,1233,-1,1366,1233,1367,-1,1367,1233,1360,-1,1367,1360,1368,-1,1368,1360,1361,-1,1368,1361,1369,-1,1369,1361,1362,-1,1369,1362,1293,-1,1293,1362,1363,-1,1293,1363,1300,-1,1300,1363,1364,-1,1292,1370,1293,-1,1293,1370,1371,-1,1293,1371,1369,-1,1369,1371,1372,-1,1369,1372,1368,-1,1368,1372,1373,-1,1368,1373,1367,-1,1367,1373,1374,-1,1367,1374,1366,-1,1366,1374,1230,-1,1366,1230,1365,-1,1365,1230,1229,-1,1370,1288,1371,-1,1371,1288,1290,-1,1371,1290,1372,-1,1372,1290,1375,-1,1372,1375,1373,-1,1373,1375,1376,-1,1373,1376,1374,-1,1374,1376,1377,-1,1374,1377,1230,-1,1230,1377,1227,-1,1230,1227,1228,-1,1228,1227,1226,-1,1378,1225,1379,-1,1379,1225,1227,-1,1379,1227,1380,-1,1380,1227,1377,-1,1380,1377,1381,-1,1381,1377,1376,-1,1381,1376,1382,-1,1382,1376,1375,-1,1382,1375,1287,-1,1287,1375,1290,-1,1287,1290,1285,-1,1285,1290,1289,-1,1286,1314,1287,-1,1287,1314,1315,-1,1287,1315,1382,-1,1382,1315,1316,-1,1382,1316,1381,-1,1381,1316,1318,-1,1381,1318,1380,-1,1380,1318,1320,-1,1380,1320,1379,-1,1379,1320,1322,-1,1379,1322,1378,-1,1378,1322,1383,-1,1224,1223,1322,-1,1322,1223,1384,-1,1322,1384,1383,-1,1220,1222,1221,-1,1221,1222,1224,-1,1221,1224,1385,-1,1385,1224,1321,-1,1385,1321,1386,-1,1386,1321,1319,-1,1386,1319,1387,-1,1387,1319,1317,-1,1387,1317,1388,-1,1388,1317,1284,-1,1388,1284,1389,-1,1389,1284,1283,-1,1390,1219,1391,-1,1391,1219,1221,-1,1391,1221,1392,-1,1392,1221,1385,-1,1392,1385,1393,-1,1393,1385,1386,-1,1393,1386,1394,-1,1394,1386,1387,-1,1394,1387,1281,-1,1281,1387,1388,-1,1281,1388,1301,-1,1301,1388,1389,-1,1280,1395,1281,-1,1281,1395,1396,-1,1281,1396,1394,-1,1394,1396,1397,-1,1394,1397,1393,-1,1393,1397,1398,-1,1393,1398,1392,-1,1392,1398,1399,-1,1392,1399,1391,-1,1391,1399,1218,-1,1391,1218,1390,-1,1390,1218,1217,-1,1395,1276,1396,-1,1396,1276,1278,-1,1396,1278,1397,-1,1397,1278,1400,-1,1397,1400,1398,-1,1398,1400,1401,-1,1398,1401,1399,-1,1399,1401,1402,-1,1399,1402,1218,-1,1218,1402,1215,-1,1218,1215,1216,-1,1216,1215,1214,-1,1403,1213,1404,-1,1404,1213,1215,-1,1404,1215,1405,-1,1405,1215,1402,-1,1405,1402,1406,-1,1406,1402,1401,-1,1406,1401,1407,-1,1407,1401,1400,-1,1407,1400,1275,-1,1275,1400,1278,-1,1275,1278,1273,-1,1273,1278,1277,-1,1274,1323,1275,-1,1275,1323,1324,-1,1275,1324,1407,-1,1407,1324,1325,-1,1407,1325,1406,-1,1406,1325,1327,-1,1406,1327,1405,-1,1405,1327,1329,-1,1405,1329,1404,-1,1404,1329,1331,-1,1404,1331,1403,-1,1403,1331,1408,-1,1212,1211,1331,-1,1331,1211,1409,-1,1331,1409,1408,-1,1208,1210,1209,-1,1209,1210,1212,-1,1209,1212,1410,-1,1410,1212,1330,-1,1410,1330,1411,-1,1411,1330,1328,-1,1411,1328,1412,-1,1412,1328,1326,-1,1412,1326,1413,-1,1413,1326,1272,-1,1413,1272,1414,-1,1414,1272,1271,-1,1415,1207,1416,-1,1416,1207,1209,-1,1416,1209,1417,-1,1417,1209,1410,-1,1417,1410,1418,-1,1418,1410,1411,-1,1418,1411,1419,-1,1419,1411,1412,-1,1419,1412,1269,-1,1269,1412,1413,-1,1269,1413,1302,-1,1302,1413,1414,-1,1268,1420,1269,-1,1269,1420,1421,-1,1269,1421,1419,-1,1419,1421,1422,-1,1419,1422,1418,-1,1418,1422,1423,-1,1418,1423,1417,-1,1417,1423,1424,-1,1417,1424,1416,-1,1416,1424,1206,-1,1416,1206,1415,-1,1415,1206,1205,-1,1420,1264,1421,-1,1421,1264,1266,-1,1421,1266,1422,-1,1422,1266,1425,-1,1422,1425,1423,-1,1423,1425,1426,-1,1423,1426,1424,-1,1424,1426,1427,-1,1424,1427,1206,-1,1206,1427,1203,-1,1206,1203,1204,-1,1204,1203,1202,-1,1428,1201,1429,-1,1429,1201,1203,-1,1429,1203,1430,-1,1430,1203,1427,-1,1430,1427,1431,-1,1431,1427,1426,-1,1431,1426,1432,-1,1432,1426,1425,-1,1432,1425,1263,-1,1263,1425,1266,-1,1263,1266,1261,-1,1261,1266,1265,-1,1262,1332,1263,-1,1263,1332,1333,-1,1263,1333,1432,-1,1432,1333,1334,-1,1432,1334,1431,-1,1431,1334,1336,-1,1431,1336,1430,-1,1430,1336,1338,-1,1430,1338,1429,-1,1429,1338,1340,-1,1429,1340,1428,-1,1428,1340,1433,-1,1200,1199,1340,-1,1340,1199,1434,-1,1340,1434,1433,-1,1196,1198,1197,-1,1197,1198,1200,-1,1197,1200,1435,-1,1435,1200,1339,-1,1435,1339,1436,-1,1436,1339,1337,-1,1436,1337,1437,-1,1437,1337,1335,-1,1437,1335,1438,-1,1438,1335,1260,-1,1438,1260,1439,-1,1439,1260,1259,-1,1440,1195,1441,-1,1441,1195,1197,-1,1441,1197,1442,-1,1442,1197,1435,-1,1442,1435,1443,-1,1443,1435,1436,-1,1443,1436,1444,-1,1444,1436,1437,-1,1444,1437,1257,-1,1257,1437,1438,-1,1257,1438,1303,-1,1303,1438,1439,-1,1256,1445,1257,-1,1257,1445,1446,-1,1257,1446,1444,-1,1444,1446,1447,-1,1444,1447,1443,-1,1443,1447,1448,-1,1443,1448,1442,-1,1442,1448,1449,-1,1442,1449,1441,-1,1441,1449,1194,-1,1441,1194,1440,-1,1440,1194,1193,-1,1445,1252,1446,-1,1446,1252,1254,-1,1446,1254,1447,-1,1447,1254,1450,-1,1447,1450,1448,-1,1448,1450,1451,-1,1448,1451,1449,-1,1449,1451,1452,-1,1449,1452,1194,-1,1194,1452,1191,-1,1194,1191,1192,-1,1192,1191,1190,-1,1453,1189,1454,-1,1454,1189,1191,-1,1454,1191,1455,-1,1455,1191,1452,-1,1455,1452,1456,-1,1456,1452,1451,-1,1456,1451,1457,-1,1457,1451,1450,-1,1457,1450,1251,-1,1251,1450,1254,-1,1251,1254,1249,-1,1249,1254,1253,-1,1250,1341,1251,-1,1251,1341,1342,-1,1251,1342,1457,-1,1457,1342,1343,-1,1457,1343,1456,-1,1456,1343,1345,-1,1456,1345,1455,-1,1455,1345,1347,-1,1455,1347,1454,-1,1454,1347,1349,-1,1454,1349,1453,-1,1453,1349,1458,-1,1188,1187,1349,-1,1349,1187,1459,-1,1349,1459,1458,-1,1184,1186,1185,-1,1185,1186,1188,-1,1185,1188,1460,-1,1460,1188,1348,-1,1460,1348,1461,-1,1461,1348,1346,-1,1461,1346,1462,-1,1462,1346,1344,-1,1462,1344,1463,-1,1463,1344,1248,-1,1463,1248,1464,-1,1464,1248,1247,-1,1465,1183,1466,-1,1466,1183,1185,-1,1466,1185,1467,-1,1467,1185,1460,-1,1467,1460,1468,-1,1468,1460,1461,-1,1468,1461,1469,-1,1469,1461,1462,-1,1469,1462,1245,-1,1245,1462,1463,-1,1245,1463,1304,-1,1304,1463,1464,-1,1244,1470,1245,-1,1245,1470,1471,-1,1245,1471,1469,-1,1469,1471,1472,-1,1469,1472,1468,-1,1468,1472,1473,-1,1468,1473,1467,-1,1467,1473,1474,-1,1467,1474,1466,-1,1466,1474,1182,-1,1466,1182,1465,-1,1465,1182,1181,-1,1470,1240,1471,-1,1471,1240,1242,-1,1471,1242,1472,-1,1472,1242,1357,-1,1472,1357,1473,-1,1473,1357,1355,-1,1473,1355,1474,-1,1474,1355,1353,-1,1474,1353,1182,-1,1182,1353,1239,-1,1182,1239,1180,-1,1180,1239,1238,-1,1475,1476,1477,-1,1478,1479,1480,-1,1481,1482,1483,-1,1484,1485,1486,-1,1487,1488,1489,-1,1490,1491,1492,-1,1493,1494,1495,-1,1496,1497,1498,-1,1499,1500,1501,-1,1502,1503,1504,-1,1505,1506,1507,-1,1508,1509,1510,-1,1511,1512,1513,-1,1514,1515,1516,-1,1517,1518,1519,-1,1520,1521,1522,-1,1523,1524,1525,-1,1526,1527,1528,-1,1529,1530,1531,-1,1532,1533,1534,-1,1535,1536,1537,-1,1538,1539,1540,-1,1541,1542,1543,-1,1544,1545,1546,-1,1547,1548,1549,-1,1550,1551,1552,-1,1553,1554,1555,-1,1556,1557,1558,-1,1559,1560,1561,-1,1562,1563,1564,-1,1565,1566,1567,-1,1568,1569,1570,-1,1571,1572,1573,-1,1574,1575,1576,-1,1577,1578,1579,-1,1580,1581,1582,-1,1583,1584,1585,-1,1586,1587,1588,-1,1589,1590,1591,-1,1592,1593,1594,-1,1586,1588,1595,-1,1574,1576,1596,-1,1562,1564,1597,-1,1550,1552,1598,-1,1538,1540,1599,-1,1600,1589,1601,-1,1601,1589,1591,-1,1601,1591,1602,-1,1602,1591,1603,-1,1602,1603,1604,-1,1604,1603,1605,-1,1604,1605,1606,-1,1606,1605,1607,-1,1606,1607,1608,-1,1608,1607,1531,-1,1609,1577,1610,-1,1610,1577,1579,-1,1610,1579,1611,-1,1611,1579,1612,-1,1611,1612,1613,-1,1613,1612,1614,-1,1613,1614,1615,-1,1615,1614,1616,-1,1615,1616,1617,-1,1617,1616,1519,-1,1618,1565,1619,-1,1619,1565,1567,-1,1619,1567,1620,-1,1620,1567,1621,-1,1620,1621,1622,-1,1622,1621,1623,-1,1622,1623,1624,-1,1624,1623,1625,-1,1624,1625,1626,-1,1626,1625,1507,-1,1627,1553,1628,-1,1628,1553,1555,-1,1628,1555,1629,-1,1629,1555,1630,-1,1629,1630,1631,-1,1631,1630,1632,-1,1631,1632,1633,-1,1633,1632,1634,-1,1633,1634,1635,-1,1635,1634,1495,-1,1636,1541,1637,-1,1637,1541,1543,-1,1637,1543,1638,-1,1638,1543,1639,-1,1638,1639,1640,-1,1640,1639,1641,-1,1640,1641,1642,-1,1642,1641,1643,-1,1642,1643,1644,-1,1644,1643,1483,-1,1645,1532,1646,-1,1646,1532,1534,-1,1646,1534,1647,-1,1647,1534,1648,-1,1647,1648,1649,-1,1649,1648,1650,-1,1649,1650,1651,-1,1651,1650,1652,-1,1651,1652,1594,-1,1594,1652,1537,-1,1594,1537,1592,-1,1592,1537,1536,-1,1593,1600,1594,-1,1594,1600,1601,-1,1594,1601,1651,-1,1651,1601,1602,-1,1651,1602,1649,-1,1649,1602,1604,-1,1649,1604,1647,-1,1647,1604,1606,-1,1647,1606,1646,-1,1646,1606,1608,-1,1646,1608,1645,-1,1645,1608,1653,-1,1531,1530,1608,-1,1608,1530,1654,-1,1608,1654,1653,-1,1527,1529,1528,-1,1528,1529,1531,-1,1528,1531,1655,-1,1655,1531,1607,-1,1655,1607,1656,-1,1656,1607,1605,-1,1656,1605,1657,-1,1657,1605,1603,-1,1657,1603,1658,-1,1658,1603,1591,-1,1658,1591,1659,-1,1659,1591,1590,-1,1660,1526,1661,-1,1661,1526,1528,-1,1661,1528,1662,-1,1662,1528,1655,-1,1662,1655,1663,-1,1663,1655,1656,-1,1663,1656,1664,-1,1664,1656,1657,-1,1664,1657,1588,-1,1588,1657,1658,-1,1588,1658,1595,-1,1595,1658,1659,-1,1587,1665,1588,-1,1588,1665,1666,-1,1588,1666,1664,-1,1664,1666,1667,-1,1664,1667,1663,-1,1663,1667,1668,-1,1663,1668,1662,-1,1662,1668,1669,-1,1662,1669,1661,-1,1661,1669,1525,-1,1661,1525,1660,-1,1660,1525,1524,-1,1665,1583,1666,-1,1666,1583,1585,-1,1666,1585,1667,-1,1667,1585,1670,-1,1667,1670,1668,-1,1668,1670,1671,-1,1668,1671,1669,-1,1669,1671,1672,-1,1669,1672,1525,-1,1525,1672,1522,-1,1525,1522,1523,-1,1523,1522,1521,-1,1673,1520,1674,-1,1674,1520,1522,-1,1674,1522,1675,-1,1675,1522,1672,-1,1675,1672,1676,-1,1676,1672,1671,-1,1676,1671,1677,-1,1677,1671,1670,-1,1677,1670,1582,-1,1582,1670,1585,-1,1582,1585,1580,-1,1580,1585,1584,-1,1581,1609,1582,-1,1582,1609,1610,-1,1582,1610,1677,-1,1677,1610,1611,-1,1677,1611,1676,-1,1676,1611,1613,-1,1676,1613,1675,-1,1675,1613,1615,-1,1675,1615,1674,-1,1674,1615,1617,-1,1674,1617,1673,-1,1673,1617,1678,-1,1519,1518,1617,-1,1617,1518,1679,-1,1617,1679,1678,-1,1515,1517,1516,-1,1516,1517,1519,-1,1516,1519,1680,-1,1680,1519,1616,-1,1680,1616,1681,-1,1681,1616,1614,-1,1681,1614,1682,-1,1682,1614,1612,-1,1682,1612,1683,-1,1683,1612,1579,-1,1683,1579,1684,-1,1684,1579,1578,-1,1685,1514,1686,-1,1686,1514,1516,-1,1686,1516,1687,-1,1687,1516,1680,-1,1687,1680,1688,-1,1688,1680,1681,-1,1688,1681,1689,-1,1689,1681,1682,-1,1689,1682,1576,-1,1576,1682,1683,-1,1576,1683,1596,-1,1596,1683,1684,-1,1575,1690,1576,-1,1576,1690,1691,-1,1576,1691,1689,-1,1689,1691,1692,-1,1689,1692,1688,-1,1688,1692,1693,-1,1688,1693,1687,-1,1687,1693,1694,-1,1687,1694,1686,-1,1686,1694,1513,-1,1686,1513,1685,-1,1685,1513,1512,-1,1690,1571,1691,-1,1691,1571,1573,-1,1691,1573,1692,-1,1692,1573,1695,-1,1692,1695,1693,-1,1693,1695,1696,-1,1693,1696,1694,-1,1694,1696,1697,-1,1694,1697,1513,-1,1513,1697,1510,-1,1513,1510,1511,-1,1511,1510,1509,-1,1698,1508,1699,-1,1699,1508,1510,-1,1699,1510,1700,-1,1700,1510,1697,-1,1700,1697,1701,-1,1701,1697,1696,-1,1701,1696,1702,-1,1702,1696,1695,-1,1702,1695,1570,-1,1570,1695,1573,-1,1570,1573,1568,-1,1568,1573,1572,-1,1569,1618,1570,-1,1570,1618,1619,-1,1570,1619,1702,-1,1702,1619,1620,-1,1702,1620,1701,-1,1701,1620,1622,-1,1701,1622,1700,-1,1700,1622,1624,-1,1700,1624,1699,-1,1699,1624,1626,-1,1699,1626,1698,-1,1698,1626,1703,-1,1507,1506,1626,-1,1626,1506,1704,-1,1626,1704,1703,-1,1503,1505,1504,-1,1504,1505,1507,-1,1504,1507,1705,-1,1705,1507,1625,-1,1705,1625,1706,-1,1706,1625,1623,-1,1706,1623,1707,-1,1707,1623,1621,-1,1707,1621,1708,-1,1708,1621,1567,-1,1708,1567,1709,-1,1709,1567,1566,-1,1710,1502,1711,-1,1711,1502,1504,-1,1711,1504,1712,-1,1712,1504,1705,-1,1712,1705,1713,-1,1713,1705,1706,-1,1713,1706,1714,-1,1714,1706,1707,-1,1714,1707,1564,-1,1564,1707,1708,-1,1564,1708,1597,-1,1597,1708,1709,-1,1563,1715,1564,-1,1564,1715,1716,-1,1564,1716,1714,-1,1714,1716,1717,-1,1714,1717,1713,-1,1713,1717,1718,-1,1713,1718,1712,-1,1712,1718,1719,-1,1712,1719,1711,-1,1711,1719,1501,-1,1711,1501,1710,-1,1710,1501,1500,-1,1715,1559,1716,-1,1716,1559,1561,-1,1716,1561,1717,-1,1717,1561,1720,-1,1717,1720,1718,-1,1718,1720,1721,-1,1718,1721,1719,-1,1719,1721,1722,-1,1719,1722,1501,-1,1501,1722,1498,-1,1501,1498,1499,-1,1499,1498,1497,-1,1723,1496,1724,-1,1724,1496,1498,-1,1724,1498,1725,-1,1725,1498,1722,-1,1725,1722,1726,-1,1726,1722,1721,-1,1726,1721,1727,-1,1727,1721,1720,-1,1727,1720,1558,-1,1558,1720,1561,-1,1558,1561,1556,-1,1556,1561,1560,-1,1557,1627,1558,-1,1558,1627,1628,-1,1558,1628,1727,-1,1727,1628,1629,-1,1727,1629,1726,-1,1726,1629,1631,-1,1726,1631,1725,-1,1725,1631,1633,-1,1725,1633,1724,-1,1724,1633,1635,-1,1724,1635,1723,-1,1723,1635,1728,-1,1495,1494,1635,-1,1635,1494,1729,-1,1635,1729,1728,-1,1491,1493,1492,-1,1492,1493,1495,-1,1492,1495,1730,-1,1730,1495,1634,-1,1730,1634,1731,-1,1731,1634,1632,-1,1731,1632,1732,-1,1732,1632,1630,-1,1732,1630,1733,-1,1733,1630,1555,-1,1733,1555,1734,-1,1734,1555,1554,-1,1735,1490,1736,-1,1736,1490,1492,-1,1736,1492,1737,-1,1737,1492,1730,-1,1737,1730,1738,-1,1738,1730,1731,-1,1738,1731,1739,-1,1739,1731,1732,-1,1739,1732,1552,-1,1552,1732,1733,-1,1552,1733,1598,-1,1598,1733,1734,-1,1551,1740,1552,-1,1552,1740,1741,-1,1552,1741,1739,-1,1739,1741,1742,-1,1739,1742,1738,-1,1738,1742,1743,-1,1738,1743,1737,-1,1737,1743,1744,-1,1737,1744,1736,-1,1736,1744,1489,-1,1736,1489,1735,-1,1735,1489,1488,-1,1740,1547,1741,-1,1741,1547,1549,-1,1741,1549,1742,-1,1742,1549,1745,-1,1742,1745,1743,-1,1743,1745,1746,-1,1743,1746,1744,-1,1744,1746,1747,-1,1744,1747,1489,-1,1489,1747,1486,-1,1489,1486,1487,-1,1487,1486,1485,-1,1748,1484,1749,-1,1749,1484,1486,-1,1749,1486,1750,-1,1750,1486,1747,-1,1750,1747,1751,-1,1751,1747,1746,-1,1751,1746,1752,-1,1752,1746,1745,-1,1752,1745,1546,-1,1546,1745,1549,-1,1546,1549,1544,-1,1544,1549,1548,-1,1545,1636,1546,-1,1546,1636,1637,-1,1546,1637,1752,-1,1752,1637,1638,-1,1752,1638,1751,-1,1751,1638,1640,-1,1751,1640,1750,-1,1750,1640,1642,-1,1750,1642,1749,-1,1749,1642,1644,-1,1749,1644,1748,-1,1748,1644,1753,-1,1483,1482,1644,-1,1644,1482,1754,-1,1644,1754,1753,-1,1479,1481,1480,-1,1480,1481,1483,-1,1480,1483,1755,-1,1755,1483,1643,-1,1755,1643,1756,-1,1756,1643,1641,-1,1756,1641,1757,-1,1757,1641,1639,-1,1757,1639,1758,-1,1758,1639,1543,-1,1758,1543,1759,-1,1759,1543,1542,-1,1760,1478,1761,-1,1761,1478,1480,-1,1761,1480,1762,-1,1762,1480,1755,-1,1762,1755,1763,-1,1763,1755,1756,-1,1763,1756,1764,-1,1764,1756,1757,-1,1764,1757,1540,-1,1540,1757,1758,-1,1540,1758,1599,-1,1599,1758,1759,-1,1539,1765,1540,-1,1540,1765,1766,-1,1540,1766,1764,-1,1764,1766,1767,-1,1764,1767,1763,-1,1763,1767,1768,-1,1763,1768,1762,-1,1762,1768,1769,-1,1762,1769,1761,-1,1761,1769,1477,-1,1761,1477,1760,-1,1760,1477,1476,-1,1765,1535,1766,-1,1766,1535,1537,-1,1766,1537,1767,-1,1767,1537,1652,-1,1767,1652,1768,-1,1768,1652,1650,-1,1768,1650,1769,-1,1769,1650,1648,-1,1769,1648,1477,-1,1477,1648,1534,-1,1477,1534,1475,-1,1475,1534,1533,-1,1770,1771,1772,-1,1773,1774,1775,-1,1776,1777,1778,-1,1779,1780,1781,-1,1782,1783,1784,-1,1785,1786,1787,-1,1788,1789,1790,-1,1791,1792,1793,-1,1794,1795,1796,-1,1797,1798,1799,-1,1800,1801,1802,-1,1803,1804,1805,-1,1806,1807,1808,-1,1809,1810,1811,-1,1812,1813,1814,-1,1815,1816,1817,-1,1818,1819,1820,-1,1821,1822,1823,-1,1824,1825,1826,-1,1827,1828,1829,-1,1830,1831,1832,-1,1833,1834,1835,-1,1836,1837,1838,-1,1839,1840,1841,-1,1842,1843,1844,-1,1845,1846,1847,-1,1848,1849,1850,-1,1851,1852,1853,-1,1854,1855,1856,-1,1857,1858,1859,-1,1860,1861,1862,-1,1863,1864,1865,-1,1866,1867,1868,-1,1869,1870,1871,-1,1872,1873,1874,-1,1875,1876,1877,-1,1878,1879,1880,-1,1881,1882,1883,-1,1884,1885,1886,-1,1887,1888,1889,-1,1881,1883,1890,-1,1869,1871,1891,-1,1857,1859,1892,-1,1845,1847,1893,-1,1833,1835,1894,-1,1895,1884,1896,-1,1896,1884,1886,-1,1896,1886,1897,-1,1897,1886,1898,-1,1897,1898,1899,-1,1899,1898,1900,-1,1899,1900,1901,-1,1901,1900,1902,-1,1901,1902,1903,-1,1903,1902,1826,-1,1904,1872,1905,-1,1905,1872,1874,-1,1905,1874,1906,-1,1906,1874,1907,-1,1906,1907,1908,-1,1908,1907,1909,-1,1908,1909,1910,-1,1910,1909,1911,-1,1910,1911,1912,-1,1912,1911,1814,-1,1913,1860,1914,-1,1914,1860,1862,-1,1914,1862,1915,-1,1915,1862,1916,-1,1915,1916,1917,-1,1917,1916,1918,-1,1917,1918,1919,-1,1919,1918,1920,-1,1919,1920,1921,-1,1921,1920,1802,-1,1922,1848,1923,-1,1923,1848,1850,-1,1923,1850,1924,-1,1924,1850,1925,-1,1924,1925,1926,-1,1926,1925,1927,-1,1926,1927,1928,-1,1928,1927,1929,-1,1928,1929,1930,-1,1930,1929,1790,-1,1931,1836,1932,-1,1932,1836,1838,-1,1932,1838,1933,-1,1933,1838,1934,-1,1933,1934,1935,-1,1935,1934,1936,-1,1935,1936,1937,-1,1937,1936,1938,-1,1937,1938,1939,-1,1939,1938,1778,-1,1940,1827,1941,-1,1941,1827,1829,-1,1941,1829,1942,-1,1942,1829,1943,-1,1942,1943,1944,-1,1944,1943,1945,-1,1944,1945,1946,-1,1946,1945,1947,-1,1946,1947,1889,-1,1889,1947,1832,-1,1889,1832,1887,-1,1887,1832,1831,-1,1888,1895,1889,-1,1889,1895,1896,-1,1889,1896,1946,-1,1946,1896,1897,-1,1946,1897,1944,-1,1944,1897,1899,-1,1944,1899,1942,-1,1942,1899,1901,-1,1942,1901,1941,-1,1941,1901,1903,-1,1941,1903,1940,-1,1940,1903,1948,-1,1826,1825,1903,-1,1903,1825,1949,-1,1903,1949,1948,-1,1822,1824,1823,-1,1823,1824,1826,-1,1823,1826,1950,-1,1950,1826,1902,-1,1950,1902,1951,-1,1951,1902,1900,-1,1951,1900,1952,-1,1952,1900,1898,-1,1952,1898,1953,-1,1953,1898,1886,-1,1953,1886,1954,-1,1954,1886,1885,-1,1955,1821,1956,-1,1956,1821,1823,-1,1956,1823,1957,-1,1957,1823,1950,-1,1957,1950,1958,-1,1958,1950,1951,-1,1958,1951,1959,-1,1959,1951,1952,-1,1959,1952,1883,-1,1883,1952,1953,-1,1883,1953,1890,-1,1890,1953,1954,-1,1882,1960,1883,-1,1883,1960,1961,-1,1883,1961,1959,-1,1959,1961,1962,-1,1959,1962,1958,-1,1958,1962,1963,-1,1958,1963,1957,-1,1957,1963,1964,-1,1957,1964,1956,-1,1956,1964,1820,-1,1956,1820,1955,-1,1955,1820,1819,-1,1960,1878,1961,-1,1961,1878,1880,-1,1961,1880,1962,-1,1962,1880,1965,-1,1962,1965,1963,-1,1963,1965,1966,-1,1963,1966,1964,-1,1964,1966,1967,-1,1964,1967,1820,-1,1820,1967,1817,-1,1820,1817,1818,-1,1818,1817,1816,-1,1968,1815,1969,-1,1969,1815,1817,-1,1969,1817,1970,-1,1970,1817,1967,-1,1970,1967,1971,-1,1971,1967,1966,-1,1971,1966,1972,-1,1972,1966,1965,-1,1972,1965,1877,-1,1877,1965,1880,-1,1877,1880,1875,-1,1875,1880,1879,-1,1876,1904,1877,-1,1877,1904,1905,-1,1877,1905,1972,-1,1972,1905,1906,-1,1972,1906,1971,-1,1971,1906,1908,-1,1971,1908,1970,-1,1970,1908,1910,-1,1970,1910,1969,-1,1969,1910,1912,-1,1969,1912,1968,-1,1968,1912,1973,-1,1814,1813,1912,-1,1912,1813,1974,-1,1912,1974,1973,-1,1810,1812,1811,-1,1811,1812,1814,-1,1811,1814,1975,-1,1975,1814,1911,-1,1975,1911,1976,-1,1976,1911,1909,-1,1976,1909,1977,-1,1977,1909,1907,-1,1977,1907,1978,-1,1978,1907,1874,-1,1978,1874,1979,-1,1979,1874,1873,-1,1980,1809,1981,-1,1981,1809,1811,-1,1981,1811,1982,-1,1982,1811,1975,-1,1982,1975,1983,-1,1983,1975,1976,-1,1983,1976,1984,-1,1984,1976,1977,-1,1984,1977,1871,-1,1871,1977,1978,-1,1871,1978,1891,-1,1891,1978,1979,-1,1870,1985,1871,-1,1871,1985,1986,-1,1871,1986,1984,-1,1984,1986,1987,-1,1984,1987,1983,-1,1983,1987,1988,-1,1983,1988,1982,-1,1982,1988,1989,-1,1982,1989,1981,-1,1981,1989,1808,-1,1981,1808,1980,-1,1980,1808,1807,-1,1985,1866,1986,-1,1986,1866,1868,-1,1986,1868,1987,-1,1987,1868,1990,-1,1987,1990,1988,-1,1988,1990,1991,-1,1988,1991,1989,-1,1989,1991,1992,-1,1989,1992,1808,-1,1808,1992,1805,-1,1808,1805,1806,-1,1806,1805,1804,-1,1993,1803,1994,-1,1994,1803,1805,-1,1994,1805,1995,-1,1995,1805,1992,-1,1995,1992,1996,-1,1996,1992,1991,-1,1996,1991,1997,-1,1997,1991,1990,-1,1997,1990,1865,-1,1865,1990,1868,-1,1865,1868,1863,-1,1863,1868,1867,-1,1864,1913,1865,-1,1865,1913,1914,-1,1865,1914,1997,-1,1997,1914,1915,-1,1997,1915,1996,-1,1996,1915,1917,-1,1996,1917,1995,-1,1995,1917,1919,-1,1995,1919,1994,-1,1994,1919,1921,-1,1994,1921,1993,-1,1993,1921,1998,-1,1802,1801,1921,-1,1921,1801,1999,-1,1921,1999,1998,-1,1798,1800,1799,-1,1799,1800,1802,-1,1799,1802,2000,-1,2000,1802,1920,-1,2000,1920,2001,-1,2001,1920,1918,-1,2001,1918,2002,-1,2002,1918,1916,-1,2002,1916,2003,-1,2003,1916,1862,-1,2003,1862,2004,-1,2004,1862,1861,-1,2005,1797,2006,-1,2006,1797,1799,-1,2006,1799,2007,-1,2007,1799,2000,-1,2007,2000,2008,-1,2008,2000,2001,-1,2008,2001,2009,-1,2009,2001,2002,-1,2009,2002,1859,-1,1859,2002,2003,-1,1859,2003,1892,-1,1892,2003,2004,-1,1858,2010,1859,-1,1859,2010,2011,-1,1859,2011,2009,-1,2009,2011,2012,-1,2009,2012,2008,-1,2008,2012,2013,-1,2008,2013,2007,-1,2007,2013,2014,-1,2007,2014,2006,-1,2006,2014,1796,-1,2006,1796,2005,-1,2005,1796,1795,-1,2010,1854,2011,-1,2011,1854,1856,-1,2011,1856,2012,-1,2012,1856,2015,-1,2012,2015,2013,-1,2013,2015,2016,-1,2013,2016,2014,-1,2014,2016,2017,-1,2014,2017,1796,-1,1796,2017,1793,-1,1796,1793,1794,-1,1794,1793,1792,-1,2018,1791,2019,-1,2019,1791,1793,-1,2019,1793,2020,-1,2020,1793,2017,-1,2020,2017,2021,-1,2021,2017,2016,-1,2021,2016,2022,-1,2022,2016,2015,-1,2022,2015,1853,-1,1853,2015,1856,-1,1853,1856,1851,-1,1851,1856,1855,-1,1852,1922,1853,-1,1853,1922,1923,-1,1853,1923,2022,-1,2022,1923,1924,-1,2022,1924,2021,-1,2021,1924,1926,-1,2021,1926,2020,-1,2020,1926,1928,-1,2020,1928,2019,-1,2019,1928,1930,-1,2019,1930,2018,-1,2018,1930,2023,-1,1790,1789,1930,-1,1930,1789,2024,-1,1930,2024,2023,-1,1786,1788,1787,-1,1787,1788,1790,-1,1787,1790,2025,-1,2025,1790,1929,-1,2025,1929,2026,-1,2026,1929,1927,-1,2026,1927,2027,-1,2027,1927,1925,-1,2027,1925,2028,-1,2028,1925,1850,-1,2028,1850,2029,-1,2029,1850,1849,-1,2030,1785,2031,-1,2031,1785,1787,-1,2031,1787,2032,-1,2032,1787,2025,-1,2032,2025,2033,-1,2033,2025,2026,-1,2033,2026,2034,-1,2034,2026,2027,-1,2034,2027,1847,-1,1847,2027,2028,-1,1847,2028,1893,-1,1893,2028,2029,-1,1846,2035,1847,-1,1847,2035,2036,-1,1847,2036,2034,-1,2034,2036,2037,-1,2034,2037,2033,-1,2033,2037,2038,-1,2033,2038,2032,-1,2032,2038,2039,-1,2032,2039,2031,-1,2031,2039,1784,-1,2031,1784,2030,-1,2030,1784,1783,-1,2035,1842,2036,-1,2036,1842,1844,-1,2036,1844,2037,-1,2037,1844,2040,-1,2037,2040,2038,-1,2038,2040,2041,-1,2038,2041,2039,-1,2039,2041,2042,-1,2039,2042,1784,-1,1784,2042,1781,-1,1784,1781,1782,-1,1782,1781,1780,-1,2043,1779,2044,-1,2044,1779,1781,-1,2044,1781,2045,-1,2045,1781,2042,-1,2045,2042,2046,-1,2046,2042,2041,-1,2046,2041,2047,-1,2047,2041,2040,-1,2047,2040,1841,-1,1841,2040,1844,-1,1841,1844,1839,-1,1839,1844,1843,-1,1840,1931,1841,-1,1841,1931,1932,-1,1841,1932,2047,-1,2047,1932,1933,-1,2047,1933,2046,-1,2046,1933,1935,-1,2046,1935,2045,-1,2045,1935,1937,-1,2045,1937,2044,-1,2044,1937,1939,-1,2044,1939,2043,-1,2043,1939,2048,-1,1778,1777,1939,-1,1939,1777,2049,-1,1939,2049,2048,-1,1774,1776,1775,-1,1775,1776,1778,-1,1775,1778,2050,-1,2050,1778,1938,-1,2050,1938,2051,-1,2051,1938,1936,-1,2051,1936,2052,-1,2052,1936,1934,-1,2052,1934,2053,-1,2053,1934,1838,-1,2053,1838,2054,-1,2054,1838,1837,-1,2055,1773,2056,-1,2056,1773,1775,-1,2056,1775,2057,-1,2057,1775,2050,-1,2057,2050,2058,-1,2058,2050,2051,-1,2058,2051,2059,-1,2059,2051,2052,-1,2059,2052,1835,-1,1835,2052,2053,-1,1835,2053,1894,-1,1894,2053,2054,-1,1834,2060,1835,-1,1835,2060,2061,-1,1835,2061,2059,-1,2059,2061,2062,-1,2059,2062,2058,-1,2058,2062,2063,-1,2058,2063,2057,-1,2057,2063,2064,-1,2057,2064,2056,-1,2056,2064,1772,-1,2056,1772,2055,-1,2055,1772,1771,-1,2060,1830,2061,-1,2061,1830,1832,-1,2061,1832,2062,-1,2062,1832,1947,-1,2062,1947,2063,-1,2063,1947,1945,-1,2063,1945,2064,-1,2064,1945,1943,-1,2064,1943,1772,-1,1772,1943,1829,-1,1772,1829,1770,-1,1770,1829,1828,-1,2065,2066,2067,-1,2068,2069,2070,-1,2071,2072,2073,-1,2074,2075,2076,-1,2077,2078,2079,-1,2080,2081,2082,-1,2083,2084,2085,-1,2086,2087,2088,-1,2089,2090,2091,-1,2092,2093,2094,-1,2095,2096,2097,-1,2098,2099,2100,-1,2101,2102,2103,-1,2104,2105,2106,-1,2107,2108,2109,-1,2110,2111,2112,-1,2113,2114,2115,-1,2116,2117,2118,-1,2119,2120,2121,-1,2122,2123,2124,-1,2125,2126,2127,-1,2128,2129,2130,-1,2131,2132,2133,-1,2134,2135,2136,-1,2137,2138,2139,-1,2140,2141,2142,-1,2143,2144,2145,-1,2146,2147,2148,-1,2149,2150,2151,-1,2152,2153,2154,-1,2155,2156,2157,-1,2158,2159,2160,-1,2161,2162,2163,-1,2164,2165,2166,-1,2167,2168,2169,-1,2170,2171,2172,-1,2173,2174,2175,-1,2176,2177,2178,-1,2179,2180,2181,-1,2182,2183,2184,-1,2176,2178,2185,-1,2164,2166,2186,-1,2152,2154,2187,-1,2140,2142,2188,-1,2128,2130,2189,-1,2190,2179,2191,-1,2191,2179,2181,-1,2191,2181,2192,-1,2192,2181,2193,-1,2192,2193,2194,-1,2194,2193,2195,-1,2194,2195,2196,-1,2196,2195,2197,-1,2196,2197,2198,-1,2198,2197,2121,-1,2199,2167,2200,-1,2200,2167,2169,-1,2200,2169,2201,-1,2201,2169,2202,-1,2201,2202,2203,-1,2203,2202,2204,-1,2203,2204,2205,-1,2205,2204,2206,-1,2205,2206,2207,-1,2207,2206,2109,-1,2208,2155,2209,-1,2209,2155,2157,-1,2209,2157,2210,-1,2210,2157,2211,-1,2210,2211,2212,-1,2212,2211,2213,-1,2212,2213,2214,-1,2214,2213,2215,-1,2214,2215,2216,-1,2216,2215,2097,-1,2217,2143,2218,-1,2218,2143,2145,-1,2218,2145,2219,-1,2219,2145,2220,-1,2219,2220,2221,-1,2221,2220,2222,-1,2221,2222,2223,-1,2223,2222,2224,-1,2223,2224,2225,-1,2225,2224,2085,-1,2226,2131,2227,-1,2227,2131,2133,-1,2227,2133,2228,-1,2228,2133,2229,-1,2228,2229,2230,-1,2230,2229,2231,-1,2230,2231,2232,-1,2232,2231,2233,-1,2232,2233,2234,-1,2234,2233,2073,-1,2235,2122,2236,-1,2236,2122,2124,-1,2236,2124,2237,-1,2237,2124,2238,-1,2237,2238,2239,-1,2239,2238,2240,-1,2239,2240,2241,-1,2241,2240,2242,-1,2241,2242,2184,-1,2184,2242,2127,-1,2184,2127,2182,-1,2182,2127,2126,-1,2183,2190,2184,-1,2184,2190,2191,-1,2184,2191,2241,-1,2241,2191,2192,-1,2241,2192,2239,-1,2239,2192,2194,-1,2239,2194,2237,-1,2237,2194,2196,-1,2237,2196,2236,-1,2236,2196,2198,-1,2236,2198,2235,-1,2235,2198,2243,-1,2121,2120,2198,-1,2198,2120,2244,-1,2198,2244,2243,-1,2117,2119,2118,-1,2118,2119,2121,-1,2118,2121,2245,-1,2245,2121,2197,-1,2245,2197,2246,-1,2246,2197,2195,-1,2246,2195,2247,-1,2247,2195,2193,-1,2247,2193,2248,-1,2248,2193,2181,-1,2248,2181,2249,-1,2249,2181,2180,-1,2250,2116,2251,-1,2251,2116,2118,-1,2251,2118,2252,-1,2252,2118,2245,-1,2252,2245,2253,-1,2253,2245,2246,-1,2253,2246,2254,-1,2254,2246,2247,-1,2254,2247,2178,-1,2178,2247,2248,-1,2178,2248,2185,-1,2185,2248,2249,-1,2177,2255,2178,-1,2178,2255,2256,-1,2178,2256,2254,-1,2254,2256,2257,-1,2254,2257,2253,-1,2253,2257,2258,-1,2253,2258,2252,-1,2252,2258,2259,-1,2252,2259,2251,-1,2251,2259,2115,-1,2251,2115,2250,-1,2250,2115,2114,-1,2255,2173,2256,-1,2256,2173,2175,-1,2256,2175,2257,-1,2257,2175,2260,-1,2257,2260,2258,-1,2258,2260,2261,-1,2258,2261,2259,-1,2259,2261,2262,-1,2259,2262,2115,-1,2115,2262,2112,-1,2115,2112,2113,-1,2113,2112,2111,-1,2263,2110,2264,-1,2264,2110,2112,-1,2264,2112,2265,-1,2265,2112,2262,-1,2265,2262,2266,-1,2266,2262,2261,-1,2266,2261,2267,-1,2267,2261,2260,-1,2267,2260,2172,-1,2172,2260,2175,-1,2172,2175,2170,-1,2170,2175,2174,-1,2171,2199,2172,-1,2172,2199,2200,-1,2172,2200,2267,-1,2267,2200,2201,-1,2267,2201,2266,-1,2266,2201,2203,-1,2266,2203,2265,-1,2265,2203,2205,-1,2265,2205,2264,-1,2264,2205,2207,-1,2264,2207,2263,-1,2263,2207,2268,-1,2109,2108,2207,-1,2207,2108,2269,-1,2207,2269,2268,-1,2105,2107,2106,-1,2106,2107,2109,-1,2106,2109,2270,-1,2270,2109,2206,-1,2270,2206,2271,-1,2271,2206,2204,-1,2271,2204,2272,-1,2272,2204,2202,-1,2272,2202,2273,-1,2273,2202,2169,-1,2273,2169,2274,-1,2274,2169,2168,-1,2275,2104,2276,-1,2276,2104,2106,-1,2276,2106,2277,-1,2277,2106,2270,-1,2277,2270,2278,-1,2278,2270,2271,-1,2278,2271,2279,-1,2279,2271,2272,-1,2279,2272,2166,-1,2166,2272,2273,-1,2166,2273,2186,-1,2186,2273,2274,-1,2165,2280,2166,-1,2166,2280,2281,-1,2166,2281,2279,-1,2279,2281,2282,-1,2279,2282,2278,-1,2278,2282,2283,-1,2278,2283,2277,-1,2277,2283,2284,-1,2277,2284,2276,-1,2276,2284,2103,-1,2276,2103,2275,-1,2275,2103,2102,-1,2280,2161,2281,-1,2281,2161,2163,-1,2281,2163,2282,-1,2282,2163,2285,-1,2282,2285,2283,-1,2283,2285,2286,-1,2283,2286,2284,-1,2284,2286,2287,-1,2284,2287,2103,-1,2103,2287,2100,-1,2103,2100,2101,-1,2101,2100,2099,-1,2288,2098,2289,-1,2289,2098,2100,-1,2289,2100,2290,-1,2290,2100,2287,-1,2290,2287,2291,-1,2291,2287,2286,-1,2291,2286,2292,-1,2292,2286,2285,-1,2292,2285,2160,-1,2160,2285,2163,-1,2160,2163,2158,-1,2158,2163,2162,-1,2159,2208,2160,-1,2160,2208,2209,-1,2160,2209,2292,-1,2292,2209,2210,-1,2292,2210,2291,-1,2291,2210,2212,-1,2291,2212,2290,-1,2290,2212,2214,-1,2290,2214,2289,-1,2289,2214,2216,-1,2289,2216,2288,-1,2288,2216,2293,-1,2097,2096,2216,-1,2216,2096,2294,-1,2216,2294,2293,-1,2093,2095,2094,-1,2094,2095,2097,-1,2094,2097,2295,-1,2295,2097,2215,-1,2295,2215,2296,-1,2296,2215,2213,-1,2296,2213,2297,-1,2297,2213,2211,-1,2297,2211,2298,-1,2298,2211,2157,-1,2298,2157,2299,-1,2299,2157,2156,-1,2300,2092,2301,-1,2301,2092,2094,-1,2301,2094,2302,-1,2302,2094,2295,-1,2302,2295,2303,-1,2303,2295,2296,-1,2303,2296,2304,-1,2304,2296,2297,-1,2304,2297,2154,-1,2154,2297,2298,-1,2154,2298,2187,-1,2187,2298,2299,-1,2153,2305,2154,-1,2154,2305,2306,-1,2154,2306,2304,-1,2304,2306,2307,-1,2304,2307,2303,-1,2303,2307,2308,-1,2303,2308,2302,-1,2302,2308,2309,-1,2302,2309,2301,-1,2301,2309,2091,-1,2301,2091,2300,-1,2300,2091,2090,-1,2305,2149,2306,-1,2306,2149,2151,-1,2306,2151,2307,-1,2307,2151,2310,-1,2307,2310,2308,-1,2308,2310,2311,-1,2308,2311,2309,-1,2309,2311,2312,-1,2309,2312,2091,-1,2091,2312,2088,-1,2091,2088,2089,-1,2089,2088,2087,-1,2313,2086,2314,-1,2314,2086,2088,-1,2314,2088,2315,-1,2315,2088,2312,-1,2315,2312,2316,-1,2316,2312,2311,-1,2316,2311,2317,-1,2317,2311,2310,-1,2317,2310,2148,-1,2148,2310,2151,-1,2148,2151,2146,-1,2146,2151,2150,-1,2147,2217,2148,-1,2148,2217,2218,-1,2148,2218,2317,-1,2317,2218,2219,-1,2317,2219,2316,-1,2316,2219,2221,-1,2316,2221,2315,-1,2315,2221,2223,-1,2315,2223,2314,-1,2314,2223,2225,-1,2314,2225,2313,-1,2313,2225,2318,-1,2085,2084,2225,-1,2225,2084,2319,-1,2225,2319,2318,-1,2081,2083,2082,-1,2082,2083,2085,-1,2082,2085,2320,-1,2320,2085,2224,-1,2320,2224,2321,-1,2321,2224,2222,-1,2321,2222,2322,-1,2322,2222,2220,-1,2322,2220,2323,-1,2323,2220,2145,-1,2323,2145,2324,-1,2324,2145,2144,-1,2325,2080,2326,-1,2326,2080,2082,-1,2326,2082,2327,-1,2327,2082,2320,-1,2327,2320,2328,-1,2328,2320,2321,-1,2328,2321,2329,-1,2329,2321,2322,-1,2329,2322,2142,-1,2142,2322,2323,-1,2142,2323,2188,-1,2188,2323,2324,-1,2141,2330,2142,-1,2142,2330,2331,-1,2142,2331,2329,-1,2329,2331,2332,-1,2329,2332,2328,-1,2328,2332,2333,-1,2328,2333,2327,-1,2327,2333,2334,-1,2327,2334,2326,-1,2326,2334,2079,-1,2326,2079,2325,-1,2325,2079,2078,-1,2330,2137,2331,-1,2331,2137,2139,-1,2331,2139,2332,-1,2332,2139,2335,-1,2332,2335,2333,-1,2333,2335,2336,-1,2333,2336,2334,-1,2334,2336,2337,-1,2334,2337,2079,-1,2079,2337,2076,-1,2079,2076,2077,-1,2077,2076,2075,-1,2338,2074,2339,-1,2339,2074,2076,-1,2339,2076,2340,-1,2340,2076,2337,-1,2340,2337,2341,-1,2341,2337,2336,-1,2341,2336,2342,-1,2342,2336,2335,-1,2342,2335,2136,-1,2136,2335,2139,-1,2136,2139,2134,-1,2134,2139,2138,-1,2135,2226,2136,-1,2136,2226,2227,-1,2136,2227,2342,-1,2342,2227,2228,-1,2342,2228,2341,-1,2341,2228,2230,-1,2341,2230,2340,-1,2340,2230,2232,-1,2340,2232,2339,-1,2339,2232,2234,-1,2339,2234,2338,-1,2338,2234,2343,-1,2073,2072,2234,-1,2234,2072,2344,-1,2234,2344,2343,-1,2069,2071,2070,-1,2070,2071,2073,-1,2070,2073,2345,-1,2345,2073,2233,-1,2345,2233,2346,-1,2346,2233,2231,-1,2346,2231,2347,-1,2347,2231,2229,-1,2347,2229,2348,-1,2348,2229,2133,-1,2348,2133,2349,-1,2349,2133,2132,-1,2350,2068,2351,-1,2351,2068,2070,-1,2351,2070,2352,-1,2352,2070,2345,-1,2352,2345,2353,-1,2353,2345,2346,-1,2353,2346,2354,-1,2354,2346,2347,-1,2354,2347,2130,-1,2130,2347,2348,-1,2130,2348,2189,-1,2189,2348,2349,-1,2129,2355,2130,-1,2130,2355,2356,-1,2130,2356,2354,-1,2354,2356,2357,-1,2354,2357,2353,-1,2353,2357,2358,-1,2353,2358,2352,-1,2352,2358,2359,-1,2352,2359,2351,-1,2351,2359,2067,-1,2351,2067,2350,-1,2350,2067,2066,-1,2355,2125,2356,-1,2356,2125,2127,-1,2356,2127,2357,-1,2357,2127,2242,-1,2357,2242,2358,-1,2358,2242,2240,-1,2358,2240,2359,-1,2359,2240,2238,-1,2359,2238,2067,-1,2067,2238,2124,-1,2067,2124,2065,-1,2065,2124,2123,-1,2360,2361,2362,-1,2363,2364,2365,-1,2366,2367,2368,-1,2369,2370,2371,-1,2372,2373,2374,-1,2375,2376,2377,-1,2378,2379,2380,-1,2381,2382,2383,-1,2384,2385,2386,-1,2387,2388,2389,-1,2390,2391,2392,-1,2393,2394,2395,-1,2396,2397,2398,-1,2399,2400,2401,-1,2402,2403,2404,-1,2405,2406,2407,-1,2408,2409,2410,-1,2411,2412,2413,-1,2414,2415,2416,-1,2417,2418,2419,-1,2420,2421,2422,-1,2423,2424,2425,-1,2426,2427,2428,-1,2429,2430,2431,-1,2432,2433,2434,-1,2435,2436,2437,-1,2438,2439,2440,-1,2441,2442,2443,-1,2444,2445,2446,-1,2447,2448,2449,-1,2450,2451,2452,-1,2453,2454,2455,-1,2456,2457,2458,-1,2459,2460,2461,-1,2462,2463,2464,-1,2465,2466,2467,-1,2468,2469,2470,-1,2471,2472,2473,-1,2474,2475,2476,-1,2477,2478,2479,-1,2471,2473,2480,-1,2459,2461,2481,-1,2447,2449,2482,-1,2435,2437,2483,-1,2423,2425,2484,-1,2485,2474,2486,-1,2486,2474,2476,-1,2486,2476,2487,-1,2487,2476,2488,-1,2487,2488,2489,-1,2489,2488,2490,-1,2489,2490,2491,-1,2491,2490,2492,-1,2491,2492,2493,-1,2493,2492,2416,-1,2494,2462,2495,-1,2495,2462,2464,-1,2495,2464,2496,-1,2496,2464,2497,-1,2496,2497,2498,-1,2498,2497,2499,-1,2498,2499,2500,-1,2500,2499,2501,-1,2500,2501,2502,-1,2502,2501,2404,-1,2503,2450,2504,-1,2504,2450,2452,-1,2504,2452,2505,-1,2505,2452,2506,-1,2505,2506,2507,-1,2507,2506,2508,-1,2507,2508,2509,-1,2509,2508,2510,-1,2509,2510,2511,-1,2511,2510,2392,-1,2512,2438,2513,-1,2513,2438,2440,-1,2513,2440,2514,-1,2514,2440,2515,-1,2514,2515,2516,-1,2516,2515,2517,-1,2516,2517,2518,-1,2518,2517,2519,-1,2518,2519,2520,-1,2520,2519,2380,-1,2521,2426,2522,-1,2522,2426,2428,-1,2522,2428,2523,-1,2523,2428,2524,-1,2523,2524,2525,-1,2525,2524,2526,-1,2525,2526,2527,-1,2527,2526,2528,-1,2527,2528,2529,-1,2529,2528,2368,-1,2530,2417,2531,-1,2531,2417,2419,-1,2531,2419,2532,-1,2532,2419,2533,-1,2532,2533,2534,-1,2534,2533,2535,-1,2534,2535,2536,-1,2536,2535,2537,-1,2536,2537,2479,-1,2479,2537,2422,-1,2479,2422,2477,-1,2477,2422,2421,-1,2478,2485,2479,-1,2479,2485,2486,-1,2479,2486,2536,-1,2536,2486,2487,-1,2536,2487,2534,-1,2534,2487,2489,-1,2534,2489,2532,-1,2532,2489,2491,-1,2532,2491,2531,-1,2531,2491,2493,-1,2531,2493,2530,-1,2530,2493,2538,-1,2416,2415,2493,-1,2493,2415,2539,-1,2493,2539,2538,-1,2412,2414,2413,-1,2413,2414,2416,-1,2413,2416,2540,-1,2540,2416,2492,-1,2540,2492,2541,-1,2541,2492,2490,-1,2541,2490,2542,-1,2542,2490,2488,-1,2542,2488,2543,-1,2543,2488,2476,-1,2543,2476,2544,-1,2544,2476,2475,-1,2545,2411,2546,-1,2546,2411,2413,-1,2546,2413,2547,-1,2547,2413,2540,-1,2547,2540,2548,-1,2548,2540,2541,-1,2548,2541,2549,-1,2549,2541,2542,-1,2549,2542,2473,-1,2473,2542,2543,-1,2473,2543,2480,-1,2480,2543,2544,-1,2472,2550,2473,-1,2473,2550,2551,-1,2473,2551,2549,-1,2549,2551,2552,-1,2549,2552,2548,-1,2548,2552,2553,-1,2548,2553,2547,-1,2547,2553,2554,-1,2547,2554,2546,-1,2546,2554,2410,-1,2546,2410,2545,-1,2545,2410,2409,-1,2550,2468,2551,-1,2551,2468,2470,-1,2551,2470,2552,-1,2552,2470,2555,-1,2552,2555,2553,-1,2553,2555,2556,-1,2553,2556,2554,-1,2554,2556,2557,-1,2554,2557,2410,-1,2410,2557,2407,-1,2410,2407,2408,-1,2408,2407,2406,-1,2558,2405,2559,-1,2559,2405,2407,-1,2559,2407,2560,-1,2560,2407,2557,-1,2560,2557,2561,-1,2561,2557,2556,-1,2561,2556,2562,-1,2562,2556,2555,-1,2562,2555,2467,-1,2467,2555,2470,-1,2467,2470,2465,-1,2465,2470,2469,-1,2466,2494,2467,-1,2467,2494,2495,-1,2467,2495,2562,-1,2562,2495,2496,-1,2562,2496,2561,-1,2561,2496,2498,-1,2561,2498,2560,-1,2560,2498,2500,-1,2560,2500,2559,-1,2559,2500,2502,-1,2559,2502,2558,-1,2558,2502,2563,-1,2404,2403,2502,-1,2502,2403,2564,-1,2502,2564,2563,-1,2400,2402,2401,-1,2401,2402,2404,-1,2401,2404,2565,-1,2565,2404,2501,-1,2565,2501,2566,-1,2566,2501,2499,-1,2566,2499,2567,-1,2567,2499,2497,-1,2567,2497,2568,-1,2568,2497,2464,-1,2568,2464,2569,-1,2569,2464,2463,-1,2570,2399,2571,-1,2571,2399,2401,-1,2571,2401,2572,-1,2572,2401,2565,-1,2572,2565,2573,-1,2573,2565,2566,-1,2573,2566,2574,-1,2574,2566,2567,-1,2574,2567,2461,-1,2461,2567,2568,-1,2461,2568,2481,-1,2481,2568,2569,-1,2460,2575,2461,-1,2461,2575,2576,-1,2461,2576,2574,-1,2574,2576,2577,-1,2574,2577,2573,-1,2573,2577,2578,-1,2573,2578,2572,-1,2572,2578,2579,-1,2572,2579,2571,-1,2571,2579,2398,-1,2571,2398,2570,-1,2570,2398,2397,-1,2575,2456,2576,-1,2576,2456,2458,-1,2576,2458,2577,-1,2577,2458,2580,-1,2577,2580,2578,-1,2578,2580,2581,-1,2578,2581,2579,-1,2579,2581,2582,-1,2579,2582,2398,-1,2398,2582,2395,-1,2398,2395,2396,-1,2396,2395,2394,-1,2583,2393,2584,-1,2584,2393,2395,-1,2584,2395,2585,-1,2585,2395,2582,-1,2585,2582,2586,-1,2586,2582,2581,-1,2586,2581,2587,-1,2587,2581,2580,-1,2587,2580,2455,-1,2455,2580,2458,-1,2455,2458,2453,-1,2453,2458,2457,-1,2454,2503,2455,-1,2455,2503,2504,-1,2455,2504,2587,-1,2587,2504,2505,-1,2587,2505,2586,-1,2586,2505,2507,-1,2586,2507,2585,-1,2585,2507,2509,-1,2585,2509,2584,-1,2584,2509,2511,-1,2584,2511,2583,-1,2583,2511,2588,-1,2392,2391,2511,-1,2511,2391,2589,-1,2511,2589,2588,-1,2388,2390,2389,-1,2389,2390,2392,-1,2389,2392,2590,-1,2590,2392,2510,-1,2590,2510,2591,-1,2591,2510,2508,-1,2591,2508,2592,-1,2592,2508,2506,-1,2592,2506,2593,-1,2593,2506,2452,-1,2593,2452,2594,-1,2594,2452,2451,-1,2595,2387,2596,-1,2596,2387,2389,-1,2596,2389,2597,-1,2597,2389,2590,-1,2597,2590,2598,-1,2598,2590,2591,-1,2598,2591,2599,-1,2599,2591,2592,-1,2599,2592,2449,-1,2449,2592,2593,-1,2449,2593,2482,-1,2482,2593,2594,-1,2448,2600,2449,-1,2449,2600,2601,-1,2449,2601,2599,-1,2599,2601,2602,-1,2599,2602,2598,-1,2598,2602,2603,-1,2598,2603,2597,-1,2597,2603,2604,-1,2597,2604,2596,-1,2596,2604,2386,-1,2596,2386,2595,-1,2595,2386,2385,-1,2600,2444,2601,-1,2601,2444,2446,-1,2601,2446,2602,-1,2602,2446,2605,-1,2602,2605,2603,-1,2603,2605,2606,-1,2603,2606,2604,-1,2604,2606,2607,-1,2604,2607,2386,-1,2386,2607,2383,-1,2386,2383,2384,-1,2384,2383,2382,-1,2608,2381,2609,-1,2609,2381,2383,-1,2609,2383,2610,-1,2610,2383,2607,-1,2610,2607,2611,-1,2611,2607,2606,-1,2611,2606,2612,-1,2612,2606,2605,-1,2612,2605,2443,-1,2443,2605,2446,-1,2443,2446,2441,-1,2441,2446,2445,-1,2442,2512,2443,-1,2443,2512,2513,-1,2443,2513,2612,-1,2612,2513,2514,-1,2612,2514,2611,-1,2611,2514,2516,-1,2611,2516,2610,-1,2610,2516,2518,-1,2610,2518,2609,-1,2609,2518,2520,-1,2609,2520,2608,-1,2608,2520,2613,-1,2380,2379,2520,-1,2520,2379,2614,-1,2520,2614,2613,-1,2376,2378,2377,-1,2377,2378,2380,-1,2377,2380,2615,-1,2615,2380,2519,-1,2615,2519,2616,-1,2616,2519,2517,-1,2616,2517,2617,-1,2617,2517,2515,-1,2617,2515,2618,-1,2618,2515,2440,-1,2618,2440,2619,-1,2619,2440,2439,-1,2620,2375,2621,-1,2621,2375,2377,-1,2621,2377,2622,-1,2622,2377,2615,-1,2622,2615,2623,-1,2623,2615,2616,-1,2623,2616,2624,-1,2624,2616,2617,-1,2624,2617,2437,-1,2437,2617,2618,-1,2437,2618,2483,-1,2483,2618,2619,-1,2436,2625,2437,-1,2437,2625,2626,-1,2437,2626,2624,-1,2624,2626,2627,-1,2624,2627,2623,-1,2623,2627,2628,-1,2623,2628,2622,-1,2622,2628,2629,-1,2622,2629,2621,-1,2621,2629,2374,-1,2621,2374,2620,-1,2620,2374,2373,-1,2625,2432,2626,-1,2626,2432,2434,-1,2626,2434,2627,-1,2627,2434,2630,-1,2627,2630,2628,-1,2628,2630,2631,-1,2628,2631,2629,-1,2629,2631,2632,-1,2629,2632,2374,-1,2374,2632,2371,-1,2374,2371,2372,-1,2372,2371,2370,-1,2633,2369,2634,-1,2634,2369,2371,-1,2634,2371,2635,-1,2635,2371,2632,-1,2635,2632,2636,-1,2636,2632,2631,-1,2636,2631,2637,-1,2637,2631,2630,-1,2637,2630,2431,-1,2431,2630,2434,-1,2431,2434,2429,-1,2429,2434,2433,-1,2430,2521,2431,-1,2431,2521,2522,-1,2431,2522,2637,-1,2637,2522,2523,-1,2637,2523,2636,-1,2636,2523,2525,-1,2636,2525,2635,-1,2635,2525,2527,-1,2635,2527,2634,-1,2634,2527,2529,-1,2634,2529,2633,-1,2633,2529,2638,-1,2368,2367,2529,-1,2529,2367,2639,-1,2529,2639,2638,-1,2364,2366,2365,-1,2365,2366,2368,-1,2365,2368,2640,-1,2640,2368,2528,-1,2640,2528,2641,-1,2641,2528,2526,-1,2641,2526,2642,-1,2642,2526,2524,-1,2642,2524,2643,-1,2643,2524,2428,-1,2643,2428,2644,-1,2644,2428,2427,-1,2645,2363,2646,-1,2646,2363,2365,-1,2646,2365,2647,-1,2647,2365,2640,-1,2647,2640,2648,-1,2648,2640,2641,-1,2648,2641,2649,-1,2649,2641,2642,-1,2649,2642,2425,-1,2425,2642,2643,-1,2425,2643,2484,-1,2484,2643,2644,-1,2424,2650,2425,-1,2425,2650,2651,-1,2425,2651,2649,-1,2649,2651,2652,-1,2649,2652,2648,-1,2648,2652,2653,-1,2648,2653,2647,-1,2647,2653,2654,-1,2647,2654,2646,-1,2646,2654,2362,-1,2646,2362,2645,-1,2645,2362,2361,-1,2650,2420,2651,-1,2651,2420,2422,-1,2651,2422,2652,-1,2652,2422,2537,-1,2652,2537,2653,-1,2653,2537,2535,-1,2653,2535,2654,-1,2654,2535,2533,-1,2654,2533,2362,-1,2362,2533,2419,-1,2362,2419,2360,-1,2360,2419,2418,-1,2655,2656,2657,-1,2658,2659,2660,-1,2661,2662,2663,-1,2664,2665,2666,-1,2667,2668,2669,-1,2670,2671,2672,-1,2673,2674,2675,-1,2676,2677,2678,-1,2679,2680,2681,-1,2682,2683,2684,-1,2685,2686,2687,-1,2688,2689,2690,-1,2691,2692,2693,-1,2694,2695,2696,-1,2697,2698,2699,-1,2700,2701,2702,-1,2703,2704,2705,-1,2706,2707,2708,-1,2709,2710,2711,-1,2712,2713,2714,-1,2715,2716,2717,-1,2717,2716,2718,-1,2717,2718,2719,-1,2719,2718,2720,-1,2719,2720,2721,-1,2721,2720,2722,-1,2721,2722,2723,-1,2723,2722,2711,-1,2724,2725,2726,-1,2726,2725,2727,-1,2726,2727,2728,-1,2728,2727,2729,-1,2728,2729,2730,-1,2730,2729,2731,-1,2730,2731,2732,-1,2732,2731,2699,-1,2733,2734,2735,-1,2735,2734,2736,-1,2735,2736,2737,-1,2737,2736,2738,-1,2737,2738,2739,-1,2739,2738,2740,-1,2739,2740,2741,-1,2741,2740,2687,-1,2742,2743,2744,-1,2744,2743,2745,-1,2744,2745,2746,-1,2746,2745,2747,-1,2746,2747,2748,-1,2748,2747,2749,-1,2748,2749,2750,-1,2750,2749,2675,-1,2751,2752,2753,-1,2753,2752,2754,-1,2753,2754,2755,-1,2755,2754,2756,-1,2755,2756,2757,-1,2757,2756,2758,-1,2757,2758,2759,-1,2759,2758,2663,-1,2760,2712,2761,-1,2761,2712,2714,-1,2761,2714,2762,-1,2762,2714,2763,-1,2762,2763,2764,-1,2764,2763,2765,-1,2764,2765,2766,-1,2766,2765,2767,-1,2766,2767,2768,-1,2768,2767,2769,-1,2768,2715,2766,-1,2766,2715,2717,-1,2766,2717,2764,-1,2764,2717,2719,-1,2764,2719,2762,-1,2762,2719,2721,-1,2762,2721,2761,-1,2761,2721,2723,-1,2761,2723,2760,-1,2760,2723,2770,-1,2711,2710,2723,-1,2723,2710,2771,-1,2723,2771,2770,-1,2707,2709,2708,-1,2708,2709,2711,-1,2708,2711,2772,-1,2772,2711,2722,-1,2772,2722,2773,-1,2773,2722,2720,-1,2773,2720,2774,-1,2774,2720,2718,-1,2774,2718,2775,-1,2775,2718,2716,-1,2776,2706,2777,-1,2777,2706,2708,-1,2777,2708,2778,-1,2778,2708,2772,-1,2778,2772,2779,-1,2779,2772,2773,-1,2779,2773,2780,-1,2780,2773,2774,-1,2780,2774,2781,-1,2781,2774,2775,-1,2781,2782,2780,-1,2780,2782,2783,-1,2780,2783,2779,-1,2779,2783,2784,-1,2779,2784,2778,-1,2778,2784,2785,-1,2778,2785,2777,-1,2777,2785,2705,-1,2777,2705,2776,-1,2776,2705,2704,-1,2782,2786,2783,-1,2783,2786,2787,-1,2783,2787,2784,-1,2784,2787,2788,-1,2784,2788,2785,-1,2785,2788,2789,-1,2785,2789,2705,-1,2705,2789,2702,-1,2705,2702,2703,-1,2703,2702,2701,-1,2790,2700,2791,-1,2791,2700,2702,-1,2791,2702,2792,-1,2792,2702,2789,-1,2792,2789,2793,-1,2793,2789,2788,-1,2793,2788,2794,-1,2794,2788,2787,-1,2794,2787,2795,-1,2795,2787,2786,-1,2795,2724,2794,-1,2794,2724,2726,-1,2794,2726,2793,-1,2793,2726,2728,-1,2793,2728,2792,-1,2792,2728,2730,-1,2792,2730,2791,-1,2791,2730,2732,-1,2791,2732,2790,-1,2790,2732,2796,-1,2699,2698,2732,-1,2732,2698,2797,-1,2732,2797,2796,-1,2695,2697,2696,-1,2696,2697,2699,-1,2696,2699,2798,-1,2798,2699,2731,-1,2798,2731,2799,-1,2799,2731,2729,-1,2799,2729,2800,-1,2800,2729,2727,-1,2800,2727,2801,-1,2801,2727,2725,-1,2802,2694,2803,-1,2803,2694,2696,-1,2803,2696,2804,-1,2804,2696,2798,-1,2804,2798,2805,-1,2805,2798,2799,-1,2805,2799,2806,-1,2806,2799,2800,-1,2806,2800,2807,-1,2807,2800,2801,-1,2807,2808,2806,-1,2806,2808,2809,-1,2806,2809,2805,-1,2805,2809,2810,-1,2805,2810,2804,-1,2804,2810,2811,-1,2804,2811,2803,-1,2803,2811,2693,-1,2803,2693,2802,-1,2802,2693,2692,-1,2808,2812,2809,-1,2809,2812,2813,-1,2809,2813,2810,-1,2810,2813,2814,-1,2810,2814,2811,-1,2811,2814,2815,-1,2811,2815,2693,-1,2693,2815,2690,-1,2693,2690,2691,-1,2691,2690,2689,-1,2816,2688,2817,-1,2817,2688,2690,-1,2817,2690,2818,-1,2818,2690,2815,-1,2818,2815,2819,-1,2819,2815,2814,-1,2819,2814,2820,-1,2820,2814,2813,-1,2820,2813,2821,-1,2821,2813,2812,-1,2821,2733,2820,-1,2820,2733,2735,-1,2820,2735,2819,-1,2819,2735,2737,-1,2819,2737,2818,-1,2818,2737,2739,-1,2818,2739,2817,-1,2817,2739,2741,-1,2817,2741,2816,-1,2816,2741,2822,-1,2687,2686,2741,-1,2741,2686,2823,-1,2741,2823,2822,-1,2683,2685,2684,-1,2684,2685,2687,-1,2684,2687,2824,-1,2824,2687,2740,-1,2824,2740,2825,-1,2825,2740,2738,-1,2825,2738,2826,-1,2826,2738,2736,-1,2826,2736,2827,-1,2827,2736,2734,-1,2828,2682,2829,-1,2829,2682,2684,-1,2829,2684,2830,-1,2830,2684,2824,-1,2830,2824,2831,-1,2831,2824,2825,-1,2831,2825,2832,-1,2832,2825,2826,-1,2832,2826,2833,-1,2833,2826,2827,-1,2833,2834,2832,-1,2832,2834,2835,-1,2832,2835,2831,-1,2831,2835,2836,-1,2831,2836,2830,-1,2830,2836,2837,-1,2830,2837,2829,-1,2829,2837,2681,-1,2829,2681,2828,-1,2828,2681,2680,-1,2834,2838,2835,-1,2835,2838,2839,-1,2835,2839,2836,-1,2836,2839,2840,-1,2836,2840,2837,-1,2837,2840,2841,-1,2837,2841,2681,-1,2681,2841,2678,-1,2681,2678,2679,-1,2679,2678,2677,-1,2842,2676,2843,-1,2843,2676,2678,-1,2843,2678,2844,-1,2844,2678,2841,-1,2844,2841,2845,-1,2845,2841,2840,-1,2845,2840,2846,-1,2846,2840,2839,-1,2846,2839,2847,-1,2847,2839,2838,-1,2847,2742,2846,-1,2846,2742,2744,-1,2846,2744,2845,-1,2845,2744,2746,-1,2845,2746,2844,-1,2844,2746,2748,-1,2844,2748,2843,-1,2843,2748,2750,-1,2843,2750,2842,-1,2842,2750,2848,-1,2675,2674,2750,-1,2750,2674,2849,-1,2750,2849,2848,-1,2671,2673,2672,-1,2672,2673,2675,-1,2672,2675,2850,-1,2850,2675,2749,-1,2850,2749,2851,-1,2851,2749,2747,-1,2851,2747,2852,-1,2852,2747,2745,-1,2852,2745,2853,-1,2853,2745,2743,-1,2854,2670,2855,-1,2855,2670,2672,-1,2855,2672,2856,-1,2856,2672,2850,-1,2856,2850,2857,-1,2857,2850,2851,-1,2857,2851,2858,-1,2858,2851,2852,-1,2858,2852,2859,-1,2859,2852,2853,-1,2859,2860,2858,-1,2858,2860,2861,-1,2858,2861,2857,-1,2857,2861,2862,-1,2857,2862,2856,-1,2856,2862,2863,-1,2856,2863,2855,-1,2855,2863,2669,-1,2855,2669,2854,-1,2854,2669,2668,-1,2860,2864,2861,-1,2861,2864,2865,-1,2861,2865,2862,-1,2862,2865,2866,-1,2862,2866,2863,-1,2863,2866,2867,-1,2863,2867,2669,-1,2669,2867,2666,-1,2669,2666,2667,-1,2667,2666,2665,-1,2868,2664,2869,-1,2869,2664,2666,-1,2869,2666,2870,-1,2870,2666,2867,-1,2870,2867,2871,-1,2871,2867,2866,-1,2871,2866,2872,-1,2872,2866,2865,-1,2872,2865,2873,-1,2873,2865,2864,-1,2873,2751,2872,-1,2872,2751,2753,-1,2872,2753,2871,-1,2871,2753,2755,-1,2871,2755,2870,-1,2870,2755,2757,-1,2870,2757,2869,-1,2869,2757,2759,-1,2869,2759,2868,-1,2868,2759,2874,-1,2663,2662,2759,-1,2759,2662,2875,-1,2759,2875,2874,-1,2752,2876,2754,-1,2754,2876,2877,-1,2754,2877,2756,-1,2756,2877,2878,-1,2756,2878,2758,-1,2758,2878,2879,-1,2758,2879,2663,-1,2663,2879,2660,-1,2663,2660,2661,-1,2661,2660,2659,-1,2880,2658,2881,-1,2881,2658,2660,-1,2881,2660,2882,-1,2882,2660,2879,-1,2882,2879,2883,-1,2883,2879,2878,-1,2883,2878,2884,-1,2884,2878,2877,-1,2884,2877,2885,-1,2885,2877,2876,-1,2885,2886,2884,-1,2884,2886,2887,-1,2884,2887,2883,-1,2883,2887,2888,-1,2883,2888,2882,-1,2882,2888,2889,-1,2882,2889,2881,-1,2881,2889,2657,-1,2881,2657,2880,-1,2880,2657,2656,-1,2886,2769,2887,-1,2887,2769,2767,-1,2887,2767,2888,-1,2888,2767,2765,-1,2888,2765,2889,-1,2889,2765,2763,-1,2889,2763,2657,-1,2657,2763,2714,-1,2657,2714,2655,-1,2655,2714,2713,-1,
        ]
    }
}
Shape{
    appearance Appearance {
        material  Material 	{
            diffuseColor 0.1803921568627451 0.1803921568627451 0.1803921568627451
            specularColor 0.09019607843137255 0.09019607843137255 0.09019607843137255
            ambientIntensity 0.1804
            transparency 0.0
            shininess 0.5
        }
    }
    geometry IndexedFaceSet {
        ccw TRUE
        solid FALSE
        coord DEF co Coordinate {
            point [
                2.4606 -0.0 2.8386, 2.4427 0.2966 2.8386, 0.0 0.0 2.8386, 2.3007 -0.8726 2.8386, 2.3891 -0.5889 2.8386, 2.4427 -0.2966 2.8386, 1.8418 -1.6317 2.8386, 2.0251 -1.3978 2.8386, 2.1788 -1.1435 2.8386, 1.1435 -2.1788 2.8386, 1.3978 -2.0251 2.8386, 1.6317 -1.8418 2.8386, 0.2966 -2.4427 2.8386, 0.5889 -2.3891 2.8386, 0.8726 -2.3007 2.8386, -0.5889 -2.3891 2.8386, -0.2966 -2.4427 2.8386, 0.0 -2.4606 2.8386, -1.3978 -2.0251 2.8386, -1.1435 -2.1788 2.8386, -0.8726 -2.3007 2.8386, -2.0251 -1.3978 2.8386, -1.8418 -1.6317 2.8386, -1.6317 -1.8418 2.8386, -2.3891 -0.5889 2.8386, -2.3007 -0.8726 2.8386, -2.1788 -1.1435 2.8386, -2.4427 0.2966 2.8386, -2.4606 0.0 2.8386, -2.4427 -0.2966 2.8386, -2.1788 1.1435 2.8386, -2.3007 0.8726 2.8386, -2.3891 0.5889 2.8386, -1.6317 1.8418 2.8386, -1.8418 1.6317 2.8386, -2.0251 1.3978 2.8386, -0.8726 2.3007 2.8386, -1.1435 2.1788 2.8386, -1.3978 2.0251 2.8386, 0.0 2.4606 2.8386, -0.2966 2.4427 2.8386, -0.5889 2.3891 2.8386, 0.8726 2.3007 2.8386, 0.5889 2.3891 2.8386, 0.2966 2.4427 2.8386, 1.6317 1.8418 2.8386, 1.3978 2.0251 2.8386, 1.1435 2.1788 2.8386, 2.1788 1.1435 2.8386, 2.0251 1.3978 2.8386, 1.8418 1.6317 2.8386, 2.3891 0.5889 2.8386, 2.3007 0.8726 2.8386, -2.4818 -0.3013 2.7992, -2.5 0.0 2.1654, -2.4274 -0.5983 2.1654, -2.2136 -1.1618 2.1654, -2.3375 -0.8865 2.7992, -2.4274 -0.5983 2.7992, -1.8713 -1.6578 2.1654, -2.0575 -1.4202 2.7992, -2.2136 -1.1618 2.7992, -1.4202 -2.0575 2.1654, -1.6578 -1.8713 2.7992, -1.8713 -1.6578 2.7992, -0.8865 -2.3375 2.1654, -1.1618 -2.2136 2.7992, -1.4202 -2.0575 2.7992, -0.3013 -2.4818 2.1654, -0.5983 -2.4274 2.7992, -0.8865 -2.3375 2.7992, 0.3013 -2.4818 2.1654, 0.0 -2.5 2.7992, -0.3013 -2.4818 2.7992, 0.8865 -2.3375 2.1654, 0.5983 -2.4274 2.7992, 0.3013 -2.4818 2.7992, 1.4202 -2.0575 2.1654, 1.1618 -2.2136 2.7992, 0.8865 -2.3375 2.7992, 1.8713 -1.6578 2.1654, 1.6578 -1.8713 2.7992, 1.4202 -2.0575 2.7992, 2.2136 -1.1618 2.1654, 2.0575 -1.4202 2.7992, 1.8713 -1.6578 2.7992, 2.4274 -0.5983 2.1654, 2.3375 -0.8865 2.7992, 2.2136 -1.1618 2.7992, 2.5 0.0 2.1654, 2.4818 -0.3013 2.7992, 2.4274 -0.5983 2.7992, 2.4274 0.5983 2.1654, 2.4818 0.3013 2.7992, 2.5 0.0 2.7992, 2.2136 1.1618 2.1654, 2.3375 0.8865 2.7992, 2.4274 0.5983 2.7992, 1.8713 1.6578 2.1654, 2.0575 1.4202 2.7992, 2.2136 1.1618 2.7992, 1.4202 2.0575 2.1654, 1.6578 1.8713 2.7992, 1.8713 1.6578 2.7992, 0.8865 2.3375 2.1654, 1.1618 2.2136 2.7992, 1.4202 2.0575 2.7992, 0.3013 2.4818 2.1654, 0.5983 2.4274 2.7992, 0.8865 2.3375 2.7992, -0.3013 2.4818 2.1654, 0.0 2.5 2.7992, 0.3013 2.4818 2.7992, -0.8865 2.3375 2.1654, -0.5983 2.4274 2.7992, -0.3013 2.4818 2.7992, -1.4202 2.0575 2.1654, -1.1618 2.2136 2.7992, -0.8865 2.3375 2.7992, -1.8713 1.6578 2.1654, -1.6578 1.8713 2.7992, -1.4202 2.0575 2.7992, -2.2136 1.1618 2.1654, -2.0575 1.4202 2.7992, -1.8713 1.6578 2.7992, -2.4274 0.5983 2.1654, -2.3375 0.8865 2.7992, -2.2136 1.1618 2.7992, -2.5 0.0 2.7992, -2.4818 0.3013 2.7992, -2.4274 0.5983 2.7992, -2.2763 -0.2049 2.1654, -2.2032 -0.608 2.1654, -2.0592 -0.9917 2.1654, -0.1025 -2.2832 2.1654, 0.3068 -2.2649 2.1654, 0.7063 -2.1737 2.1654, 1.083 2.0126 2.1654, 0.7063 2.1737 2.1654, 0.3068 2.2649 2.1654, -0.1025 2.2832 2.1654, -0.5086 2.2282 2.1654, -0.8983 2.1016 2.1654, -1.2591 1.9075 2.1654, -1.849 -1.3434 2.1654, -1.5795 -1.652 2.1654, -1.2591 -1.9075 2.1654, -0.8983 -2.1016 2.1654, -0.5086 -2.2282 2.1654, 1.083 -2.0126 2.1654, 1.425 -1.7869 2.1654, 1.7212 -1.5037 2.1654, 1.962 -1.1723 2.1654, 2.1398 -0.8031 2.1654, 2.2488 -0.4081 2.1654, 2.2855 0.0 2.1654, -1.5795 1.652 2.1654, -1.849 1.3434 2.1654, -2.0592 0.9917 2.1654, -2.2032 0.608 2.1654, -2.2763 0.2049 2.1654, 2.2488 0.4081 2.1654, 2.1398 0.8031 2.1654, 1.962 1.1723 2.1654, 1.7212 1.5037 2.1654, 1.425 1.7869 2.1654
            ]
        }
        coordIndex [
            0,1,2,-1,3,4,2,-1,2,4,5,-1,2,5,0,-1,6,7,2,-1,2,7,8,-1,2,8,3,-1,9,10,2,-1,2,10,11,-1,2,11,6,-1,12,13,2,-1,2,13,14,-1,2,14,9,-1,15,16,2,-1,2,16,17,-1,2,17,12,-1,18,19,2,-1,2,19,20,-1,2,20,15,-1,21,22,2,-1,2,22,23,-1,2,23,18,-1,24,25,2,-1,2,25,26,-1,2,26,21,-1,27,28,2,-1,2,28,29,-1,2,29,24,-1,30,31,2,-1,2,31,32,-1,2,32,27,-1,33,34,2,-1,2,34,35,-1,2,35,30,-1,36,37,2,-1,2,37,38,-1,2,38,33,-1,39,40,2,-1,2,40,41,-1,2,41,36,-1,42,43,2,-1,2,43,44,-1,2,44,39,-1,45,46,2,-1,2,46,47,-1,2,47,42,-1,48,49,2,-1,2,49,50,-1,2,50,45,-1,1,51,2,-1,2,51,52,-1,2,52,48,-1,53,54,55,-1,56,57,55,-1,55,57,58,-1,55,58,53,-1,59,60,56,-1,56,60,61,-1,56,61,57,-1,62,63,59,-1,59,63,64,-1,59,64,60,-1,65,66,62,-1,62,66,67,-1,62,67,63,-1,68,69,65,-1,65,69,70,-1,65,70,66,-1,71,72,68,-1,68,72,73,-1,68,73,69,-1,74,75,71,-1,71,75,76,-1,71,76,72,-1,77,78,74,-1,74,78,79,-1,74,79,75,-1,80,81,77,-1,77,81,82,-1,77,82,78,-1,83,84,80,-1,80,84,85,-1,80,85,81,-1,86,87,83,-1,83,87,88,-1,83,88,84,-1,89,90,86,-1,86,90,91,-1,86,91,87,-1,92,93,89,-1,89,93,94,-1,89,94,90,-1,95,96,92,-1,92,96,97,-1,92,97,93,-1,98,99,95,-1,95,99,100,-1,95,100,96,-1,101,102,98,-1,98,102,103,-1,98,103,99,-1,104,105,101,-1,101,105,106,-1,101,106,102,-1,107,108,104,-1,104,108,109,-1,104,109,105,-1,110,111,107,-1,107,111,112,-1,107,112,108,-1,113,114,110,-1,110,114,115,-1,110,115,111,-1,116,117,113,-1,113,117,118,-1,113,118,114,-1,119,120,116,-1,116,120,121,-1,116,121,117,-1,122,123,119,-1,119,123,124,-1,119,124,120,-1,125,126,122,-1,122,126,127,-1,122,127,123,-1,53,128,54,-1,54,128,129,-1,54,129,125,-1,125,129,130,-1,125,130,126,-1,54,131,55,-1,55,131,132,-1,55,132,56,-1,56,132,133,-1,56,133,59,-1,68,134,71,-1,71,134,135,-1,71,135,74,-1,74,135,136,-1,74,136,77,-1,101,137,104,-1,104,137,138,-1,104,138,107,-1,107,138,139,-1,107,139,110,-1,139,140,110,-1,110,140,141,-1,110,141,113,-1,113,141,142,-1,113,142,116,-1,116,142,143,-1,116,143,119,-1,133,144,59,-1,59,144,145,-1,59,145,62,-1,62,145,146,-1,62,146,65,-1,65,146,147,-1,65,147,68,-1,68,147,148,-1,68,148,134,-1,136,149,77,-1,77,149,150,-1,77,150,80,-1,80,150,151,-1,80,151,83,-1,83,151,152,-1,83,152,86,-1,152,153,86,-1,86,153,154,-1,86,154,89,-1,89,154,155,-1,89,155,92,-1,143,156,119,-1,119,156,157,-1,119,157,122,-1,122,157,158,-1,122,158,125,-1,125,158,159,-1,125,159,54,-1,54,159,160,-1,54,160,131,-1,155,161,92,-1,92,161,162,-1,92,162,95,-1,95,162,163,-1,95,163,98,-1,98,163,164,-1,98,164,101,-1,101,164,165,-1,101,165,137,-1,
        ]
    }
}
Shape{
    appearance Appearance {
        material  Material 	{
            diffuseColor 0.7529411764705882 0.7529411764705882 0.7529411764705882
            specularColor 0.3764705882352941 0.3764705882352941 0.3764705882352941
            ambientIntensity 0.7529
            transparency 0.0
            shininess 0.5
        }
    }
    geometry IndexedFaceSet {
        ccw TRUE
        solid FALSE
        coord DEF co Coordinate {
            point [
                -0.81 1.8657 0.0787, -0.815 1.8657 0.0787, -0.81 1.8657 0.0394, -0.815 1.8657 0.0394, -0.9967 1.472 0.0787, -0.9967 1.472 0.0394, -0.9583 1.472 0.0787, -0.9583 1.472 0.0394, -0.9001 1.5982 0.0787, -0.9001 1.5982 0.0394, -0.7216 1.5982 0.0787, -0.7216 1.5982 0.0394, -0.6618 1.472 0.0787, -0.6618 1.472 0.0394, -0.6232 1.472 0.0787, -0.6232 1.472 0.0394, -0.8815 1.6386 0.0787, -0.7408 1.6386 0.0787, -0.8121 1.789 0.0787, -0.8815 1.6386 0.0394, -0.8121 1.789 0.0394, -0.7408 1.6386 0.0394, -0.3717 1.472 0.0787, -0.2497 1.472 0.0787, -0.3717 1.472 0.0394, -0.2497 1.472 0.0394, -0.2497 1.8657 0.0787, -0.2497 1.8657 0.0394, -0.3292 1.8657 0.0787, -0.3292 1.8657 0.0394, -0.4541 1.8515 0.0787, -0.4541 1.8515 0.0394, -0.3923 1.8633 0.0394, -0.3923 1.8633 0.0787, -0.5727 1.6639 0.0787, -0.5727 1.6639 0.0394, -0.5653 1.7259 0.0394, -0.5653 1.7259 0.0787, -0.5251 1.8038 0.0394, -0.5251 1.8038 0.0787, -0.4142 1.4742 0.0394, -0.4142 1.4742 0.0787, -0.4935 1.4996 0.0394, -0.4935 1.4996 0.0787, -0.5505 1.5649 0.0394, -0.5505 1.5649 0.0787, -0.5312 1.615 0.0787, -0.499 1.5574 0.0787, -0.4428 1.5224 0.0787, -0.3868 1.514 0.0787, -0.3302 1.5124 0.0787, -0.285 1.5124 0.0787, -0.285 1.8254 0.0787, -0.3127 1.8254 0.0787, -0.3736 1.8235 0.0787, -0.4337 1.8143 0.0787, -0.4772 1.7933 0.0787, -0.5202 1.7426 0.0787, -0.5374 1.664 0.0787, -0.285 1.8254 0.0394, -0.285 1.5124 0.0394, -0.3127 1.8254 0.0394, -0.3736 1.8235 0.0394, -0.4337 1.8143 0.0394, -0.4772 1.7933 0.0394, -0.5202 1.7426 0.0394, -0.5374 1.664 0.0394, -0.5312 1.615 0.0394, -0.499 1.5574 0.0394, -0.4428 1.5224 0.0394, -0.3868 1.514 0.0394, -0.3302 1.5124 0.0394, 0.0431 1.472 0.0787, 0.0431 1.8657 0.0787, 0.0431 1.472 0.0394, 0.0431 1.8657 0.0394, -0.179 1.8657 0.0787, -0.179 1.8657 0.0394, -0.179 1.8254 0.0787, -0.179 1.8254 0.0394, 0.0077 1.8254 0.0787, 0.0077 1.8254 0.0394, 0.0077 1.7042 0.0787, 0.0077 1.7042 0.0394, -0.179 1.7042 0.0787, -0.179 1.7042 0.0394, -0.179 1.6638 0.0787, -0.179 1.6638 0.0394, 0.0077 1.6638 0.0787, 0.0077 1.6638 0.0394, 0.0077 1.5124 0.0787, 0.0077 1.5124 0.0394, -0.179 1.5124 0.0787, -0.179 1.5124 0.0394, -0.179 1.472 0.0787, -0.179 1.472 0.0394, 0.1238 1.7935 0.0787, 0.1238 1.7935 0.0394, 0.1362 1.8089 0.0394, 0.1362 1.8089 0.0787, 0.1592 1.8307 0.0394, 0.1592 1.8307 0.0787, 0.1995 1.8556 0.0394, 0.1995 1.8556 0.0787, 0.2956 1.8758 0.0394, 0.2956 1.8758 0.0787, 0.1547 1.7698 0.0787, 0.1547 1.7698 0.0394, 0.2978 1.8355 0.0787, 0.2978 1.8355 0.0394, 0.2815 1.8348 0.0394, 0.2815 1.8348 0.0787, 0.2557 1.8312 0.0394, 0.2557 1.8312 0.0787, 0.2185 1.8192 0.0394, 0.2185 1.8192 0.0787, 0.4721 1.6685 0.0787, 0.4721 1.6685 0.0394, 0.4715 1.6844 0.0394, 0.4715 1.6844 0.0787, 0.4461 1.7589 0.0394, 0.4461 1.7589 0.0787, 0.3851 1.8139 0.0394, 0.3851 1.8139 0.0787, 0.2953 1.5023 0.0787, 0.2953 1.5023 0.0394, 0.3201 1.5036 0.0394, 0.3201 1.5036 0.0787, 0.3974 1.5305 0.0394, 0.3974 1.5305 0.0787, 0.4517 1.5874 0.0394, 0.4517 1.5874 0.0787, 0.1547 1.5679 0.0787, 0.1547 1.5679 0.0394, 0.2175 1.519 0.0394, 0.2175 1.519 0.0787, 0.1238 1.5445 0.0787, 0.1238 1.5445 0.0394, 0.2951 1.4619 0.0787, 0.2951 1.4619 0.0394, 0.2754 1.4627 0.0394, 0.2754 1.4627 0.0787, 0.2454 1.467 0.0394, 0.2441 1.4672 0.0787, 0.2441 1.4672 0.0394, 0.1993 1.4824 0.0394, 0.1993 1.4824 0.0787, 0.4575 1.5308 0.0787, 0.4575 1.5308 0.0394, 0.445 1.5175 0.0394, 0.445 1.5175 0.0787, 0.4226 1.4989 0.0394, 0.4226 1.4989 0.0787, 0.3843 1.478 0.0394, 0.3843 1.478 0.0787, 0.3232 1.467 0.0394, 0.5074 1.6712 0.0787, 0.5074 1.6712 0.0394, 0.4954 1.5963 0.0394, 0.4954 1.5963 0.0787, 0.313 1.8752 0.0394, 0.313 1.8752 0.0787, 0.4147 1.8427 0.0394, 0.4147 1.8427 0.0787, 0.4821 1.7718 0.0394, 0.4821 1.7718 0.0787, 0.7396 1.472 0.0787, 0.7396 1.8657 0.0787, 0.7396 1.472 0.0394, 0.7396 1.8657 0.0394, 0.7043 1.8657 0.0787, 0.7043 1.8657 0.0394, 0.7043 1.5124 0.0787, 0.7043 1.5124 0.0394, 0.5528 1.5124 0.0787, 0.5528 1.5124 0.0394, 0.5528 1.472 0.0787, 0.5528 1.472 0.0394
            ]
        }
        coordIndex [
            0,1,2,-1,2,1,3,-1,1,4,3,-1,3,4,5,-1,4,6,5,-1,5,6,7,-1,6,8,7,-1,7,8,9,-1,8,10,9,-1,9,10,11,-1,10,12,11,-1,11,12,13,-1,12,14,13,-1,13,14,15,-1,14,0,15,-1,15,0,2,-1,16,4,1,-1,0,17,1,-1,1,17,18,-1,1,18,16,-1,14,12,10,-1,6,4,8,-1,8,4,16,-1,8,16,10,-1,10,16,17,-1,10,17,14,-1,14,17,0,-1,16,18,19,-1,19,18,20,-1,17,16,21,-1,21,16,19,-1,18,17,20,-1,20,17,21,-1,22,23,24,-1,24,23,25,-1,23,26,25,-1,25,26,27,-1,26,28,27,-1,27,28,29,-1,30,31,32,-1,30,32,33,-1,33,32,29,-1,33,29,28,-1,34,35,36,-1,34,36,37,-1,37,36,38,-1,37,38,39,-1,39,38,31,-1,39,31,30,-1,22,24,40,-1,22,40,41,-1,41,40,42,-1,41,42,43,-1,43,42,44,-1,43,44,45,-1,45,44,35,-1,45,35,34,-1,46,47,43,-1,43,47,48,-1,43,48,41,-1,41,48,49,-1,41,49,22,-1,22,49,50,-1,22,50,23,-1,23,50,51,-1,23,51,26,-1,26,51,52,-1,26,52,28,-1,28,52,53,-1,28,53,33,-1,33,53,54,-1,33,54,30,-1,30,54,55,-1,30,55,39,-1,39,55,56,-1,39,56,37,-1,37,56,57,-1,37,57,34,-1,34,57,58,-1,34,58,45,-1,45,58,46,-1,45,46,43,-1,52,51,59,-1,59,51,60,-1,53,52,61,-1,61,52,59,-1,53,61,62,-1,53,62,54,-1,54,62,63,-1,54,63,55,-1,55,63,64,-1,55,64,56,-1,56,64,65,-1,56,65,57,-1,57,65,66,-1,57,66,58,-1,58,66,67,-1,58,67,46,-1,46,67,68,-1,46,68,47,-1,47,68,69,-1,47,69,48,-1,48,69,70,-1,48,70,49,-1,49,70,71,-1,49,71,50,-1,51,50,60,-1,60,50,71,-1,72,73,74,-1,74,73,75,-1,73,76,75,-1,75,76,77,-1,76,78,77,-1,77,78,79,-1,78,80,79,-1,79,80,81,-1,80,82,81,-1,81,82,83,-1,82,84,83,-1,83,84,85,-1,84,86,85,-1,85,86,87,-1,86,88,87,-1,87,88,89,-1,88,90,89,-1,89,90,91,-1,90,92,91,-1,91,92,93,-1,92,94,93,-1,93,94,95,-1,94,72,95,-1,95,72,74,-1,72,94,92,-1,92,90,72,-1,72,90,88,-1,72,88,73,-1,78,76,80,-1,80,76,73,-1,80,73,82,-1,82,73,88,-1,82,88,84,-1,84,88,86,-1,96,97,98,-1,96,98,99,-1,99,98,100,-1,99,100,101,-1,101,100,102,-1,101,102,103,-1,103,102,104,-1,103,104,105,-1,96,106,97,-1,97,106,107,-1,108,109,110,-1,108,110,111,-1,111,110,112,-1,111,112,113,-1,113,112,114,-1,113,114,115,-1,115,114,107,-1,115,107,106,-1,116,117,118,-1,116,118,119,-1,119,118,120,-1,119,120,121,-1,121,120,122,-1,121,122,123,-1,123,122,109,-1,123,109,108,-1,124,125,126,-1,124,126,127,-1,127,126,128,-1,127,128,129,-1,129,128,130,-1,129,130,131,-1,131,130,117,-1,131,117,116,-1,132,133,134,-1,132,134,135,-1,135,134,125,-1,135,125,124,-1,132,136,133,-1,133,136,137,-1,138,139,140,-1,138,140,141,-1,141,140,142,-1,141,142,143,-1,142,144,143,-1,143,144,145,-1,143,145,146,-1,146,145,137,-1,146,137,136,-1,147,148,149,-1,147,149,150,-1,150,149,151,-1,150,151,152,-1,152,151,153,-1,152,153,154,-1,154,153,138,-1,138,153,155,-1,138,155,139,-1,156,157,158,-1,156,158,159,-1,159,158,148,-1,159,148,147,-1,105,104,160,-1,105,160,161,-1,161,160,162,-1,161,162,163,-1,163,162,164,-1,163,164,165,-1,165,164,157,-1,165,157,156,-1,136,132,146,-1,146,132,135,-1,156,159,131,-1,131,159,129,-1,129,159,147,-1,129,147,150,-1,106,96,99,-1,106,99,115,-1,115,99,101,-1,115,101,103,-1,150,152,129,-1,129,152,154,-1,129,154,127,-1,127,154,138,-1,127,138,124,-1,124,138,141,-1,124,141,135,-1,135,141,143,-1,135,143,146,-1,131,116,156,-1,156,116,119,-1,156,119,165,-1,165,119,121,-1,165,121,163,-1,163,121,123,-1,163,123,161,-1,161,123,108,-1,161,108,105,-1,105,108,111,-1,105,111,103,-1,103,111,113,-1,103,113,115,-1,166,167,168,-1,168,167,169,-1,167,170,169,-1,169,170,171,-1,170,172,171,-1,171,172,173,-1,172,174,173,-1,173,174,175,-1,174,176,175,-1,175,176,177,-1,176,166,177,-1,177,166,168,-1,170,167,172,-1,172,167,166,-1,172,166,174,-1,174,166,176,-1,
        ]
    }
}
Shape{
    appearance Appearance {
        material  Material 	{
            diffuseColor 0.1803921568627451 0.1803921568627451 0.1803921568627451
            specularColor 0.09019607843137255 0.09019607843137255 0.09019607843137255
            ambientIntensity 0.1804
            transparency 0.0
            shininess 0.5
        }
    }
    geometry IndexedFaceSet {
        ccw TRUE
        solid FALSE
        coord DEF co Coordinate {
            point [
                -0.8121 1.789 0.0394, -0.7408 1.6386 0.0394, -0.8815 1.6386 0.0394, -0.285 1.8254 0.0394, -0.285 1.5124 0.0394, -0.3127 1.8254 0.0394, -0.3302 1.5124 0.0394, -0.3736 1.8235 0.0394, -0.3868 1.514 0.0394, -0.4337 1.8143 0.0394, -0.4428 1.5224 0.0394, -0.499 1.5574 0.0394, -0.5312 1.615 0.0394, -0.5374 1.664 0.0394, -0.5202 1.7426 0.0394, -0.4772 1.7933 0.0394, 3.5492 -0.5512 0.689, 3.1606 -0.5512 0.689, 3.5492 -0.5512 0.748, 3.1606 -0.5512 0.748, 3.1606 0.5512 0.689, 3.1606 0.5512 0.748, 3.5492 0.5512 0.689, 3.5492 0.5512 0.748, 3.5492 -0.5 0.689, 3.5485 -0.5 0.689, 3.5492 0.5 0.689, 3.5485 0.5 0.689, -3.5492 0.5512 0.689, -3.1606 0.5512 0.689, -3.5492 0.5512 0.748, -3.1606 0.5512 0.748, -3.1606 -0.5512 0.689, -3.1606 -0.5512 0.748, -3.5492 -0.5512 0.689, -3.5492 -0.5512 0.748, -3.5492 0.5 0.689, -3.5485 0.5 0.689, -3.5492 -0.5 0.689, -3.5485 -0.5 0.689
            ]
        }
        coordIndex [
            0,1,2,-1,3,4,5,-1,5,4,6,-1,5,6,7,-1,7,6,8,-1,7,8,9,-1,10,11,8,-1,8,11,12,-1,8,12,13,-1,13,14,8,-1,8,14,15,-1,8,15,9,-1,16,17,18,-1,18,17,19,-1,17,20,19,-1,19,20,21,-1,20,22,21,-1,21,22,23,-1,16,24,25,-1,26,22,27,-1,27,22,20,-1,27,20,25,-1,25,20,17,-1,25,17,16,-1,28,29,30,-1,30,29,31,-1,29,32,31,-1,31,32,33,-1,32,34,33,-1,33,34,35,-1,28,36,37,-1,38,34,39,-1,39,34,32,-1,39,32,37,-1,37,32,29,-1,37,29,28,-1,
        ]
    }
}
Shape{
    appearance Appearance {
        material  Material 	{
            diffuseColor 0.6470588235294118 0.6196078431372549 0.5882352941176471
            specularColor 0.45098039215686275 0.43529411764705883 0.4117647058823529
            ambientIntensity 0.6242
            transparency 0.0
            shininess 0.5
        }
    }
    geometry IndexedFaceSet {
        ccw TRUE
        solid FALSE
        coord DEF co Coordinate {
            point [
                -3.5492 0.5 0.689, -3.5823 0.5 0.7093, -3.5644 0.5 0.7361, -3.5375 0.5 0.0063, -3.5644 0.5 0.0242, -3.5059 0.5 0.0, -3.5492 0.5 0.0394, -3.063 0.5 0.0, -3.063 0.5 0.0394, -3.5823 0.5 0.051, -3.5886 0.5 0.0827, -3.5886 0.5 0.6776, -3.5485 0.5 0.689, -3.5412 0.5 0.7054, -3.5273 0.5 0.7169, -3.5375 0.5 0.754, -3.5098 0.5 0.721, -3.5059 0.5 0.7603, -3.3059 0.5 0.721, -3.3059 0.5 0.7603, -3.5492 -0.5 0.689, -3.5485 -0.5 0.689, -3.5412 -0.5 0.7054, -3.063 -0.5 0.0, -3.063 -0.5 0.0394, -3.5059 -0.5 0.0, -3.5492 -0.5 0.0394, -3.5375 -0.5 0.0063, -3.5644 -0.5 0.0242, -3.3059 -0.5 0.721, -3.3059 -0.5 0.7603, -3.5098 -0.5 0.721, -3.5059 -0.5 0.7603, -3.5273 -0.5 0.7169, -3.5375 -0.5 0.754, -3.5644 -0.5 0.7361, -3.5823 -0.5 0.051, -3.5886 -0.5 0.0827, -3.5886 -0.5 0.6776, -3.5823 -0.5 0.7093, 3.5485 0.5 0.689, 3.5485 -0.5 0.689, 3.5412 0.5 0.7054, 3.5412 -0.5 0.7054, 3.5273 0.5 0.7169, 3.5273 -0.5 0.7169, 3.5098 0.5 0.721, 3.5098 -0.5 0.721, 3.5492 0.5 0.689, 3.063 0.5 0.0, 3.063 0.5 0.0394, 3.5059 0.5 0.0, 3.5492 0.5 0.0394, 3.5375 0.5 0.0063, 3.5644 0.5 0.0242, 3.5823 0.5 0.051, 3.5886 0.5 0.0827, 3.5886 0.5 0.6776, 3.3059 0.5 0.721, 3.3059 0.5 0.7603, 3.5059 0.5 0.7603, 3.5375 0.5 0.754, 3.5644 0.5 0.7361, 3.5823 0.5 0.7093, 3.5492 -0.5 0.689, 3.5823 -0.5 0.7093, 3.5644 -0.5 0.7361, 3.5375 -0.5 0.0063, 3.5644 -0.5 0.0242, 3.5059 -0.5 0.0, 3.5492 -0.5 0.0394, 3.063 -0.5 0.0, 3.063 -0.5 0.0394, 3.5823 -0.5 0.051, 3.5886 -0.5 0.0827, 3.5886 -0.5 0.6776, 3.5375 -0.5 0.754, 3.5059 -0.5 0.7603, 3.3059 -0.5 0.721, 3.3059 -0.5 0.7603
            ]
        }
        coordIndex [
            0,1,2,-1,3,4,5,-1,5,4,6,-1,5,6,7,-1,7,6,8,-1,4,9,6,-1,6,9,10,-1,6,10,0,-1,0,10,11,-1,0,11,1,-1,12,0,13,-1,13,0,2,-1,13,2,14,-1,14,2,15,-1,14,15,16,-1,16,15,17,-1,16,17,18,-1,18,17,19,-1,20,21,22,-1,23,24,25,-1,25,24,26,-1,25,26,27,-1,27,26,28,-1,29,30,31,-1,31,30,32,-1,31,32,33,-1,33,32,34,-1,33,34,22,-1,22,34,35,-1,22,35,20,-1,36,28,37,-1,37,28,26,-1,37,26,38,-1,38,26,20,-1,38,20,39,-1,39,20,35,-1,7,8,23,-1,23,8,24,-1,5,7,25,-1,25,7,23,-1,5,25,27,-1,5,27,3,-1,3,27,28,-1,3,28,4,-1,4,28,36,-1,4,36,9,-1,9,36,37,-1,9,37,10,-1,11,10,38,-1,38,10,37,-1,11,38,39,-1,11,39,1,-1,1,39,35,-1,1,35,2,-1,2,35,34,-1,2,34,15,-1,15,34,32,-1,15,32,17,-1,19,17,30,-1,30,17,32,-1,18,19,29,-1,29,19,30,-1,16,18,31,-1,31,18,29,-1,16,31,14,-1,14,31,33,-1,14,33,13,-1,13,33,22,-1,13,22,12,-1,12,22,21,-1,40,41,42,-1,42,41,43,-1,42,43,44,-1,44,43,45,-1,44,45,46,-1,46,45,47,-1,48,40,42,-1,49,50,51,-1,51,50,52,-1,51,52,53,-1,53,52,54,-1,55,54,56,-1,56,54,52,-1,56,52,57,-1,57,52,48,-1,58,59,46,-1,46,59,60,-1,46,60,44,-1,44,60,61,-1,44,61,42,-1,42,61,62,-1,42,62,48,-1,48,62,63,-1,48,63,57,-1,64,65,66,-1,67,68,69,-1,69,68,70,-1,69,70,71,-1,71,70,72,-1,68,73,70,-1,70,73,74,-1,70,74,64,-1,64,74,75,-1,64,75,65,-1,41,64,43,-1,43,64,66,-1,43,66,45,-1,45,66,76,-1,45,76,47,-1,47,76,77,-1,47,77,78,-1,78,77,79,-1,56,74,73,-1,56,73,55,-1,55,73,68,-1,55,68,54,-1,54,68,67,-1,54,67,53,-1,53,67,69,-1,53,69,51,-1,49,51,71,-1,71,51,69,-1,50,49,72,-1,72,49,71,-1,58,46,78,-1,78,46,47,-1,59,58,79,-1,79,58,78,-1,60,59,77,-1,77,59,79,-1,60,77,76,-1,60,76,61,-1,61,76,66,-1,61,66,62,-1,62,66,65,-1,62,65,63,-1,63,65,75,-1,63,75,57,-1,56,57,74,-1,74,57,75,-1,
        ]
    }
}
Shape{
    appearance Appearance {
        material  Material 	{
            diffuseColor 0.1803921568627451 0.1803921568627451 0.1803921568627451
            specularColor 0.09019607843137255 0.09019607843137255 0.09019607843137255
            ambientIntensity 0.1804
            transparency 0.0
            shininess 0.5
        }
    }
    geometry IndexedFaceSet {
        ccw TRUE
        solid FALSE
        coord DEF co Coordinate {
            point [
                -3.5492 -0.689 0.7087, -2.1246 -2.118 0.7087, -3.5492 -0.6871 0.7189, -2.1209 -2.1143 0.7283, -3.5492 -0.6815 0.7283, -2.1107 -2.1041 0.7428, -3.5492 -0.6611 0.7428, -2.0967 -2.0902 0.748, -3.5492 -0.6332 0.748, 2.1246 -2.118 0.7087, 2.1209 -2.1143 0.7283, 1.903 -2.3124 0.7283, 2.1107 -2.1041 0.7428, 1.8938 -2.3012 0.7428, 2.0967 -2.0902 0.748, 1.8813 -2.286 0.748, 1.6477 -2.4598 0.748, 1.6587 -2.4761 0.7428, 1.3982 -2.6097 0.748, 1.4075 -2.627 0.7428, 1.1351 -2.7344 0.748, 1.1427 -2.7526 0.7428, 0.8611 -2.8326 0.748, 0.8668 -2.8515 0.7428, 0.5787 -2.9035 0.748, 0.5826 -2.9228 0.7428, 0.2908 -2.9463 0.748, 0.2927 -2.9659 0.7428, 0.0 -2.9606 0.748, 0.0 -2.9803 0.7428, -0.2908 -2.9463 0.748, -0.2927 -2.9659 0.7428, -0.5787 -2.9035 0.748, -0.5826 -2.9228 0.7428, -0.8611 -2.8326 0.748, -0.8668 -2.8515 0.7428, -1.1351 -2.7344 0.748, -1.1427 -2.7526 0.7428, -1.3982 -2.6097 0.748, -1.4075 -2.627 0.7428, -1.6477 -2.4598 0.748, -1.6587 -2.4761 0.7428, -1.8813 -2.286 0.748, -1.8938 -2.3012 0.7428, 1.6667 -2.4881 0.7283, 1.4143 -2.6397 0.7283, 1.1482 -2.7659 0.7283, 0.871 -2.8653 0.7283, 0.5854 -2.937 0.7283, 0.2941 -2.9802 0.7283, 0.0 -2.9947 0.7283, -0.2941 -2.9802 0.7283, -0.5854 -2.937 0.7283, -0.871 -2.8653 0.7283, -1.1482 -2.7659 0.7283, -1.4143 -2.6397 0.7283, -1.6667 -2.4881 0.7283, -1.903 -2.3124 0.7283, 1.9063 -2.3164 0.7087, 1.6696 -2.4925 0.7087, 1.4168 -2.6444 0.7087, 1.1502 -2.7707 0.7087, 0.8725 -2.8703 0.7087, 0.5864 -2.9421 0.7087, 0.2946 -2.9855 0.7087, 0.0 -3.0 0.7087, -0.2946 -2.9855 0.7087, -0.5864 -2.9421 0.7087, -0.8725 -2.8703 0.7087, -1.1502 -2.7707 0.7087, -1.4168 -2.6444 0.7087, -1.6696 -2.4925 0.7087, -1.9063 -2.3164 0.7087, 3.5492 -0.6332 0.748, 3.5492 -0.6611 0.7428, 3.5492 -0.6815 0.7283, 3.5492 -0.689 0.7087, 3.5492 -0.6871 0.7189, -3.5492 0.6332 0.748, -2.0967 2.0902 0.748, -2.1107 2.1041 0.7428, -3.5492 0.6611 0.7428, -2.1209 2.1143 0.7283, -3.5492 0.6815 0.7283, -2.1246 2.118 0.7087, -3.5492 0.689 0.7087, -3.5492 0.6871 0.7189, -1.903 2.3124 0.7283, -1.8938 2.3012 0.7428, -1.8813 2.286 0.748, -1.6477 2.4598 0.748, -1.6587 2.4761 0.7428, -1.3982 2.6097 0.748, -1.4075 2.627 0.7428, -1.1351 2.7344 0.748, -1.1427 2.7526 0.7428, -0.8611 2.8326 0.748, -0.8668 2.8515 0.7428, -0.5787 2.9035 0.748, -0.5826 2.9228 0.7428, -0.2908 2.9463 0.748, -0.2927 2.9659 0.7428, 0.0 2.9606 0.748, 0.0 2.9803 0.7428, 0.2908 2.9463 0.748, 0.2927 2.9659 0.7428, 0.5787 2.9035 0.748, 0.5826 2.9228 0.7428, 0.8611 2.8326 0.748, 0.8668 2.8515 0.7428, 1.1351 2.7344 0.748, 1.1427 2.7526 0.7428, 1.3982 2.6097 0.748, 1.4075 2.627 0.7428, 1.6477 2.4598 0.748, 1.6587 2.4761 0.7428, 1.8813 2.286 0.748, 1.8938 2.3012 0.7428, 2.0967 2.0902 0.748, 2.1107 2.1041 0.7428, -1.6667 2.4881 0.7283, -1.4143 2.6397 0.7283, -1.1482 2.7659 0.7283, -0.871 2.8653 0.7283, -0.5854 2.937 0.7283, -0.2941 2.9802 0.7283, 0.0 2.9947 0.7283, 0.2941 2.9802 0.7283, 0.5854 2.937 0.7283, 0.871 2.8653 0.7283, 1.1482 2.7659 0.7283, 1.4143 2.6397 0.7283, 1.6667 2.4881 0.7283, 1.903 2.3124 0.7283, 2.1209 2.1143 0.7283, -1.9063 2.3164 0.7087, -1.6696 2.4925 0.7087, -1.4168 2.6444 0.7087, -1.1502 2.7707 0.7087, -0.8725 2.8703 0.7087, -0.5864 2.9421 0.7087, -0.2946 2.9855 0.7087, 0.0 3.0 0.7087, 0.2946 2.9855 0.7087, 0.5864 2.9421 0.7087, 0.8725 2.8703 0.7087, 1.1502 2.7707 0.7087, 1.4168 2.6444 0.7087, 1.6696 2.4925 0.7087, 1.9063 2.3164 0.7087, 2.1246 2.118 0.7087, 3.5492 0.689 0.7087, 3.5492 0.6871 0.7189, 3.5492 0.6815 0.7283, 3.5492 0.6611 0.7428, 3.5492 0.6332 0.748, 2.4606 -0.0 2.8386, 2.4622 0.299 2.8333, 2.4427 0.2966 2.8386, 2.4082 0.5936 2.8333, 2.3891 0.5889 2.8386, 2.3191 0.8795 2.8333, 2.3007 0.8726 2.8386, 2.1962 1.1527 2.8333, 2.1788 1.1435 2.8386, 2.0413 1.409 2.8333, 2.0251 1.3978 2.8386, 1.8565 1.6448 2.8333, 1.8418 1.6317 2.8386, 1.6448 1.8565 2.8333, 1.6317 1.8418 2.8386, 1.409 2.0413 2.8333, 1.3978 2.0251 2.8386, 1.1527 2.1962 2.8333, 1.1435 2.1788 2.8386, 0.8795 2.3191 2.8333, 0.8726 2.3007 2.8386, 0.5936 2.4082 2.8333, 0.5889 2.3891 2.8386, 0.299 2.4622 2.8333, 0.2966 2.4427 2.8386, 0.0 2.4803 2.8333, 0.0 2.4606 2.8386, -0.299 2.4622 2.8333, -0.2966 2.4427 2.8386, -0.5936 2.4082 2.8333, -0.5889 2.3891 2.8386, -0.8795 2.3191 2.8333, -0.8726 2.3007 2.8386, -1.1527 2.1962 2.8333, -1.1435 2.1788 2.8386, -1.409 2.0413 2.8333, -1.3978 2.0251 2.8386, -1.6448 1.8565 2.8333, -1.6317 1.8418 2.8386, -1.8565 1.6448 2.8333, -1.8418 1.6317 2.8386, -2.0413 1.409 2.8333, -2.0251 1.3978 2.8386, -2.1962 1.1527 2.8333, -2.1788 1.1435 2.8386, -2.3191 0.8795 2.8333, -2.3007 0.8726 2.8386, -2.4082 0.5936 2.8333, -2.3891 0.5889 2.8386, -2.4622 0.299 2.8333, -2.4427 0.2966 2.8386, -2.4803 0.0 2.8333, -2.4606 0.0 2.8386, -2.4622 -0.299 2.8333, -2.4427 -0.2966 2.8386, -2.4082 -0.5936 2.8333, -2.3891 -0.5889 2.8386, -2.3191 -0.8795 2.8333, -2.3007 -0.8726 2.8386, -2.1962 -1.1527 2.8333, -2.1788 -1.1435 2.8386, -2.0413 -1.409 2.8333, -2.0251 -1.3978 2.8386, -1.8565 -1.6448 2.8333, -1.8418 -1.6317 2.8386, -1.6448 -1.8565 2.8333, -1.6317 -1.8418 2.8386, -1.409 -2.0413 2.8333, -1.3978 -2.0251 2.8386, -1.1527 -2.1962 2.8333, -1.1435 -2.1788 2.8386, -0.8795 -2.3191 2.8333, -0.8726 -2.3007 2.8386, -0.5936 -2.4082 2.8333, -0.5889 -2.3891 2.8386, -0.299 -2.4622 2.8333, -0.2966 -2.4427 2.8386, 0.0 -2.4803 2.8333, 0.0 -2.4606 2.8386, 0.299 -2.4622 2.8333, 0.2966 -2.4427 2.8386, 0.5936 -2.4082 2.8333, 0.5889 -2.3891 2.8386, 0.8795 -2.3191 2.8333, 0.8726 -2.3007 2.8386, 1.1527 -2.1962 2.8333, 1.1435 -2.1788 2.8386, 1.409 -2.0413 2.8333, 1.3978 -2.0251 2.8386, 1.6448 -1.8565 2.8333, 1.6317 -1.8418 2.8386, 1.8565 -1.6448 2.8333, 1.8418 -1.6317 2.8386, 2.0413 -1.409 2.8333, 2.0251 -1.3978 2.8386, 2.1962 -1.1527 2.8333, 2.1788 -1.1435 2.8386, 2.3191 -0.8795 2.8333, 2.3007 -0.8726 2.8386, 2.4082 -0.5936 2.8333, 2.3891 -0.5889 2.8386, 2.4622 -0.299 2.8333, 2.4427 -0.2966 2.8386, 2.4803 0.0 2.8333, 2.4765 0.3007 2.8189, 2.4222 0.597 2.8189, 2.3326 0.8846 2.8189, 2.209 1.1594 2.8189, 2.0531 1.4172 2.8189, 1.8673 1.6543 2.8189, 1.6543 1.8673 2.8189, 1.4172 2.0531 2.8189, 1.1594 2.209 2.8189, 0.8846 2.3326 2.8189, 0.597 2.4222 2.8189, 0.3007 2.4765 2.8189, 0.0 2.4947 2.8189, -0.3007 2.4765 2.8189, -0.597 2.4222 2.8189, -0.8846 2.3326 2.8189, -1.1594 2.209 2.8189, -1.4172 2.0531 2.8189, -1.6543 1.8673 2.8189, -1.8673 1.6543 2.8189, -2.0531 1.4172 2.8189, -2.209 1.1594 2.8189, -2.3326 0.8846 2.8189, -2.4222 0.597 2.8189, -2.4765 0.3007 2.8189, -2.4947 0.0 2.8189, -2.4765 -0.3007 2.8189, -2.4222 -0.597 2.8189, -2.3326 -0.8846 2.8189, -2.209 -1.1594 2.8189, -2.0531 -1.4172 2.8189, -1.8673 -1.6543 2.8189, -1.6543 -1.8673 2.8189, -1.4172 -2.0531 2.8189, -1.1594 -2.209 2.8189, -0.8846 -2.3326 2.8189, -0.597 -2.4222 2.8189, -0.3007 -2.4765 2.8189, 0.0 -2.4947 2.8189, 0.3007 -2.4765 2.8189, 0.597 -2.4222 2.8189, 0.8846 -2.3326 2.8189, 1.1594 -2.209 2.8189, 1.4172 -2.0531 2.8189, 1.6543 -1.8673 2.8189, 1.8673 -1.6543 2.8189, 2.0531 -1.4172 2.8189, 2.209 -1.1594 2.8189, 2.3326 -0.8846 2.8189, 2.4222 -0.597 2.8189, 2.4765 -0.3007 2.8189, 2.4947 0.0 2.8189, 2.4818 0.3013 2.7992, 2.4274 0.5983 2.7992, 2.3375 0.8865 2.7992, 2.2136 1.1618 2.7992, 2.0575 1.4202 2.7992, 1.8713 1.6578 2.7992, 1.6578 1.8713 2.7992, 1.4202 2.0575 2.7992, 1.1618 2.2136 2.7992, 0.8865 2.3375 2.7992, 0.5983 2.4274 2.7992, 0.3013 2.4818 2.7992, 0.0 2.5 2.7992, -0.3013 2.4818 2.7992, -0.5983 2.4274 2.7992, -0.8865 2.3375 2.7992, -1.1618 2.2136 2.7992, -1.4202 2.0575 2.7992, -1.6578 1.8713 2.7992, -1.8713 1.6578 2.7992, -2.0575 1.4202 2.7992, -2.2136 1.1618 2.7992, -2.3375 0.8865 2.7992, -2.4274 0.5983 2.7992, -2.4818 0.3013 2.7992, -2.5 0.0 2.7992, -2.4818 -0.3013 2.7992, -2.4274 -0.5983 2.7992, -2.3375 -0.8865 2.7992, -2.2136 -1.1618 2.7992, -2.0575 -1.4202 2.7992, -1.8713 -1.6578 2.7992, -1.6578 -1.8713 2.7992, -1.4202 -2.0575 2.7992, -1.1618 -2.2136 2.7992, -0.8865 -2.3375 2.7992, -0.5983 -2.4274 2.7992, -0.3013 -2.4818 2.7992, 0.0 -2.5 2.7992, 0.3013 -2.4818 2.7992, 0.5983 -2.4274 2.7992, 0.8865 -2.3375 2.7992, 1.1618 -2.2136 2.7992, 1.4202 -2.0575 2.7992, 1.6578 -1.8713 2.7992, 1.8713 -1.6578 2.7992, 2.0575 -1.4202 2.7992, 2.2136 -1.1618 2.7992, 2.3375 -0.8865 2.7992, 2.4274 -0.5983 2.7992, 2.4818 -0.3013 2.7992, 2.5 0.0 2.7992
            ]
        }
        coordIndex [
            0,1,2,-1,2,1,3,-1,2,3,4,-1,4,3,5,-1,4,5,6,-1,6,5,7,-1,6,7,8,-1,9,10,11,-1,10,12,13,-1,12,14,15,-1,12,15,13,-1,13,15,16,-1,13,16,17,-1,17,16,18,-1,17,18,19,-1,19,18,20,-1,19,20,21,-1,21,20,22,-1,21,22,23,-1,23,22,24,-1,23,24,25,-1,25,24,26,-1,25,26,27,-1,27,26,28,-1,27,28,29,-1,29,28,30,-1,29,30,31,-1,31,30,32,-1,31,32,33,-1,33,32,34,-1,33,34,35,-1,35,34,36,-1,35,36,37,-1,37,36,38,-1,37,38,39,-1,39,38,40,-1,39,40,41,-1,41,40,42,-1,41,42,43,-1,43,42,7,-1,43,7,5,-1,10,13,11,-1,11,13,17,-1,11,17,44,-1,44,17,19,-1,44,19,45,-1,45,19,21,-1,45,21,46,-1,46,21,23,-1,46,23,47,-1,47,23,25,-1,47,25,48,-1,48,25,27,-1,48,27,49,-1,49,27,29,-1,49,29,50,-1,50,29,31,-1,50,31,51,-1,51,31,33,-1,51,33,52,-1,52,33,35,-1,52,35,53,-1,53,35,37,-1,53,37,54,-1,54,37,39,-1,54,39,55,-1,55,39,41,-1,55,41,56,-1,56,41,43,-1,56,43,57,-1,57,43,5,-1,57,5,3,-1,9,11,58,-1,58,11,44,-1,58,44,59,-1,59,44,45,-1,59,45,60,-1,60,45,46,-1,60,46,61,-1,61,46,47,-1,61,47,62,-1,62,47,48,-1,62,48,63,-1,63,48,49,-1,63,49,64,-1,64,49,50,-1,64,50,65,-1,65,50,51,-1,65,51,66,-1,66,51,52,-1,66,52,67,-1,67,52,53,-1,67,53,68,-1,68,53,54,-1,68,54,69,-1,69,54,55,-1,69,55,70,-1,70,55,56,-1,70,56,71,-1,71,56,57,-1,71,57,72,-1,72,57,3,-1,72,3,1,-1,73,14,12,-1,73,12,74,-1,74,12,10,-1,74,10,75,-1,9,76,10,-1,10,76,77,-1,10,77,75,-1,78,79,80,-1,78,80,81,-1,81,80,82,-1,81,82,83,-1,84,85,82,-1,82,85,86,-1,82,86,83,-1,84,82,87,-1,82,80,88,-1,80,79,89,-1,80,89,88,-1,88,89,90,-1,88,90,91,-1,91,90,92,-1,91,92,93,-1,93,92,94,-1,93,94,95,-1,95,94,96,-1,95,96,97,-1,97,96,98,-1,97,98,99,-1,99,98,100,-1,99,100,101,-1,101,100,102,-1,101,102,103,-1,103,102,104,-1,103,104,105,-1,105,104,106,-1,105,106,107,-1,107,106,108,-1,107,108,109,-1,109,108,110,-1,109,110,111,-1,111,110,112,-1,111,112,113,-1,113,112,114,-1,113,114,115,-1,115,114,116,-1,115,116,117,-1,117,116,118,-1,117,118,119,-1,82,88,87,-1,87,88,91,-1,87,91,120,-1,120,91,93,-1,120,93,121,-1,121,93,95,-1,121,95,122,-1,122,95,97,-1,122,97,123,-1,123,97,99,-1,123,99,124,-1,124,99,101,-1,124,101,125,-1,125,101,103,-1,125,103,126,-1,126,103,105,-1,126,105,127,-1,127,105,107,-1,127,107,128,-1,128,107,109,-1,128,109,129,-1,129,109,111,-1,129,111,130,-1,130,111,113,-1,130,113,131,-1,131,113,115,-1,131,115,132,-1,132,115,117,-1,132,117,133,-1,133,117,119,-1,133,119,134,-1,84,87,135,-1,135,87,120,-1,135,120,136,-1,136,120,121,-1,136,121,137,-1,137,121,122,-1,137,122,138,-1,138,122,123,-1,138,123,139,-1,139,123,124,-1,139,124,140,-1,140,124,125,-1,140,125,141,-1,141,125,126,-1,141,126,142,-1,142,126,127,-1,142,127,143,-1,143,127,128,-1,143,128,144,-1,144,128,129,-1,144,129,145,-1,145,129,130,-1,145,130,146,-1,146,130,131,-1,146,131,147,-1,147,131,132,-1,147,132,148,-1,148,132,133,-1,148,133,149,-1,149,133,134,-1,149,134,150,-1,151,150,152,-1,152,150,134,-1,152,134,153,-1,153,134,119,-1,153,119,154,-1,154,119,118,-1,154,118,155,-1,156,157,158,-1,158,157,159,-1,158,159,160,-1,160,159,161,-1,160,161,162,-1,162,161,163,-1,162,163,164,-1,164,163,165,-1,164,165,166,-1,166,165,167,-1,166,167,168,-1,168,167,169,-1,168,169,170,-1,170,169,171,-1,170,171,172,-1,172,171,173,-1,172,173,174,-1,174,173,175,-1,174,175,176,-1,176,175,177,-1,176,177,178,-1,178,177,179,-1,178,179,180,-1,180,179,181,-1,180,181,182,-1,182,181,183,-1,182,183,184,-1,184,183,185,-1,184,185,186,-1,186,185,187,-1,186,187,188,-1,188,187,189,-1,188,189,190,-1,190,189,191,-1,190,191,192,-1,192,191,193,-1,192,193,194,-1,194,193,195,-1,194,195,196,-1,196,195,197,-1,196,197,198,-1,198,197,199,-1,198,199,200,-1,200,199,201,-1,200,201,202,-1,202,201,203,-1,202,203,204,-1,204,203,205,-1,204,205,206,-1,206,205,207,-1,206,207,208,-1,208,207,209,-1,208,209,210,-1,210,209,211,-1,210,211,212,-1,212,211,213,-1,212,213,214,-1,214,213,215,-1,214,215,216,-1,216,215,217,-1,216,217,218,-1,218,217,219,-1,218,219,220,-1,220,219,221,-1,220,221,222,-1,222,221,223,-1,222,223,224,-1,224,223,225,-1,224,225,226,-1,226,225,227,-1,226,227,228,-1,228,227,229,-1,228,229,230,-1,230,229,231,-1,230,231,232,-1,232,231,233,-1,232,233,234,-1,234,233,235,-1,234,235,236,-1,236,235,237,-1,236,237,238,-1,238,237,239,-1,238,239,240,-1,240,239,241,-1,240,241,242,-1,242,241,243,-1,242,243,244,-1,244,243,245,-1,244,245,246,-1,246,245,247,-1,246,247,248,-1,248,247,249,-1,248,249,250,-1,250,249,251,-1,250,251,252,-1,252,251,253,-1,252,253,254,-1,254,253,255,-1,254,255,256,-1,256,255,257,-1,256,257,258,-1,258,257,259,-1,258,259,156,-1,156,259,157,-1,259,260,157,-1,157,260,261,-1,157,261,159,-1,159,261,262,-1,159,262,161,-1,161,262,263,-1,161,263,163,-1,163,263,264,-1,163,264,165,-1,165,264,265,-1,165,265,167,-1,167,265,266,-1,167,266,169,-1,169,266,267,-1,169,267,171,-1,171,267,268,-1,171,268,173,-1,173,268,269,-1,173,269,175,-1,175,269,270,-1,175,270,177,-1,177,270,271,-1,177,271,179,-1,179,271,272,-1,179,272,181,-1,181,272,273,-1,181,273,183,-1,183,273,274,-1,183,274,185,-1,185,274,275,-1,185,275,187,-1,187,275,276,-1,187,276,189,-1,189,276,277,-1,189,277,191,-1,191,277,278,-1,191,278,193,-1,193,278,279,-1,193,279,195,-1,195,279,280,-1,195,280,197,-1,197,280,281,-1,197,281,199,-1,199,281,282,-1,199,282,201,-1,201,282,283,-1,201,283,203,-1,203,283,284,-1,203,284,205,-1,205,284,285,-1,205,285,207,-1,207,285,286,-1,207,286,209,-1,209,286,287,-1,209,287,211,-1,211,287,288,-1,211,288,213,-1,213,288,289,-1,213,289,215,-1,215,289,290,-1,215,290,217,-1,217,290,291,-1,217,291,219,-1,219,291,292,-1,219,292,221,-1,221,292,293,-1,221,293,223,-1,223,293,294,-1,223,294,225,-1,225,294,295,-1,225,295,227,-1,227,295,296,-1,227,296,229,-1,229,296,297,-1,229,297,231,-1,231,297,298,-1,231,298,233,-1,233,298,299,-1,233,299,235,-1,235,299,300,-1,235,300,237,-1,237,300,301,-1,237,301,239,-1,239,301,302,-1,239,302,241,-1,241,302,303,-1,241,303,243,-1,243,303,304,-1,243,304,245,-1,245,304,305,-1,245,305,247,-1,247,305,306,-1,247,306,249,-1,249,306,307,-1,249,307,251,-1,251,307,308,-1,251,308,253,-1,253,308,309,-1,253,309,255,-1,255,309,310,-1,255,310,257,-1,257,310,311,-1,257,311,259,-1,259,311,260,-1,311,312,260,-1,260,312,313,-1,260,313,261,-1,261,313,314,-1,261,314,262,-1,262,314,315,-1,262,315,263,-1,263,315,316,-1,263,316,264,-1,264,316,317,-1,264,317,265,-1,265,317,318,-1,265,318,266,-1,266,318,319,-1,266,319,267,-1,267,319,320,-1,267,320,268,-1,268,320,321,-1,268,321,269,-1,269,321,322,-1,269,322,270,-1,270,322,323,-1,270,323,271,-1,271,323,324,-1,271,324,272,-1,272,324,325,-1,272,325,273,-1,273,325,326,-1,273,326,274,-1,274,326,327,-1,274,327,275,-1,275,327,328,-1,275,328,276,-1,276,328,329,-1,276,329,277,-1,277,329,330,-1,277,330,278,-1,278,330,331,-1,278,331,279,-1,279,331,332,-1,279,332,280,-1,280,332,333,-1,280,333,281,-1,281,333,334,-1,281,334,282,-1,282,334,335,-1,282,335,283,-1,283,335,336,-1,283,336,284,-1,284,336,337,-1,284,337,285,-1,285,337,338,-1,285,338,286,-1,286,338,339,-1,286,339,287,-1,287,339,340,-1,287,340,288,-1,288,340,341,-1,288,341,289,-1,289,341,342,-1,289,342,290,-1,290,342,343,-1,290,343,291,-1,291,343,344,-1,291,344,292,-1,292,344,345,-1,292,345,293,-1,293,345,346,-1,293,346,294,-1,294,346,347,-1,294,347,295,-1,295,347,348,-1,295,348,296,-1,296,348,349,-1,296,349,297,-1,297,349,350,-1,297,350,298,-1,298,350,351,-1,298,351,299,-1,299,351,352,-1,299,352,300,-1,300,352,353,-1,300,353,301,-1,301,353,354,-1,301,354,302,-1,302,354,355,-1,302,355,303,-1,303,355,356,-1,303,356,304,-1,304,356,357,-1,304,357,305,-1,305,357,358,-1,305,358,306,-1,306,358,359,-1,306,359,307,-1,307,359,360,-1,307,360,308,-1,308,360,361,-1,308,361,309,-1,309,361,362,-1,309,362,310,-1,310,362,363,-1,310,363,311,-1,311,363,312,-1,
        ]
    }
}