#VRML V2.0 utf8
# 3D model generated by easyeda2kicad.py (https://github.com/uPesy/easyeda2kicad.py)

Shape{
    appearance Appearance {
        material  Material 	{
            diffuseColor 0.34901960784313724 0.34901960784313724 0.34901960784313724
            specularColor 0.023529411764705882 0.023529411764705882 0.023529411764705882
            ambientIntensity 0.498
            transparency 0.0
            shininess 0.5
        }
    }
    geometry IndexedFaceSet {
        ccw TRUE
        solid FALSE
        coord DEF co Coordinate {
            point [
                0.0095 0.0359 1.2602, 0.0095 0.0116 1.2602, 0.0204 0.0116 1.2602, -0.0199 0.0045 1.2602, -0.0181 0.0001 1.2602, -0.0053 0.0001 1.2602, -0.0238 0.01 1.2602, -0.0225 0.0082 1.2602, -0.0053 0.0082 1.2602, 0.0526 -0.0353 1.2602, 0.0519 -0.0354 1.2602, 0.0585 -0.0354 1.2602, 0.7951 -0.0511 1.2602, 0.7887 -0.0462 1.2602, 0.4876 -0.0462 1.2602, 0.7829 -0.0418 1.2602, 0.778 -0.0354 1.2602, 0.4876 -0.0354 1.2602, 0.7667 0.0082 1.2602, 0.4876 0.0082 1.2602, 0.4876 0.0001 1.2602, 0.7735 0.0295 1.2602, 0.7786 0.0361 1.2602, 0.4876 0.0361 1.2602, 0.4816 0.672 1.2602, 0.4259 0.7087 1.2602, 0.125 0.7087 1.2602, 0.023 0.0147 1.2602, 0.0227 0.0153 1.2602, 0.0227 0.0082 1.2602, 0.0617 0.0359 1.2602, 0.0649 0.0361 1.2602, 0.0585 0.0361 1.2602, 0.0511 0.0327 1.2602, 0.0511 0.0239 1.2602, 0.0585 0.0327 1.2602, 0.0585 0.0239 1.2602, 0.0617 0.0327 1.2602, 0.0609 0.0239 1.2602, 0.0623 0.0116 1.2602, 0.0609 0.0208 1.2602, 0.0585 0.0116 1.2602, 0.0585 0.0208 1.2602, 0.0511 0.0116 1.2602, 0.0511 0.0208 1.2602, 0.0476 0.0084 1.2602, 0.046 0.0082 1.2602, 0.0585 0.0082 1.2602, 0.0649 0.0082 1.2602, 0.0623 0.0084 1.2602, 0.0585 0.0084 1.2602, 0.046 0.0361 1.2602, 0.0476 0.0359 1.2602, 0.0585 0.0359 1.2602, 0.0953 0.0084 1.2602, 0.0914 0.0084 1.2602, 0.0906 0.0082 1.2602, 0.0993 0.0082 1.2602, 0.0993 0.0159 1.2602, 0.098 0.0159 1.2602, 0.125 0.0082 1.2602, 0.1161 0.0084 1.2602, 0.1122 0.0084 1.2602, 0.0906 0.0361 1.2602, 0.0993 0.0292 1.2602, 0.0993 0.0361 1.2602, 0.1019 0.0359 1.2602, 0.1056 0.0359 1.2602, 0.125 0.0361 1.2602, 0.0278 0.0298 1.2602, 0.0265 0.0278 1.2602, 0.0409 0.0124 1.2602, 0.0256 0.0254 1.2602, 0.0252 0.0218 1.2602, 0.0252 0.0216 1.2602, 0.0393 0.0117 1.2602, 0.0362 0.0112 1.2602, 0.0344 0.0331 1.2602, 0.032 0.0326 1.2602, 0.0409 0.032 1.2602, 0.039 0.0327 1.2602, 0.0356 0.0331 1.2602, 0.0299 0.0316 1.2602, 0.0281 0.0301 1.2602, 0.0257 0.0182 1.2602, 0.0265 0.016 1.2602, 0.0279 0.014 1.2602, 0.0304 0.0121 1.2602, 0.0324 0.0114 1.2602, 0.035 0.0111 1.2602, 0.0286 0.0134 1.2602, 0.0418 0.0317 1.2602, 0.0421 0.013 1.2602, 0.0421 0.0315 1.2602, 0.0384 0.0361 1.2602, 0.0394 0.036 1.2602, 0.0409 0.0361 1.2602, 0.0409 0.0356 1.2602, 0.0421 0.0352 1.2602, 0.0358 0.0363 1.2602, 0.0409 0.7087 1.2602, 0.0356 0.0363 1.2602, 0.0227 0.7087 1.2602, 0.0335 0.0361 1.2602, 0.0227 0.0361 1.2602, 0.029 0.0349 1.2602, 0.0319 0.0359 1.2602, 0.0235 0.0297 1.2602, 0.0255 0.0323 1.2602, 0.0263 0.0331 1.2602, 0.0211 0.0082 1.2602, 0.0211 0.0361 1.2602, 0.0222 0.0267 1.2602, 0.0227 0.028 1.2602, 0.0219 0.0177 1.2602, 0.0215 0.0216 1.2602, 0.0216 0.0231 1.2602, 0.0271 0.01 1.2602, 0.0297 0.0087 1.2602, 0.032 0.0082 1.2602, 0.025 0.0117 1.2602, 0.0245 0.0123 1.2602, 0.0345 0.008 1.2602, 0.0326 0.0081 1.2602, 0.0227 0.0001 1.2602, 0.0369 0.0082 1.2602, 0.0409 0.0001 1.2602, 0.0421 0.0096 1.2602, 0.0416 0.0093 1.2602, 0.0409 0.0082 1.2602, 0.0409 0.0091 1.2602, 0.0387 0.0084 1.2602, 0.0247 -0.0268 1.2602, 0.0254 -0.0258 1.2602, 0.0259 -0.0202 1.2602, 0.0409 -0.0354 1.2602, 0.0397 -0.0351 1.2602, 0.0363 -0.0351 1.2602, 0.0268 -0.0349 1.2602, 0.0227 -0.0354 1.2602, 0.0281 -0.0354 1.2602, 0.0282 -0.0354 1.2602, 0.0246 -0.0326 1.2602, 0.0241 -0.0314 1.2602, 0.024 -0.0299 1.2602, 0.0373 -0.0164 1.2602, 0.0382 -0.0172 1.2602, 0.0264 -0.0249 1.2602, 0.0279 -0.0241 1.2602, 0.0281 -0.0188 1.2602, 0.0305 -0.0235 1.2602, 0.0335 -0.018 1.2602, 0.0323 -0.0179 1.2602, 0.0302 -0.0181 1.2602, 0.0257 -0.0341 1.2602, 0.0253 -0.0337 1.2602, 0.0363 -0.0321 1.2602, 0.0362 -0.0321 1.2602, 0.0357 -0.0329 1.2602, 0.0346 -0.0341 1.2602, 0.024 -0.0295 1.2602, 0.0242 -0.028 1.2602, 0.0293 -0.0155 1.2602, 0.0326 -0.0151 1.2602, 0.0347 -0.0153 1.2602, 0.0362 -0.0157 1.2602, 0.0259 -0.0169 1.2602, 0.0267 -0.0164 1.2602, 0.0389 -0.0183 1.2602, 0.0395 -0.0199 1.2602, 0.0397 -0.0225 1.2602, 0.0363 -0.0227 1.2602, 0.0362 -0.0211 1.2602, 0.0358 -0.0199 1.2602, 0.0354 -0.0192 1.2602, 0.0349 -0.0187 1.2602, 0.0343 -0.0183 1.2602, 0.0302 -0.0356 1.2602, 0.0227 -0.0462 1.2602, 0.032 -0.0354 1.2602, 0.0409 -0.0462 1.2602, 0.0321 -0.0354 1.2602, -0.8247 -0.0591 1.2602, -0.8148 -0.1403 1.2602, -0.8094 -0.057 1.2602, -0.7942 -0.2299 1.2602, -0.4259 -0.7087 1.2602, -0.1041 -0.0474 1.2602, -0.1068 -0.0462 1.2602, -0.4816 -0.672 1.2602, -0.7951 -0.0511 1.2602, -0.5532 -0.6144 1.2602, -0.618 -0.5493 1.2602, -0.7887 -0.0462 1.2602, -0.7829 -0.0418 1.2602, -0.7638 -0.3166 1.2602, -0.7239 -0.3994 1.2602, -0.6751 -0.4773 1.2602, -0.0907 -0.0462 1.2602, -0.094 -0.0475 1.2602, -0.0053 -0.7087 1.2602, -0.0987 -0.0481 1.2602, -0.0995 -0.0481 1.2602, -0.778 -0.0354 1.2602, -0.1086 -0.0455 1.2602, -0.1124 -0.0426 1.2602, -0.7656 -0.0 1.2602, -0.7676 -0.0153 1.2602, -0.117 -0.0354 1.2602, -0.1153 -0.039 1.2602, -0.7735 -0.0295 1.2602, -0.1268 -0.0307 1.2602, -0.1329 -0.0255 1.2602, -0.1373 -0.0191 1.2602, -0.1198 -0.0341 1.2602, -0.1173 -0.0348 1.2602, -0.1402 -0.0119 1.2602, -0.1411 -0.0042 1.2602, -0.7656 0.0001 1.2602, -0.141 -0.0023 1.2602, -0.1406 0.0001 1.2602, -0.7667 0.0082 1.2602, -0.0964 0.0356 1.2602, -0.0956 0.0361 1.2602, -0.7676 0.0153 1.2602, -0.1397 0.005 1.2602, -0.1383 0.0082 1.2602, -0.1366 0.012 1.2602, -0.1319 0.0181 1.2602, -0.1172 0.0265 1.2602, -0.1095 0.0274 1.2602, -0.101 0.0317 1.2602, -0.1072 0.0273 1.2602, -0.105 0.027 1.2602, -0.1306 0.0193 1.2602, -0.1244 0.0237 1.2602, -0.0916 0.0386 1.2602, -0.0053 0.7087 1.2602, -0.7638 0.3166 1.2602, -0.7942 0.2299 1.2602, -0.8094 0.057 1.2602, -0.8148 0.1403 1.2602, -0.8247 0.0591 1.2602, -0.0826 0.0421 1.2602, -0.073 0.0432 1.2602, -0.0649 0.0424 1.2602, -0.4259 0.7087 1.2602, -0.7951 0.0511 1.2602, -0.4816 0.672 1.2602, -0.5532 0.6144 1.2602, -0.7829 0.0418 1.2602, -0.7786 0.0361 1.2602, -0.7735 0.0295 1.2602, -0.618 0.5493 1.2602, -0.6751 0.4773 1.2602, -0.7239 0.3994 1.2602, 0.4876 0.6672 1.2602, 0.7829 0.0418 1.2602, 0.7951 0.0511 1.2602, 0.5532 0.6144 1.2602, 0.618 0.5493 1.2602, 0.8247 0.0591 1.2602, 0.8148 0.1403 1.2602, 0.8094 0.057 1.2602, 0.7942 0.2299 1.2602, 0.7638 0.3166 1.2602, 0.7239 0.3994 1.2602, 0.6751 0.4773 1.2602, 0.7676 0.0153 1.2602, 0.7735 -0.0295 1.2602, 0.7676 -0.0153 1.2602, 0.7656 0.0 1.2602, 0.7638 -0.3166 1.2602, 0.7942 -0.2299 1.2602, 0.8094 -0.057 1.2602, 0.8148 -0.1403 1.2602, 0.8247 -0.0591 1.2602, 0.5532 -0.6144 1.2602, 0.618 -0.5493 1.2602, 0.6751 -0.4773 1.2602, 0.7239 -0.3994 1.2602, 0.4876 -0.6672 1.2602, 0.4816 -0.672 1.2602, 0.125 -0.0462 1.2602, 0.4259 -0.7087 1.2602, 0.082 -0.0077 1.2602, 0.0906 -0.0077 1.2602, 0.0906 0.0001 1.2602, 0.0906 -0.0354 1.2602, 0.0906 -0.0351 1.2602, 0.082 -0.0351 1.2602, 0.0684 -0.0303 1.2602, 0.0688 -0.0319 1.2602, 0.0689 -0.0319 1.2602, 0.0782 -0.0155 1.2602, 0.0649 0.0001 1.2602, 0.0747 -0.0155 1.2602, 0.0649 -0.0203 1.2602, 0.0693 -0.0303 1.2602, 0.0691 -0.0312 1.2602, 0.0594 -0.0155 1.2602, 0.0585 0.0001 1.2602, 0.0649 -0.0295 1.2602, 0.0633 -0.0155 1.2602, 0.0649 -0.0354 1.2602, 0.067 -0.0354 1.2602, 0.0671 -0.0351 1.2602, 0.0649 -0.0399 1.2602, 0.0649 -0.0399 1.2602, 0.0656 -0.0387 1.2602, 0.0585 -0.0462 1.2602, 0.0601 -0.0441 1.2602, 0.0601 -0.041 1.2602, 0.0621 -0.0414 1.2602, 0.0629 -0.0413 1.2602, 0.0649 -0.0438 1.2602, 0.0637 -0.0442 1.2602, 0.0649 -0.0462 1.2602, 0.0623 -0.0444 1.2602, 0.0616 -0.0443 1.2602, 0.0637 -0.041 1.2602, 0.0643 -0.0406 1.2602, 0.0693 -0.0381 1.2602, 0.0678 -0.0411 1.2602, 0.0906 -0.0462 1.2602, 0.0704 -0.0354 1.2602, 0.0665 -0.0426 1.2602, 0.0663 -0.0429 1.2602, 0.0651 -0.0437 1.2602, 0.0565 -0.0266 1.2602, 0.0571 -0.0275 1.2602, 0.0567 -0.0193 1.2602, 0.0466 -0.0166 1.2602, 0.0476 -0.016 1.2602, 0.046 0.0001 1.2602, 0.057 -0.0323 1.2602, 0.0564 -0.0332 1.2602, 0.0575 -0.0285 1.2602, 0.0576 -0.0298 1.2602, 0.0575 -0.0312 1.2602, 0.0495 -0.0154 1.2602, 0.052 -0.0151 1.2602, 0.0567 -0.0159 1.2602, 0.0539 -0.0152 1.2602, 0.0554 -0.034 1.2602, 0.0544 -0.0346 1.2602, 0.0517 -0.0179 1.2602, 0.0507 -0.0179 1.2602, 0.048 -0.0205 1.2602, 0.0498 -0.0182 1.2602, 0.049 -0.0186 1.2602, 0.048 -0.021 1.2602, 0.0481 -0.0215 1.2602, 0.0484 -0.022 1.2602, 0.0487 -0.0223 1.2602, 0.0499 -0.0231 1.2602, 0.054 -0.0181 1.2602, 0.052 -0.024 1.2602, 0.0559 -0.0188 1.2602, 0.0534 -0.0246 1.2602, 0.0557 -0.0258 1.2602, 0.0485 -0.0191 1.2602, 0.0482 -0.0195 1.2602, 0.048 -0.02 1.2602, 0.0444 -0.0208 1.2602, 0.0445 -0.0196 1.2602, 0.0449 -0.0232 1.2602, 0.0446 -0.0222 1.2602, 0.0444 -0.0309 1.2602, 0.045 -0.0185 1.2602, 0.0456 -0.0175 1.2602, 0.046 -0.0172 1.2602, 0.0457 -0.0317 1.2602, 0.046 -0.0318 1.2602, 0.046 -0.0245 1.2602, 0.0454 -0.0239 1.2602, 0.0459 -0.0245 1.2602, 0.0479 -0.0325 1.2602, 0.0496 -0.0265 1.2602, 0.0476 -0.0256 1.2602, 0.05 -0.0328 1.2602, 0.0502 -0.0328 1.2602, 0.0519 -0.0275 1.2602, 0.052 -0.0326 1.2602, 0.0541 -0.0301 1.2602, 0.0541 -0.0297 1.2602, 0.0528 -0.0323 1.2602, 0.0532 -0.0321 1.2602, 0.0536 -0.0317 1.2602, 0.0539 -0.0313 1.2602, 0.054 -0.0308 1.2602, 0.0539 -0.0292 1.2602, 0.0536 -0.0287 1.2602, 0.0532 -0.0283 1.2602, 0.0474 -0.0354 1.2602, 0.0469 -0.0353 1.2602, 0.046 -0.0354 1.2602, 0.046 -0.035 1.2602, 0.0444 -0.0344 1.2602, 0.0497 -0.0356 1.2602, 0.046 -0.0462 1.2602, 0.0608 -0.0413 1.2602, -0.0551 0.0389 1.2602, -0.0509 0.0361 1.2602, -0.0053 0.0361 1.2602, -0.0464 0.0331 1.2602, -0.04 0.0256 1.2602, -0.0359 0.0177 1.2602, -0.035 0.0174 1.2602, -0.0291 0.0145 1.2602, -0.0805 -0.0354 1.2602, -0.0805 -0.0355 1.2602, -0.0053 -0.0462 1.2602, -0.0828 -0.0398 1.2602, -0.0858 -0.0431 1.2602, -0.0896 -0.0458 1.2602, -0.0555 -0.0238 1.2602, -0.0542 -0.0233 1.2602, -0.0519 -0.0122 1.2602, -0.0841 -0.0155 1.2602, -0.0579 -0.0018 1.2602, -0.0875 -0.0124 1.2602, -0.0917 -0.0102 1.2602, -0.0567 -0.0247 1.2602, -0.0199 -0.021 1.2602, -0.0238 -0.0264 1.2602, -0.0053 -0.0354 1.2602, -0.0175 -0.0015 1.2602, -0.0166 -0.0079 1.2602, -0.0175 -0.0148 1.2602, -0.0527 -0.0231 1.2602, -0.0525 -0.0231 1.2602, -0.0519 -0.0233 1.2602, -0.1271 -0.0116 1.2602, -0.1249 -0.0155 1.2602, -0.1149 -0.0176 1.2602, -0.1214 -0.0191 1.2602, -0.1171 -0.0218 1.2602, -0.1077 -0.0111 1.2602, -0.1283 0.0001 1.2602, -0.1117 -0.0139 1.2602, -0.1288 -0.0038 1.2602, -0.1286 -0.0069 1.2602, -0.1034 -0.0095 1.2602, -0.0987 -0.0089 1.2602, -0.0964 -0.009 1.2602, -0.0291 -0.0309 1.2602, -0.035 -0.0338 1.2602, -0.0416 -0.0352 1.2602, -0.0587 -0.0292 1.2602, -0.0587 -0.0284 1.2602, -0.0792 -0.0266 1.2602, -0.0583 -0.0269 1.2602, -0.0575 -0.0256 1.2602, -0.0531 -0.0352 1.2602, -0.0542 -0.0351 1.2602, -0.0555 -0.0345 1.2602, -0.0567 -0.0336 1.2602, -0.0572 -0.0332 1.2602, -0.058 -0.032 1.2602, -0.0585 -0.0306 1.2602, -0.0793 -0.0307 1.2602, -0.0792 -0.0286 1.2602, -0.0324 -0.0181 1.2602, -0.0303 -0.015 1.2602, -0.0291 -0.0115 1.2602, -0.0287 -0.0081 1.2602, -0.0288 -0.0065 1.2602, -0.0515 -0.0233 1.2602, -0.0427 -0.0233 1.2602, -0.0403 -0.023 1.2602, -0.0368 -0.0216 1.2602, -0.0337 -0.0195 1.2602, -0.0439 0.0071 1.2602, -0.0455 0.0071 1.2602, -0.0312 0.0001 1.2602, -0.0405 0.0067 1.2602, -0.0296 -0.0027 1.2602, -0.1282 0.0009 1.2602, -0.1265 0.0053 1.2602, -0.0315 0.0007 1.2602, -0.034 0.0035 1.2602, -0.0371 0.0055 1.2602, -0.0497 0.0189 1.2602, -0.0541 0.0242 1.2602, -0.0989 0.0128 1.2602, -0.0545 0.0246 1.2602, -0.06 0.0284 1.2602, -0.0959 0.019 1.2602, -0.1245 0.0082 1.2602, -0.1003 0.0135 1.2602, -0.0457 0.0082 1.2602, -0.0467 0.0126 1.2602, -0.1046 0.0151 1.2602, -0.1093 0.0157 1.2602, -0.1114 0.0156 1.2602, -0.0916 0.0242 1.2602, -0.0661 0.0307 1.2602, -0.0864 0.028 1.2602, -0.0728 0.0315 1.2602, -0.08 0.0306 1.2602, -0.1162 0.0144 1.2602, -0.1205 0.0121 1.2602, -0.1238 0.0092 1.2602, 0.0967 -0.0351 1.2602, 0.0993 -0.0354 1.2602, 0.0967 -0.032 1.2602, 0.0993 0.0001 1.2602, 0.0961 -0.0108 1.2602, 0.0961 -0.0077 1.2602, 0.0855 -0.0228 1.2602, 0.0855 -0.032 1.2602, 0.0906 -0.0228 1.2602, 0.0906 -0.032 1.2602, 0.0953 -0.0228 1.2602, 0.0855 -0.0108 1.2602, 0.0855 -0.0196 1.2602, 0.0906 -0.0108 1.2602, 0.0906 -0.0196 1.2602, 0.0953 -0.0196 1.2602, 0.0059 0.0084 1.2602, 0.0059 0.0359 1.2602, 0.0204 0.0084 1.2602, 0.0207 -0.032 1.2602, 0.0207 -0.0351 1.2602, 0.0211 -0.0354 1.2602, 0.0059 -0.0351 1.2602, 0.0059 -0.0077 1.2602, 0.0211 0.0001 1.2602, 0.0201 -0.0077 1.2602, 0.0201 -0.0108 1.2602, 0.0095 -0.0108 1.2602, 0.0095 -0.0196 1.2602, 0.0095 -0.0228 1.2602, 0.0095 -0.032 1.2602, 0.0193 -0.0228 1.2602, 0.0193 -0.0196 1.2602, 0.0211 0.7087 1.2602, 0.0211 -0.0462 1.2602, 0.0334 -0.0349 1.2602, 0.0891 0.0176 1.2602, 0.0878 0.0147 1.2602, 0.0885 0.0287 1.2602, 0.0895 0.026 1.2602, 0.0899 0.0225 1.2602, 0.0898 0.0208 1.2602, 0.0857 0.0123 1.2602, 0.085 0.0117 1.2602, 0.0823 0.0099 1.2602, 0.0754 0.0359 1.2602, 0.0797 0.0354 1.2602, 0.083 0.0341 1.2602, 0.079 0.0088 1.2602, 0.0751 0.0084 1.2602, 0.0675 0.0084 1.2602, 0.0675 0.0359 1.2602, 0.0857 0.0322 1.2602, 0.0868 0.0311 1.2602, 0.046 0.7087 1.2602, 0.0585 0.7087 1.2602, 0.0649 0.7087 1.2602, 0.0906 0.7087 1.2602, 0.0993 0.7087 1.2602, 0.1235 -0.026 1.2602, 0.1222 -0.0288 1.2602, 0.125 -0.0354 1.2602, 0.1229 -0.0148 1.2602, 0.1239 -0.0175 1.2602, 0.125 0.0001 1.2602, 0.1243 -0.0211 1.2602, 0.1242 -0.0228 1.2602, 0.1201 -0.0313 1.2602, 0.1194 -0.0319 1.2602, 0.1167 -0.0336 1.2602, 0.1141 -0.0082 1.2602, 0.1174 -0.0094 1.2602, 0.1134 -0.0347 1.2602, 0.1095 -0.0351 1.2602, 0.1019 -0.0351 1.2602, 0.1019 -0.0077 1.2602, 0.1097 -0.0077 1.2602, 0.1094 0.0159 1.2602, 0.1201 -0.0113 1.2602, 0.1212 -0.0124 1.2602, 0.0211 -0.7087 1.2602, 0.0227 -0.7087 1.2602, 0.0409 -0.7087 1.2602, 0.046 -0.7087 1.2602, 0.0585 -0.7087 1.2602, 0.0649 -0.7087 1.2602, 0.0906 -0.7087 1.2602, 0.0993 -0.0462 1.2602, 0.0993 -0.7087 1.2602, 0.125 -0.7087 1.2602, 0.1297 -0.0351 1.2602, 0.1258 -0.0351 1.2602, 0.1438 -0.0276 1.2602, 0.1323 -0.0276 1.2602, 0.1362 -0.0077 1.2602, 0.14 -0.0077 1.2602, 0.1466 -0.0351 1.2602, 0.1505 -0.0351 1.2602
            ]
        }
        coordIndex [
            0,1,2,-1,3,4,5,-1,6,7,8,-1,9,10,11,-1,12,13,14,-1,15,16,17,-1,18,19,20,-1,21,22,23,-1,24,25,26,-1,27,28,29,-1,30,31,32,-1,33,34,35,-1,35,34,36,-1,35,36,37,-1,37,36,38,-1,37,38,39,-1,39,38,40,-1,39,40,41,-1,41,40,42,-1,41,42,43,-1,43,42,44,-1,45,46,47,-1,30,37,31,-1,31,37,39,-1,31,39,48,-1,48,39,49,-1,48,49,47,-1,47,49,50,-1,47,50,45,-1,51,52,32,-1,32,52,53,-1,32,53,30,-1,54,55,56,-1,57,58,59,-1,60,61,62,-1,56,55,63,-1,63,55,64,-1,63,64,65,-1,65,64,66,-1,65,66,67,-1,61,60,67,-1,67,60,68,-1,67,68,65,-1,69,70,71,-1,71,70,72,-1,72,73,71,-1,71,73,74,-1,71,74,75,-1,75,74,76,-1,71,77,78,-1,79,80,71,-1,71,80,81,-1,71,81,77,-1,78,82,71,-1,71,82,83,-1,71,83,69,-1,84,85,86,-1,87,88,74,-1,74,88,89,-1,74,89,76,-1,84,86,74,-1,74,86,90,-1,74,90,87,-1,79,71,91,-1,91,71,92,-1,91,92,93,-1,93,92,46,-1,93,46,51,-1,51,46,45,-1,51,45,52,-1,94,95,96,-1,96,95,97,-1,96,97,51,-1,51,97,98,-1,51,98,93,-1,99,100,101,-1,101,100,102,-1,101,102,103,-1,104,105,106,-1,107,108,104,-1,104,108,109,-1,104,109,105,-1,29,28,110,-1,111,112,104,-1,104,112,113,-1,104,113,107,-1,28,114,110,-1,110,114,115,-1,110,115,111,-1,111,115,116,-1,111,116,112,-1,117,29,118,-1,118,29,119,-1,117,120,29,-1,29,120,121,-1,29,121,27,-1,122,123,124,-1,125,122,126,-1,92,127,46,-1,46,127,128,-1,46,128,129,-1,129,128,130,-1,129,130,131,-1,132,133,134,-1,135,136,137,-1,138,139,140,-1,140,139,141,-1,142,143,139,-1,139,143,144,-1,126,145,146,-1,133,147,134,-1,134,147,148,-1,134,148,149,-1,149,148,150,-1,151,152,150,-1,150,152,153,-1,150,153,149,-1,138,154,139,-1,139,154,155,-1,139,155,142,-1,156,157,137,-1,137,157,158,-1,137,158,159,-1,124,160,161,-1,122,124,126,-1,126,124,162,-1,126,162,163,-1,163,164,126,-1,126,164,165,-1,126,165,145,-1,132,134,161,-1,161,134,166,-1,161,166,124,-1,124,166,167,-1,124,167,162,-1,146,168,126,-1,126,168,169,-1,126,169,170,-1,171,172,150,-1,150,172,173,-1,150,173,174,-1,174,175,150,-1,150,175,176,-1,150,176,151,-1,177,178,179,-1,179,178,180,-1,179,180,181,-1,182,183,184,-1,184,183,185,-1,186,187,188,-1,189,190,191,-1,191,190,192,-1,189,186,190,-1,190,186,188,-1,190,188,193,-1,193,188,194,-1,185,195,184,-1,184,195,196,-1,184,196,190,-1,190,196,197,-1,190,197,192,-1,198,199,200,-1,200,199,201,-1,200,201,186,-1,186,201,202,-1,186,202,187,-1,194,188,203,-1,203,188,204,-1,203,204,205,-1,206,207,208,-1,205,209,203,-1,203,209,208,-1,203,208,210,-1,210,208,207,-1,211,212,206,-1,206,212,213,-1,211,206,214,-1,214,206,208,-1,214,208,215,-1,213,216,206,-1,206,216,217,-1,206,217,218,-1,217,219,218,-1,218,219,220,-1,218,220,221,-1,222,223,224,-1,220,225,221,-1,221,225,226,-1,221,226,224,-1,224,226,227,-1,224,227,228,-1,224,229,222,-1,222,229,230,-1,222,230,231,-1,231,230,232,-1,231,232,233,-1,228,234,224,-1,224,234,235,-1,224,235,229,-1,223,236,237,-1,238,239,240,-1,240,239,241,-1,240,241,242,-1,236,243,237,-1,237,243,244,-1,237,244,245,-1,237,246,247,-1,247,246,248,-1,247,248,249,-1,247,250,237,-1,237,250,251,-1,237,251,223,-1,223,251,252,-1,223,252,224,-1,249,253,247,-1,247,253,254,-1,247,254,240,-1,240,254,255,-1,240,255,238,-1,23,22,256,-1,22,257,256,-1,256,257,258,-1,256,258,259,-1,259,258,260,-1,261,262,263,-1,263,262,264,-1,264,265,263,-1,263,265,266,-1,263,266,258,-1,258,266,267,-1,258,267,260,-1,19,18,23,-1,23,18,268,-1,23,268,21,-1,16,269,17,-1,17,269,270,-1,17,270,20,-1,20,270,271,-1,20,271,18,-1,272,273,274,-1,274,273,275,-1,274,275,276,-1,277,278,12,-1,12,278,279,-1,12,279,274,-1,274,279,280,-1,274,280,272,-1,277,12,281,-1,281,12,14,-1,281,14,282,-1,282,14,283,-1,282,283,284,-1,285,286,287,-1,288,289,290,-1,291,292,293,-1,294,295,296,-1,296,295,297,-1,296,297,298,-1,298,297,291,-1,298,291,299,-1,299,291,293,-1,300,301,11,-1,300,11,302,-1,301,300,295,-1,295,300,303,-1,295,303,297,-1,11,304,302,-1,302,304,305,-1,302,305,306,-1,307,308,304,-1,304,308,309,-1,304,309,305,-1,310,311,312,-1,304,313,314,-1,315,316,317,-1,317,316,318,-1,317,318,310,-1,310,318,319,-1,310,319,311,-1,314,320,304,-1,304,320,321,-1,304,321,307,-1,322,323,324,-1,322,324,325,-1,323,326,324,-1,324,326,327,-1,324,327,317,-1,317,327,328,-1,317,328,315,-1,329,330,331,-1,332,333,334,-1,11,335,336,-1,337,338,11,-1,11,338,339,-1,11,339,335,-1,333,340,334,-1,334,340,341,-1,334,341,301,-1,330,337,331,-1,331,337,11,-1,331,11,342,-1,342,11,301,-1,342,301,343,-1,343,301,341,-1,336,344,11,-1,11,344,345,-1,11,345,9,-1,346,347,348,-1,348,347,349,-1,348,349,350,-1,348,351,346,-1,346,351,352,-1,346,352,353,-1,353,354,346,-1,346,354,355,-1,346,355,356,-1,356,355,357,-1,356,357,358,-1,358,357,359,-1,358,359,331,-1,331,359,360,-1,331,360,329,-1,361,362,350,-1,350,362,363,-1,350,363,348,-1,364,365,126,-1,366,367,368,-1,365,369,126,-1,126,369,370,-1,126,370,334,-1,334,370,371,-1,334,371,332,-1,372,373,374,-1,366,368,375,-1,367,364,368,-1,368,364,126,-1,368,126,135,-1,135,126,170,-1,135,170,136,-1,372,374,368,-1,368,374,376,-1,368,376,375,-1,377,378,373,-1,373,378,379,-1,373,379,374,-1,377,380,378,-1,378,380,381,-1,378,381,382,-1,382,381,383,-1,382,384,385,-1,383,386,382,-1,382,386,387,-1,382,387,388,-1,388,389,382,-1,382,389,390,-1,382,390,384,-1,385,391,382,-1,382,391,392,-1,382,392,393,-1,394,395,396,-1,396,395,397,-1,396,397,135,-1,135,397,398,-1,135,398,368,-1,399,400,10,-1,10,400,310,-1,10,310,11,-1,11,310,312,-1,11,312,304,-1,304,312,401,-1,304,401,313,-1,402,403,404,-1,404,403,405,-1,404,405,406,-1,406,407,404,-1,404,407,408,-1,404,408,409,-1,410,411,412,-1,411,413,412,-1,412,413,414,-1,412,414,415,-1,416,417,418,-1,419,420,421,-1,421,420,422,-1,416,418,423,-1,424,425,426,-1,4,427,5,-1,5,427,428,-1,5,428,426,-1,426,428,429,-1,426,429,424,-1,417,430,418,-1,418,430,431,-1,418,431,432,-1,433,434,435,-1,435,434,436,-1,435,436,437,-1,438,439,440,-1,440,439,441,-1,440,441,435,-1,435,441,442,-1,435,442,433,-1,438,443,439,-1,439,443,444,-1,439,444,420,-1,420,444,445,-1,420,445,422,-1,425,446,426,-1,426,446,447,-1,426,447,448,-1,449,450,451,-1,451,450,452,-1,451,452,418,-1,418,452,453,-1,418,453,423,-1,454,455,410,-1,455,456,410,-1,410,456,457,-1,410,457,458,-1,458,459,410,-1,410,459,460,-1,410,460,461,-1,461,460,449,-1,461,449,462,-1,462,449,451,-1,463,464,418,-1,418,464,465,-1,418,465,420,-1,420,465,466,-1,420,466,467,-1,432,468,418,-1,418,468,469,-1,418,469,470,-1,470,471,418,-1,418,471,472,-1,418,472,463,-1,473,474,475,-1,473,475,476,-1,467,477,420,-1,420,477,475,-1,420,475,439,-1,439,475,474,-1,439,474,478,-1,478,474,479,-1,480,481,475,-1,475,481,482,-1,475,482,476,-1,483,484,485,-1,484,486,485,-1,485,486,487,-1,485,487,488,-1,489,485,490,-1,479,474,489,-1,489,474,491,-1,489,491,485,-1,485,491,492,-1,485,492,483,-1,490,493,489,-1,489,493,494,-1,489,494,495,-1,488,487,496,-1,496,487,497,-1,496,497,498,-1,498,497,499,-1,498,499,500,-1,501,502,495,-1,495,502,503,-1,495,503,489,-1,289,288,504,-1,504,288,505,-1,504,505,506,-1,505,507,508,-1,508,507,509,-1,510,511,512,-1,512,511,513,-1,512,513,514,-1,515,516,517,-1,517,516,518,-1,517,518,508,-1,508,518,519,-1,508,519,505,-1,505,519,514,-1,505,514,506,-1,506,514,513,-1,110,520,8,-1,8,520,404,-1,8,404,6,-1,6,404,409,-1,520,521,404,-1,404,521,0,-1,404,0,111,-1,111,0,2,-1,111,2,110,-1,110,2,522,-1,110,522,520,-1,523,524,525,-1,525,524,526,-1,525,526,426,-1,426,526,5,-1,5,526,527,-1,5,527,528,-1,528,527,529,-1,528,529,530,-1,530,531,532,-1,533,534,535,-1,535,534,523,-1,535,523,536,-1,245,402,237,-1,237,402,404,-1,237,404,537,-1,537,404,111,-1,537,111,102,-1,102,111,104,-1,102,104,103,-1,103,104,106,-1,7,3,8,-1,8,3,5,-1,8,5,110,-1,110,5,528,-1,110,528,29,-1,29,528,124,-1,29,124,119,-1,119,124,123,-1,532,536,530,-1,530,536,523,-1,530,523,528,-1,528,523,525,-1,528,525,124,-1,124,525,139,-1,124,139,160,-1,160,139,144,-1,177,141,178,-1,178,141,139,-1,178,139,538,-1,538,139,525,-1,538,525,412,-1,412,525,426,-1,412,426,410,-1,410,426,448,-1,410,448,454,-1,159,539,137,-1,137,539,181,-1,137,181,135,-1,135,181,180,-1,135,180,396,-1,396,180,400,-1,396,400,394,-1,394,400,399,-1,131,125,129,-1,129,125,126,-1,129,126,46,-1,46,126,334,-1,46,334,47,-1,47,334,301,-1,47,301,48,-1,48,301,295,-1,48,295,56,-1,540,541,56,-1,542,543,63,-1,63,543,544,-1,63,544,56,-1,56,544,545,-1,56,545,540,-1,541,546,56,-1,56,546,547,-1,56,547,548,-1,31,549,63,-1,63,549,550,-1,63,550,551,-1,548,552,56,-1,56,552,553,-1,56,553,48,-1,48,553,554,-1,48,554,31,-1,31,554,555,-1,31,555,549,-1,551,556,63,-1,63,556,557,-1,63,557,542,-1,57,287,507,-1,507,287,286,-1,507,286,509,-1,99,94,100,-1,100,94,96,-1,100,96,558,-1,558,96,51,-1,558,51,559,-1,559,51,32,-1,559,32,560,-1,560,32,31,-1,560,31,561,-1,561,31,63,-1,561,63,562,-1,562,63,65,-1,562,65,26,-1,26,65,68,-1,26,68,24,-1,563,564,565,-1,566,567,568,-1,568,567,569,-1,568,569,565,-1,565,569,570,-1,565,570,563,-1,564,571,565,-1,565,571,572,-1,565,572,573,-1,568,574,575,-1,573,576,565,-1,565,576,577,-1,565,577,505,-1,505,577,578,-1,505,578,507,-1,507,578,579,-1,507,579,580,-1,581,58,62,-1,62,58,57,-1,62,57,60,-1,60,57,507,-1,60,507,568,-1,568,507,580,-1,568,580,574,-1,575,582,568,-1,568,582,583,-1,568,583,566,-1,415,198,412,-1,412,198,200,-1,412,200,538,-1,538,200,584,-1,538,584,178,-1,178,584,585,-1,178,585,180,-1,180,585,586,-1,180,586,400,-1,400,586,587,-1,400,587,310,-1,310,587,588,-1,310,588,317,-1,317,588,589,-1,317,589,324,-1,324,589,590,-1,324,590,591,-1,591,590,592,-1,591,592,283,-1,283,592,593,-1,283,593,284,-1,594,595,565,-1,596,597,594,-1,565,595,568,-1,568,595,598,-1,568,598,599,-1,596,594,600,-1,600,594,565,-1,600,565,601,-1,601,565,17,-1,601,17,599,-1,599,17,20,-1,599,20,568,-1,568,20,19,-1,568,19,60,-1,60,19,23,-1,60,23,68,-1,68,23,256,-1,68,256,24,-1,59,54,57,-1,57,54,56,-1,57,56,287,-1,287,56,295,-1,287,295,285,-1,285,295,294,-1,285,294,290,-1,290,294,325,-1,290,325,288,-1,288,325,324,-1,288,324,505,-1,505,324,591,-1,505,591,565,-1,565,591,283,-1,565,283,17,-1,17,283,14,-1,17,14,15,-1,15,14,13,-1,
        ]
    }
}
Shape{
    appearance Appearance {
        material  Material 	{
            diffuseColor 0.20784313725490197 0.20784313725490197 0.20784313725490197
            specularColor 0.01568627450980392 0.01568627450980392 0.01568627450980392
            ambientIntensity 0.298
            transparency 0.0
            shininess 0.5
        }
    }
    geometry IndexedFaceSet {
        ccw TRUE
        solid FALSE
        coord DEF co Coordinate {
            point [
                0.2756 -0.7874 0.0004, -0.2756 -0.7874 0.0004, 0.2756 0.7874 0.0004, -0.2756 0.7874 0.0004
            ]
        }
        coordIndex [
            0,1,2,-1,2,1,3,-1,
        ]
    }
}
Shape{
    appearance Appearance {
        material  Material 	{
            diffuseColor 0.34901960784313724 0.34901960784313724 0.34901960784313724
            specularColor 0.023529411764705882 0.023529411764705882 0.023529411764705882
            ambientIntensity 0.498
            transparency 0.0
            shininess 0.5
        }
    }
    geometry IndexedFaceSet {
        ccw TRUE
        solid FALSE
        coord DEF co Coordinate {
            point [
                0.4472 -0.7874 1.1815, 0.4472 -0.7874 1.024, 0.5274 -0.7361 1.1815, 0.5308 -0.7336 1.024, 0.6081 -0.671 1.024, 0.6059 -0.673 1.1815, 0.5307 -0.7334 1.1815, 0.678 -0.6002 1.024, 0.6768 -0.6016 1.1815, 0.608 -0.6709 1.1815, 0.7397 -0.5222 1.1815, 0.7394 -0.5227 1.1815, 0.6779 -0.6002 1.1815, 0.7397 -0.5223 1.024, 0.7925 -0.438 1.024, 0.7925 -0.438 1.1815, 0.7928 -0.4374 1.1815, 0.8358 -0.3484 1.024, 0.8357 -0.3484 1.1815, 0.8365 -0.3468 1.1815, 0.869 -0.2546 1.024, 0.8688 -0.2546 1.1815, 0.8698 -0.2518 1.1815, 0.8917 -0.1578 1.024, 0.8914 -0.1577 1.1815, 0.8924 -0.1537 1.1815, 0.9036 -0.0591 1.024, 0.9036 -0.0591 1.1815, 0.9036 0.0591 1.1815, 0.9036 0.0591 1.024, 0.8924 0.1537 1.1815, 0.8917 0.1578 1.024, 0.869 0.2546 1.024, 0.8698 0.2518 1.1815, 0.8914 0.1577 1.1815, 0.8358 0.3484 1.024, 0.8365 0.3468 1.1815, 0.8688 0.2546 1.1815, 0.7925 0.438 1.1815, 0.7928 0.4374 1.1815, 0.8357 0.3484 1.1815, 0.7925 0.438 1.024, 0.7397 0.5223 1.024, 0.7397 0.5222 1.1815, 0.7394 0.5227 1.1815, 0.678 0.6002 1.024, 0.6779 0.6002 1.1815, 0.6768 0.6016 1.1815, 0.6081 0.671 1.024, 0.608 0.6709 1.1815, 0.6059 0.673 1.1815, 0.5308 0.7336 1.024, 0.5307 0.7334 1.1815, 0.5274 0.7361 1.1815, 0.4472 0.7874 1.024, 0.4472 0.7874 1.1815, -0.5308 0.7336 1.024, -0.4472 0.7874 1.024, -0.7951 0.0511 1.024, 0.3965 -0.3237 1.024, 0.7735 -0.0295 1.024, 0.3394 -0.3831 1.024, 0.7829 -0.0418 1.024, -0.7735 -0.0295 1.024, -0.5114 -0.0206 1.024, -0.7829 -0.0418 1.024, -0.5015 -0.1024 1.024, -0.4786 -0.1815 1.024, -0.4432 -0.2559 1.024, -0.3965 -0.3237 1.024, -0.7829 0.0418 1.024, -0.3075 0.4092 1.024, -0.7735 0.0295 1.024, -0.3691 0.3545 1.024, -0.4212 0.2907 1.024, -0.869 0.2546 1.024, -0.8247 0.0591 1.024, -0.8917 0.1578 1.024, -0.9036 0.0591 1.024, -0.8358 0.3484 1.024, -0.7925 0.438 1.024, -0.8094 0.057 1.024, -0.8094 -0.057 1.024, -0.7951 -0.0511 1.024, -0.6081 -0.671 1.024, 0.1225 -0.4969 1.024, 0.2006 -0.4709 1.024, 0.7951 -0.0511 1.024, 0.8094 -0.057 1.024, -0.7676 -0.0153 1.024, -0.7656 -0.0 1.024, -0.5081 0.0617 1.024, -0.7676 0.0153 1.024, -0.4916 0.1424 1.024, -0.4624 0.2194 1.024, 0.8247 0.0591 1.024, 0.8094 0.057 1.024, 0.7951 0.0511 1.024, -0.678 -0.6002 1.024, -0.7397 -0.5223 1.024, -0.8247 -0.0591 1.024, -0.7925 -0.438 1.024, -0.8358 -0.3484 1.024, -0.2735 -0.4326 1.024, -0.2006 -0.4709 1.024, -0.4472 -0.7874 1.024, -0.869 -0.2546 1.024, -0.8917 -0.1578 1.024, -0.9036 -0.0591 1.024, -0.3394 -0.3831 1.024, 0.8247 -0.0591 1.024, -0.7397 0.5223 1.024, -0.678 0.6002 1.024, -0.6081 0.671 1.024, 0.2735 -0.4326 1.024, 0.4432 -0.2559 1.024, 0.4786 -0.1815 1.024, 0.7676 -0.0153 1.024, 0.5015 -0.1024 1.024, 0.7656 0.0 1.024, 0.5114 -0.0206 1.024, 0.7676 0.0153 1.024, 0.5081 0.0617 1.024, 0.7735 0.0295 1.024, 0.7829 0.0418 1.024, -0.5308 -0.7336 1.024, -0.1225 -0.4969 1.024, -0.0412 -0.5102 1.024, 0.0412 -0.5102 1.024, -0.2379 0.4532 1.024, -0.1621 0.4855 1.024, 0.4916 0.1424 1.024, 0.4624 0.2194 1.024, 0.4212 0.2907 1.024, 0.3691 0.3545 1.024, 0.3075 0.4092 1.024, 0.2379 0.4532 1.024, 0.1621 0.4855 1.024, 0.0821 0.5052 1.024, 0.0 0.5118 1.024, -0.0821 0.5052 1.024
            ]
        }
        coordIndex [
            0,1,2,-1,2,1,3,-1,4,5,3,-1,3,5,6,-1,3,6,2,-1,7,8,4,-1,4,8,9,-1,4,9,5,-1,10,11,7,-1,7,11,12,-1,7,12,8,-1,7,13,10,-1,10,13,14,-1,10,14,15,-1,15,14,16,-1,16,14,17,-1,16,17,18,-1,18,17,19,-1,19,17,20,-1,19,20,21,-1,21,20,22,-1,22,20,23,-1,22,23,24,-1,24,23,25,-1,25,23,26,-1,25,26,27,-1,28,29,30,-1,30,29,31,-1,32,33,31,-1,31,33,34,-1,31,34,30,-1,35,36,32,-1,32,36,37,-1,32,37,33,-1,38,39,35,-1,35,39,40,-1,35,40,36,-1,35,41,38,-1,38,41,42,-1,38,42,43,-1,43,42,44,-1,44,42,45,-1,44,45,46,-1,46,45,47,-1,47,45,48,-1,47,48,49,-1,49,48,50,-1,50,48,51,-1,50,51,52,-1,52,51,53,-1,53,51,54,-1,53,54,55,-1,56,57,58,-1,59,60,61,-1,61,60,62,-1,63,64,65,-1,65,64,66,-1,66,67,65,-1,65,67,68,-1,65,68,69,-1,70,71,72,-1,72,71,73,-1,72,73,74,-1,75,76,77,-1,77,76,78,-1,75,79,76,-1,76,79,80,-1,76,80,81,-1,82,83,84,-1,85,86,1,-1,87,88,7,-1,63,89,64,-1,64,89,90,-1,64,90,91,-1,91,90,92,-1,91,92,93,-1,93,92,72,-1,93,72,94,-1,94,72,74,-1,35,32,95,-1,95,32,31,-1,95,31,29,-1,96,42,95,-1,95,42,41,-1,95,41,35,-1,97,48,96,-1,96,48,45,-1,96,45,42,-1,84,98,82,-1,82,98,99,-1,82,99,100,-1,100,99,101,-1,100,101,102,-1,103,104,105,-1,7,4,87,-1,87,4,3,-1,87,3,1,-1,102,106,100,-1,100,106,107,-1,100,107,108,-1,103,105,109,-1,20,110,23,-1,23,110,26,-1,20,17,110,-1,110,17,14,-1,110,14,88,-1,88,14,13,-1,88,13,7,-1,80,111,81,-1,81,111,112,-1,81,112,58,-1,58,112,113,-1,58,113,56,-1,62,87,61,-1,61,87,1,-1,61,1,114,-1,114,1,86,-1,59,115,60,-1,60,115,116,-1,60,116,117,-1,117,116,118,-1,117,118,119,-1,119,118,120,-1,119,120,121,-1,121,120,122,-1,121,122,123,-1,123,122,124,-1,69,109,65,-1,65,109,105,-1,65,105,83,-1,83,105,125,-1,83,125,84,-1,104,126,105,-1,105,126,127,-1,105,127,1,-1,1,127,128,-1,1,128,85,-1,124,54,97,-1,97,54,51,-1,97,51,48,-1,70,58,71,-1,71,58,57,-1,71,57,129,-1,129,57,130,-1,122,131,124,-1,124,131,132,-1,124,132,133,-1,133,134,124,-1,124,134,135,-1,124,135,54,-1,54,135,136,-1,54,136,137,-1,137,138,54,-1,54,138,139,-1,54,139,57,-1,57,139,140,-1,57,140,130,-1,
        ]
    }
}
Shape{
    appearance Appearance {
        material  Material 	{
            diffuseColor 0.20784313725490197 0.20784313725490197 0.20784313725490197
            specularColor 0.01568627450980392 0.01568627450980392 0.01568627450980392
            ambientIntensity 0.298
            transparency 0.0
            shininess 0.5
        }
    }
    geometry IndexedFaceSet {
        ccw TRUE
        solid FALSE
        coord DEF co Coordinate {
            point [
                0.9036 -0.0591 0.0, 0.9036 -0.0591 0.2366, 0.8917 -0.1578 0.2366, 0.8917 -0.1578 0.0, 0.869 -0.2546 0.2366, 0.869 -0.2546 0.0, 0.8358 -0.3484 0.2366, 0.8358 -0.3484 0.0, 0.7925 -0.438 0.2366, 0.7925 -0.438 0.0, 0.7397 -0.5223 0.2366, 0.7397 -0.5223 0.0, 0.678 -0.6002 0.2366, 0.678 -0.6002 0.0, 0.6081 -0.671 0.2366, 0.6081 -0.671 0.0, 0.5308 -0.7336 0.2366, 0.5308 -0.7336 0.0, 0.4472 -0.7874 0.2366, 0.4472 -0.7874 0.0, 0.4472 0.7874 0.0, 0.4472 0.7874 0.2366, 0.5308 0.7336 0.2366, 0.5308 0.7336 0.0, 0.6081 0.671 0.2366, 0.6081 0.671 0.0, 0.678 0.6002 0.2366, 0.678 0.6002 0.0, 0.7397 0.5223 0.2366, 0.7397 0.5223 0.0, 0.7925 0.438 0.2366, 0.7925 0.438 0.0, 0.8358 0.3484 0.2366, 0.8358 0.3484 0.0, 0.869 0.2546 0.2366, 0.869 0.2546 0.0, 0.8917 0.1578 0.2366, 0.8917 0.1578 0.0, 0.9036 0.0591 0.2366, 0.9036 0.0591 0.0, -0.7735 -0.0295 0.2366, -0.7829 -0.0418 0.2366, -0.3394 -0.3831 0.2366, -0.5308 -0.7336 0.2366, -0.4472 -0.7874 0.2366, -0.7951 -0.0511 0.2366, 0.7735 -0.0295 0.2366, 0.7676 -0.0153 0.2366, 0.5114 -0.0206 0.2366, 0.7656 0.0 0.2366, 0.5081 0.0617 0.2366, 0.7676 0.0153 0.2366, 0.4916 0.1424 0.2366, 0.7735 0.0295 0.2366, 0.4624 0.2194 0.2366, 0.4212 0.2907 0.2366, 0.7951 0.0511 0.2366, 0.8247 0.0591 0.2366, 0.8094 0.057 0.2366, -0.7676 -0.0153 0.2366, -0.3965 -0.3237 0.2366, -0.4432 -0.2559 0.2366, -0.4786 -0.1815 0.2366, -0.5015 -0.1024 0.2366, -0.7656 -0.0 0.2366, -0.5114 -0.0206 0.2366, -0.7676 0.0153 0.2366, -0.5081 0.0617 0.2366, -0.7735 0.0295 0.2366, 0.2735 -0.4326 0.2366, 0.2006 -0.4709 0.2366, -0.8094 0.057 0.2366, -0.7397 0.5223 0.2366, -0.8247 0.0591 0.2366, -0.7925 0.438 0.2366, -0.8358 0.3484 0.2366, -0.4624 0.2194 0.2366, -0.4212 0.2907 0.2366, -0.7829 0.0418 0.2366, -0.3691 0.3545 0.2366, 0.8094 -0.057 0.2366, 0.7951 -0.0511 0.2366, 0.3394 -0.3831 0.2366, 0.4786 -0.1815 0.2366, 0.4432 -0.2559 0.2366, 0.7829 -0.0418 0.2366, 0.3965 -0.3237 0.2366, -0.8094 -0.057 0.2366, -0.678 -0.6002 0.2366, -0.6081 -0.671 0.2366, -0.869 -0.2546 0.2366, -0.8247 -0.0591 0.2366, -0.8917 -0.1578 0.2366, -0.9036 -0.0591 0.2366, -0.8358 -0.3484 0.2366, -0.7925 -0.438 0.2366, -0.7397 -0.5223 0.2366, -0.869 0.2546 0.2366, -0.8917 0.1578 0.2366, -0.9036 0.0591 0.2366, 0.7829 0.0418 0.2366, 0.3075 0.4092 0.2366, 0.3691 0.3545 0.2366, -0.4916 0.1424 0.2366, 0.8247 -0.0591 0.2366, -0.1225 -0.4969 0.2366, -0.2006 -0.4709 0.2366, 0.5015 -0.1024 0.2366, -0.7951 0.0511 0.2366, -0.6081 0.671 0.2366, -0.678 0.6002 0.2366, -0.3075 0.4092 0.2366, -0.2379 0.4532 0.2366, -0.4472 0.7874 0.2366, 0.1225 -0.4969 0.2366, 0.0412 -0.5102 0.2366, -0.0412 -0.5102 0.2366, -0.5308 0.7336 0.2366, -0.2735 -0.4326 0.2366, -0.1621 0.4855 0.2366, -0.0821 0.5052 0.2366, 0.0 0.5118 0.2366, 0.0821 0.5052 0.2366, 0.1621 0.4855 0.2366, 0.2379 0.4532 0.2366
            ]
        }
        coordIndex [
            0,1,2,-1,0,2,3,-1,3,2,4,-1,3,4,5,-1,5,4,6,-1,5,6,7,-1,7,6,8,-1,7,8,9,-1,9,8,10,-1,9,10,11,-1,11,10,12,-1,11,12,13,-1,13,12,14,-1,13,14,15,-1,15,14,16,-1,15,16,17,-1,17,16,18,-1,17,18,19,-1,20,21,22,-1,20,22,23,-1,23,22,24,-1,23,24,25,-1,25,24,26,-1,25,26,27,-1,27,26,28,-1,27,28,29,-1,29,28,30,-1,29,30,31,-1,31,30,32,-1,31,32,33,-1,33,32,34,-1,33,34,35,-1,35,34,36,-1,35,36,37,-1,37,36,38,-1,37,38,39,-1,40,41,42,-1,43,44,45,-1,46,47,48,-1,48,47,49,-1,48,49,50,-1,50,49,51,-1,50,51,52,-1,52,51,53,-1,52,53,54,-1,54,53,55,-1,22,21,56,-1,34,57,36,-1,36,57,38,-1,34,32,57,-1,57,32,30,-1,57,30,58,-1,40,42,59,-1,59,42,60,-1,59,60,61,-1,61,62,59,-1,59,62,63,-1,59,63,64,-1,64,63,65,-1,64,65,66,-1,66,65,67,-1,66,67,68,-1,69,70,18,-1,71,72,73,-1,73,72,74,-1,73,74,75,-1,76,77,78,-1,78,77,79,-1,80,81,14,-1,69,18,82,-1,83,84,85,-1,85,84,86,-1,87,88,45,-1,45,88,89,-1,45,89,43,-1,90,91,92,-1,92,91,93,-1,90,94,91,-1,91,94,95,-1,91,95,87,-1,87,95,96,-1,87,96,88,-1,75,97,73,-1,73,97,98,-1,73,98,99,-1,100,101,53,-1,53,101,102,-1,53,102,55,-1,68,67,78,-1,78,67,103,-1,78,103,76,-1,6,4,104,-1,104,4,2,-1,104,2,1,-1,14,12,80,-1,80,12,10,-1,80,10,104,-1,104,10,8,-1,104,8,6,-1,105,106,44,-1,46,48,85,-1,85,48,107,-1,85,107,83,-1,108,109,71,-1,71,109,110,-1,71,110,72,-1,111,112,113,-1,30,28,58,-1,58,28,26,-1,58,26,56,-1,56,26,24,-1,56,24,22,-1,86,82,85,-1,85,82,18,-1,85,18,81,-1,81,18,16,-1,81,16,14,-1,70,114,18,-1,18,114,115,-1,18,115,44,-1,44,115,116,-1,44,116,105,-1,79,111,78,-1,78,111,113,-1,78,113,108,-1,108,113,117,-1,108,117,109,-1,41,45,42,-1,42,45,44,-1,42,44,118,-1,118,44,106,-1,112,119,113,-1,113,119,120,-1,113,120,21,-1,120,121,21,-1,21,121,122,-1,21,122,123,-1,100,56,101,-1,101,56,21,-1,101,21,124,-1,124,21,123,-1,
        ]
    }
}
Shape{
    appearance Appearance {
        material  Material 	{
            diffuseColor 0.34901960784313724 0.34901960784313724 0.34901960784313724
            specularColor 0.023529411764705882 0.023529411764705882 0.023529411764705882
            ambientIntensity 0.498
            transparency 0.0
            shininess 0.5
        }
    }
    geometry IndexedFaceSet {
        ccw TRUE
        solid FALSE
        coord DEF co Coordinate {
            point [
                0.4259 -0.7087 1.2602, 0.4472 -0.7874 1.1815, 0.4816 -0.672 1.2602, 0.5274 -0.7361 1.1815, 0.4876 -0.6672 1.2602, 0.5307 -0.7334 1.1815, 0.5532 -0.6144 1.2602, 0.6059 -0.673 1.1815, 0.608 -0.6709 1.1815, 0.618 -0.5493 1.2602, 0.7394 -0.5227 1.1815, 0.6751 -0.4773 1.2602, 0.6779 -0.6002 1.1815, 0.6768 -0.6016 1.1815, 0.7397 -0.5222 1.1815, 0.7925 -0.438 1.1815, 0.7239 -0.3994 1.2602, 0.7928 -0.4374 1.1815, 0.8357 -0.3484 1.1815, 0.7638 -0.3166 1.2602, 0.8365 -0.3468 1.1815, 0.8688 -0.2546 1.1815, 0.7942 -0.2299 1.2602, 0.9036 -0.0591 1.1815, 0.8247 -0.0591 1.2602, 0.8924 -0.1537 1.1815, 0.8148 -0.1403 1.2602, 0.8914 -0.1577 1.1815, 0.8698 -0.2518 1.1815, 0.8148 0.1403 1.2602, 0.8247 0.0591 1.2602, 0.9036 0.0591 1.1815, 0.8924 0.1537 1.1815, 0.8914 0.1577 1.1815, 0.7942 0.2299 1.2602, 0.8698 0.2518 1.1815, 0.8688 0.2546 1.1815, 0.7638 0.3166 1.2602, 0.7928 0.4374 1.1815, 0.7239 0.3994 1.2602, 0.8357 0.3484 1.1815, 0.8365 0.3468 1.1815, 0.7925 0.438 1.1815, 0.7397 0.5222 1.1815, 0.6751 0.4773 1.2602, 0.7394 0.5227 1.1815, 0.6779 0.6002 1.1815, 0.618 0.5493 1.2602, 0.6768 0.6016 1.1815, 0.608 0.6709 1.1815, 0.5532 0.6144 1.2602, 0.6059 0.673 1.1815, 0.4876 0.6672 1.2602, 0.5307 0.7334 1.1815, 0.4816 0.672 1.2602, 0.5274 0.7361 1.1815, 0.4259 0.7087 1.2602, 0.4472 0.7874 1.1815, -0.4472 0.7874 1.1815, -0.4472 0.7874 1.024, -0.5274 0.7361 1.1815, -0.5308 0.7336 1.024, -0.6081 0.671 1.024, -0.6059 0.673 1.1815, -0.5307 0.7334 1.1815, -0.678 0.6002 1.024, -0.6768 0.6016 1.1815, -0.608 0.6709 1.1815, -0.7397 0.5222 1.1815, -0.7394 0.5227 1.1815, -0.6779 0.6002 1.1815, -0.7397 0.5223 1.024, -0.7925 0.438 1.024, -0.7925 0.438 1.1815, -0.7928 0.4374 1.1815, -0.8358 0.3484 1.024, -0.8357 0.3484 1.1815, -0.8365 0.3468 1.1815, -0.869 0.2546 1.024, -0.8688 0.2546 1.1815, -0.8698 0.2518 1.1815, -0.8917 0.1578 1.024, -0.8914 0.1577 1.1815, -0.8924 0.1537 1.1815, -0.9036 0.0591 1.024, -0.9036 0.0591 1.1815
            ]
        }
        coordIndex [
            0,1,2,-1,2,1,3,-1,2,3,4,-1,4,3,5,-1,4,5,6,-1,5,7,6,-1,6,7,8,-1,6,8,9,-1,10,11,12,-1,12,11,9,-1,12,9,13,-1,13,9,8,-1,10,14,11,-1,11,14,15,-1,11,15,16,-1,15,17,16,-1,16,17,18,-1,16,18,19,-1,18,20,19,-1,19,20,21,-1,19,21,22,-1,23,24,25,-1,25,24,26,-1,25,26,27,-1,27,26,22,-1,27,22,28,-1,28,22,21,-1,29,30,31,-1,31,32,29,-1,29,32,33,-1,29,33,34,-1,33,35,34,-1,34,35,36,-1,34,36,37,-1,38,39,40,-1,40,39,37,-1,40,37,41,-1,41,37,36,-1,38,42,39,-1,39,42,43,-1,39,43,44,-1,43,45,44,-1,44,45,46,-1,44,46,47,-1,46,48,47,-1,47,48,49,-1,47,49,50,-1,50,49,51,-1,50,51,52,-1,52,51,53,-1,52,53,54,-1,54,53,55,-1,54,55,56,-1,56,55,57,-1,58,59,60,-1,60,59,61,-1,62,63,61,-1,61,63,64,-1,61,64,60,-1,65,66,62,-1,62,66,67,-1,62,67,63,-1,68,69,65,-1,65,69,70,-1,65,70,66,-1,65,71,68,-1,68,71,72,-1,68,72,73,-1,73,72,74,-1,74,72,75,-1,74,75,76,-1,76,75,77,-1,77,75,78,-1,77,78,79,-1,79,78,80,-1,80,78,81,-1,80,81,82,-1,82,81,83,-1,83,81,84,-1,83,84,85,-1,
        ]
    }
}
Shape{
    appearance Appearance {
        material  Material 	{
            diffuseColor 0.20784313725490197 0.20784313725490197 0.20784313725490197
            specularColor 0.01568627450980392 0.01568627450980392 0.01568627450980392
            ambientIntensity 0.298
            transparency 0.0
            shininess 0.5
        }
    }
    geometry IndexedFaceSet {
        ccw TRUE
        solid FALSE
        coord DEF co Coordinate {
            point [
                -0.9036 0.0591 0.0, -0.9036 0.0591 0.2366, -0.8917 0.1578 0.2366, -0.8917 0.1578 0.0, -0.869 0.2546 0.2366, -0.869 0.2546 0.0, -0.8358 0.3484 0.2366, -0.8358 0.3484 0.0, -0.7925 0.438 0.2366, -0.7925 0.438 0.0, -0.7397 0.5223 0.2366, -0.7397 0.5223 0.0, -0.678 0.6002 0.2366, -0.678 0.6002 0.0, -0.6081 0.671 0.2366, -0.6081 0.671 0.0, -0.5308 0.7336 0.2366, -0.5308 0.7336 0.0, -0.4472 0.7874 0.2366, -0.4472 0.7874 0.0
            ]
        }
        coordIndex [
            0,1,2,-1,0,2,3,-1,3,2,4,-1,3,4,5,-1,5,4,6,-1,5,6,7,-1,7,6,8,-1,7,8,9,-1,9,8,10,-1,9,10,11,-1,11,10,12,-1,11,12,13,-1,13,12,14,-1,13,14,15,-1,15,14,16,-1,15,16,17,-1,17,16,18,-1,17,18,19,-1,
        ]
    }
}
Shape{
    appearance Appearance {
        material  Material 	{
            diffuseColor 0.34901960784313724 0.34901960784313724 0.34901960784313724
            specularColor 0.023529411764705882 0.023529411764705882 0.023529411764705882
            ambientIntensity 0.498
            transparency 0.0
            shininess 0.5
        }
    }
    geometry IndexedFaceSet {
        ccw TRUE
        solid FALSE
        coord DEF co Coordinate {
            point [
                -0.4816 0.672 1.2602, -0.4259 0.7087 1.2602, -0.4472 0.7874 1.1815, -0.5274 0.7361 1.1815, -0.5307 0.7334 1.1815, -0.5532 0.6144 1.2602, -0.6059 0.673 1.1815, -0.608 0.6709 1.1815, -0.618 0.5493 1.2602, -0.7394 0.5227 1.1815, -0.6751 0.4773 1.2602, -0.6779 0.6002 1.1815, -0.6768 0.6016 1.1815, -0.7397 0.5222 1.1815, -0.7925 0.438 1.1815, -0.7239 0.3994 1.2602, -0.7928 0.4374 1.1815, -0.8357 0.3484 1.1815, -0.7638 0.3166 1.2602, -0.8365 0.3468 1.1815, -0.8688 0.2546 1.1815, -0.7942 0.2299 1.2602, -0.9036 0.0591 1.1815, -0.8247 0.0591 1.2602, -0.8924 0.1537 1.1815, -0.8148 0.1403 1.2602, -0.8914 0.1577 1.1815, -0.8698 0.2518 1.1815, -0.9036 -0.0591 1.1815, -0.9036 -0.0591 1.024, -0.8924 -0.1537 1.1815, -0.8917 -0.1578 1.024, -0.869 -0.2546 1.024, -0.8698 -0.2518 1.1815, -0.8914 -0.1577 1.1815, -0.8358 -0.3484 1.024, -0.8365 -0.3468 1.1815, -0.8688 -0.2546 1.1815, -0.7925 -0.438 1.1815, -0.7928 -0.4374 1.1815, -0.8357 -0.3484 1.1815, -0.7925 -0.438 1.024, -0.7397 -0.5223 1.024, -0.7397 -0.5222 1.1815, -0.7394 -0.5227 1.1815, -0.678 -0.6002 1.024, -0.6779 -0.6002 1.1815, -0.6768 -0.6016 1.1815, -0.6081 -0.671 1.024, -0.608 -0.6709 1.1815, -0.6059 -0.673 1.1815, -0.5308 -0.7336 1.024, -0.5307 -0.7334 1.1815, -0.5274 -0.7361 1.1815, -0.4472 -0.7874 1.024, -0.4472 -0.7874 1.1815, 0.4472 -0.7874 1.1815, 0.4472 -0.7874 1.024, 0.4472 0.7874 1.1815, 0.4472 0.7874 1.024, -0.4472 0.7874 1.024
            ]
        }
        coordIndex [
            0,1,2,-1,2,3,0,-1,0,3,4,-1,0,4,5,-1,4,6,5,-1,5,6,7,-1,5,7,8,-1,9,10,11,-1,11,10,8,-1,11,8,12,-1,12,8,7,-1,9,13,10,-1,10,13,14,-1,10,14,15,-1,14,16,15,-1,15,16,17,-1,15,17,18,-1,17,19,18,-1,18,19,20,-1,18,20,21,-1,22,23,24,-1,24,23,25,-1,24,25,26,-1,26,25,21,-1,26,21,27,-1,27,21,20,-1,28,29,30,-1,30,29,31,-1,32,33,31,-1,31,33,34,-1,31,34,30,-1,35,36,32,-1,32,36,37,-1,32,37,33,-1,38,39,35,-1,35,39,40,-1,35,40,36,-1,35,41,38,-1,38,41,42,-1,38,42,43,-1,43,42,44,-1,44,42,45,-1,44,45,46,-1,46,45,47,-1,47,45,48,-1,47,48,49,-1,49,48,50,-1,50,48,51,-1,50,51,52,-1,52,51,53,-1,53,51,54,-1,53,54,55,-1,55,54,56,-1,56,54,57,-1,58,59,2,-1,2,59,60,-1,
        ]
    }
}
Shape{
    appearance Appearance {
        material  Material 	{
            diffuseColor 0.6352941176470588 0.30980392156862746 0.023529411764705882
            specularColor 0.047058823529411764 0.023529411764705882 0.0
            ambientIntensity 0.5357
            transparency 0.0
            shininess 0.5
        }
    }
    geometry IndexedFaceSet {
        ccw TRUE
        solid FALSE
        coord DEF co Coordinate {
            point [
                0.0 0.5118 1.024, -0.0821 0.5052 0.2366, -0.0821 0.5052 1.024, -0.1621 0.4855 0.2366, -0.1621 0.4855 1.024, -0.2379 0.4532 0.2366, -0.2379 0.4532 1.024, -0.3075 0.4092 0.2366, -0.3075 0.4092 1.024, -0.3691 0.3545 0.2366, -0.3691 0.3545 1.024, -0.4212 0.2907 0.2366, -0.4212 0.2907 1.024, -0.4624 0.2194 0.2366, -0.4624 0.2194 1.024, -0.4916 0.1424 0.2366, -0.4916 0.1424 1.024, -0.5081 0.0617 0.2366, -0.5081 0.0617 1.024, -0.5114 -0.0206 0.2366, -0.5114 -0.0206 1.024, -0.5015 -0.1024 0.2366, -0.5015 -0.1024 1.024, -0.4786 -0.1815 0.2366, -0.4786 -0.1815 1.024, -0.4432 -0.2559 0.2366, -0.4432 -0.2559 1.024, -0.3965 -0.3237 0.2366, -0.3965 -0.3237 1.024, -0.3394 -0.3831 0.2366, -0.3394 -0.3831 1.024, -0.2735 -0.4326 0.2366, -0.2735 -0.4326 1.024, -0.2006 -0.4709 0.2366, -0.2006 -0.4709 1.024, -0.1225 -0.4969 0.2366, -0.1225 -0.4969 1.024, -0.0412 -0.5102 0.2366, -0.0412 -0.5102 1.024, 0.0412 -0.5102 0.2366, 0.0412 -0.5102 1.024, 0.1225 -0.4969 0.2366, 0.1225 -0.4969 1.024, 0.2006 -0.4709 0.2366, 0.2006 -0.4709 1.024, 0.2735 -0.4326 0.2366, 0.2735 -0.4326 1.024, 0.3394 -0.3831 0.2366, 0.3394 -0.3831 1.024, 0.3965 -0.3237 0.2366, 0.3965 -0.3237 1.024, 0.4432 -0.2559 0.2366, 0.4432 -0.2559 1.024, 0.4786 -0.1815 0.2366, 0.4786 -0.1815 1.024, 0.5015 -0.1024 0.2366, 0.5015 -0.1024 1.024, 0.5114 -0.0206 0.2366, 0.5114 -0.0206 1.024, 0.5081 0.0617 0.2366, 0.5081 0.0617 1.024, 0.4916 0.1424 0.2366, 0.4916 0.1424 1.024, 0.4624 0.2194 0.2366, 0.4624 0.2194 1.024, 0.4212 0.2907 0.2366, 0.4212 0.2907 1.024, 0.3691 0.3545 0.2366, 0.3691 0.3545 1.024, 0.3075 0.4092 0.2366, 0.3075 0.4092 1.024, 0.2379 0.4532 0.2366, 0.2379 0.4532 1.024, 0.1621 0.4855 0.2366, 0.1621 0.4855 1.024, 0.0821 0.5052 0.2366, 0.0821 0.5052 1.024, 0.0 0.5118 0.2366
            ]
        }
        coordIndex [
            0,1,2,-1,2,1,3,-1,2,3,4,-1,4,3,5,-1,4,5,6,-1,6,5,7,-1,6,7,8,-1,8,7,9,-1,8,9,10,-1,10,9,11,-1,10,11,12,-1,12,11,13,-1,12,13,14,-1,14,13,15,-1,14,15,16,-1,16,15,17,-1,16,17,18,-1,18,17,19,-1,18,19,20,-1,20,19,21,-1,20,21,22,-1,22,21,23,-1,22,23,24,-1,24,23,25,-1,24,25,26,-1,26,25,27,-1,26,27,28,-1,28,27,29,-1,28,29,30,-1,30,29,31,-1,30,31,32,-1,32,31,33,-1,32,33,34,-1,34,33,35,-1,34,35,36,-1,36,35,37,-1,36,37,38,-1,38,37,39,-1,38,39,40,-1,40,39,41,-1,40,41,42,-1,42,41,43,-1,42,43,44,-1,44,43,45,-1,44,45,46,-1,46,45,47,-1,46,47,48,-1,48,47,49,-1,48,49,50,-1,50,49,51,-1,50,51,52,-1,52,51,53,-1,52,53,54,-1,54,53,55,-1,54,55,56,-1,56,55,57,-1,56,57,58,-1,58,57,59,-1,58,59,60,-1,60,59,61,-1,60,61,62,-1,62,61,63,-1,62,63,64,-1,64,63,65,-1,64,65,66,-1,66,65,67,-1,66,67,68,-1,68,67,69,-1,68,69,70,-1,70,69,71,-1,70,71,72,-1,72,71,73,-1,72,73,74,-1,74,73,75,-1,74,75,76,-1,76,75,77,-1,76,77,0,-1,0,77,1,-1,
        ]
    }
}
Shape{
    appearance Appearance {
        material  Material 	{
            diffuseColor 0.20784313725490197 0.20784313725490197 0.20784313725490197
            specularColor 0.01568627450980392 0.01568627450980392 0.01568627450980392
            ambientIntensity 0.298
            transparency 0.0
            shininess 0.5
        }
    }
    geometry IndexedFaceSet {
        ccw TRUE
        solid FALSE
        coord DEF co Coordinate {
            point [
                -0.4472 -0.7874 0.0, -0.4472 -0.7874 0.2366, -0.5308 -0.7336 0.2366, -0.5308 -0.7336 0.0, -0.6081 -0.671 0.2366, -0.6081 -0.671 0.0, -0.678 -0.6002 0.2366, -0.678 -0.6002 0.0, -0.7397 -0.5223 0.2366, -0.7397 -0.5223 0.0, -0.7925 -0.438 0.2366, -0.7925 -0.438 0.0, -0.8358 -0.3484 0.2366, -0.8358 -0.3484 0.0, -0.869 -0.2546 0.2366, -0.869 -0.2546 0.0, -0.8917 -0.1578 0.2366, -0.8917 -0.1578 0.0, -0.9036 -0.0591 0.2366, -0.9036 -0.0591 0.0, -0.2756 0.7874 0.0, -0.4472 0.7874 0.0, -0.2756 0.7874 0.0004, -0.4472 0.7874 0.2366, 0.2756 0.7874 0.0004, 0.4472 0.7874 0.2366, 0.2756 0.7874 0.0, 0.4472 0.7874 0.0, 0.2756 -0.7874 0.0, 0.4472 -0.7874 0.0, 0.2756 -0.7874 0.0004, 0.4472 -0.7874 0.2366, -0.2756 -0.7874 0.0004, -0.2756 -0.7874 0.0
            ]
        }
        coordIndex [
            0,1,2,-1,0,2,3,-1,3,2,4,-1,3,4,5,-1,5,4,6,-1,5,6,7,-1,7,6,8,-1,7,8,9,-1,9,8,10,-1,9,10,11,-1,11,10,12,-1,11,12,13,-1,13,12,14,-1,13,14,15,-1,15,14,16,-1,15,16,17,-1,17,16,18,-1,17,18,19,-1,20,21,22,-1,22,21,23,-1,22,23,24,-1,24,23,25,-1,24,25,26,-1,26,25,27,-1,28,29,30,-1,30,29,31,-1,30,31,32,-1,32,31,1,-1,32,1,33,-1,33,1,0,-1,
        ]
    }
}
Shape{
    appearance Appearance {
        material  Material 	{
            diffuseColor 0.34901960784313724 0.34901960784313724 0.34901960784313724
            specularColor 0.023529411764705882 0.023529411764705882 0.023529411764705882
            ambientIntensity 0.498
            transparency 0.0
            shininess 0.5
        }
    }
    geometry IndexedFaceSet {
        ccw TRUE
        solid FALSE
        coord DEF co Coordinate {
            point [
                0.4472 -0.7874 1.1815, 0.4259 -0.7087 1.2602, 0.125 -0.7087 1.2602, 0.0993 -0.7087 1.2602, 0.0906 -0.7087 1.2602, 0.0649 -0.7087 1.2602, 0.0585 -0.7087 1.2602, 0.046 -0.7087 1.2602, 0.0409 -0.7087 1.2602, 0.0227 -0.7087 1.2602, 0.0211 -0.7087 1.2602, -0.4472 -0.7874 1.1815, -0.0053 -0.7087 1.2602, -0.4259 -0.7087 1.2602, -0.8148 -0.1403 1.2602, -0.8247 -0.0591 1.2602, -0.9036 -0.0591 1.1815, -0.8924 -0.1537 1.1815, -0.8914 -0.1577 1.1815, -0.7942 -0.2299 1.2602, -0.8698 -0.2518 1.1815, -0.8688 -0.2546 1.1815, -0.7638 -0.3166 1.2602, -0.7928 -0.4374 1.1815, -0.7239 -0.3994 1.2602, -0.8357 -0.3484 1.1815, -0.8365 -0.3468 1.1815, -0.7925 -0.438 1.1815, -0.7397 -0.5222 1.1815, -0.6751 -0.4773 1.2602, -0.7394 -0.5227 1.1815, -0.6779 -0.6002 1.1815, -0.618 -0.5493 1.2602, -0.6768 -0.6016 1.1815, -0.608 -0.6709 1.1815, -0.5532 -0.6144 1.2602, -0.5274 -0.7361 1.1815, -0.4816 -0.672 1.2602, -0.5307 -0.7334 1.1815, -0.6059 -0.673 1.1815, 0.046 0.7087 1.2602, 0.0585 0.7087 1.2602, 0.4472 0.7874 1.1815, 0.0649 0.7087 1.2602, 0.0906 0.7087 1.2602, 0.0993 0.7087 1.2602, 0.125 0.7087 1.2602, 0.4259 0.7087 1.2602, 0.0211 0.7087 1.2602, 0.0227 0.7087 1.2602, 0.0409 0.7087 1.2602, -0.0053 0.7087 1.2602, -0.4472 0.7874 1.1815, -0.4259 0.7087 1.2602, -0.9036 0.0591 1.1815, -0.9036 0.0591 1.024, -0.8247 0.0591 1.2602, -0.8247 0.0591 1.024, -0.8247 -0.0591 1.024, -0.9036 -0.0591 1.024, -0.7735 0.0295 1.024, -0.7676 0.0153 1.024, -0.7676 0.0153 1.2602, -0.7667 0.0082 1.2602, -0.8094 -0.057 1.024, -0.8094 -0.057 1.2602, -0.7951 -0.0511 1.024, -0.7951 -0.0511 1.2602, -0.7887 -0.0462 1.2602, -0.7829 -0.0418 1.024, -0.7829 -0.0418 1.2602, -0.778 -0.0354 1.2602, -0.7735 -0.0295 1.024, -0.7735 -0.0295 1.2602, -0.7676 -0.0153 1.024, -0.7676 -0.0153 1.2602, -0.7656 -0.0 1.024, -0.7656 -0.0 1.2602, -0.7656 0.0001 1.2602, -0.7735 0.0295 1.2602, -0.7786 0.0361 1.2602, -0.7829 0.0418 1.024, -0.7829 0.0418 1.2602, -0.7951 0.0511 1.024, -0.7951 0.0511 1.2602, -0.8094 0.057 1.024, -0.8094 0.057 1.2602
            ]
        }
        coordIndex [
            0,1,2,-1,2,3,0,-1,0,3,4,-1,0,4,5,-1,5,6,0,-1,0,6,7,-1,0,7,8,-1,8,9,0,-1,0,9,10,-1,0,10,11,-1,11,10,12,-1,11,12,13,-1,14,15,16,-1,16,17,14,-1,14,17,18,-1,14,18,19,-1,18,20,19,-1,19,20,21,-1,19,21,22,-1,23,24,25,-1,25,24,22,-1,25,22,26,-1,26,22,21,-1,23,27,24,-1,24,27,28,-1,24,28,29,-1,28,30,29,-1,29,30,31,-1,29,31,32,-1,31,33,32,-1,32,33,34,-1,32,34,35,-1,11,13,36,-1,36,13,37,-1,36,37,38,-1,38,37,35,-1,38,35,39,-1,39,35,34,-1,40,41,42,-1,42,41,43,-1,42,43,44,-1,44,45,42,-1,42,45,46,-1,42,46,47,-1,48,49,42,-1,42,49,50,-1,42,50,40,-1,48,42,51,-1,51,42,52,-1,51,52,53,-1,54,55,56,-1,56,55,57,-1,15,58,16,-1,16,58,59,-1,60,61,62,-1,62,61,63,-1,58,15,64,-1,64,15,65,-1,64,65,66,-1,65,67,66,-1,66,67,68,-1,66,68,69,-1,68,70,69,-1,69,70,71,-1,69,71,72,-1,72,71,73,-1,72,73,74,-1,74,73,75,-1,74,75,76,-1,76,75,77,-1,76,77,61,-1,61,77,78,-1,61,78,63,-1,62,79,60,-1,60,79,80,-1,60,80,81,-1,81,80,82,-1,81,82,83,-1,83,82,84,-1,83,84,85,-1,85,84,86,-1,85,86,57,-1,57,86,56,-1,
        ]
    }
}
Shape{
    appearance Appearance {
        material  Material 	{
            diffuseColor 0.20784313725490197 0.20784313725490197 0.20784313725490197
            specularColor 0.01568627450980392 0.01568627450980392 0.01568627450980392
            ambientIntensity 0.298
            transparency 0.0
            shininess 0.5
        }
    }
    geometry IndexedFaceSet {
        ccw TRUE
        solid FALSE
        coord DEF co Coordinate {
            point [
                -0.9036 0.0591 0.2366, -0.9036 0.0591 0.0, -0.8247 0.0591 0.2366, -0.8247 0.0591 0.0, -0.8247 -0.0591 0.0, -0.8247 -0.0591 0.2366, -0.8094 -0.057 0.0, -0.8094 -0.057 0.2366, -0.7951 -0.0511 0.0, -0.7951 -0.0511 0.2366, -0.7829 -0.0418 0.0, -0.7829 -0.0418 0.2366, -0.7735 -0.0295 0.0, -0.7735 -0.0295 0.2366, -0.7676 -0.0153 0.0, -0.7676 -0.0153 0.2366, -0.7656 -0.0 0.0, -0.7656 -0.0 0.2366, -0.7676 0.0153 0.0, -0.7676 0.0153 0.2366, -0.7735 0.0295 0.0, -0.7735 0.0295 0.2366, -0.7829 0.0418 0.0, -0.7829 0.0418 0.2366, -0.7951 0.0511 0.0, -0.7951 0.0511 0.2366, -0.8094 0.057 0.0, -0.8094 0.057 0.2366, -0.9036 -0.0591 0.2366, -0.9036 -0.0591 0.0
            ]
        }
        coordIndex [
            0,1,2,-1,2,1,3,-1,4,5,6,-1,6,5,7,-1,6,7,8,-1,8,7,9,-1,8,9,10,-1,10,9,11,-1,10,11,12,-1,12,11,13,-1,12,13,14,-1,14,13,15,-1,14,15,16,-1,16,15,17,-1,16,17,18,-1,18,17,19,-1,18,19,20,-1,20,19,21,-1,20,21,22,-1,22,21,23,-1,22,23,24,-1,24,23,25,-1,24,25,26,-1,26,25,27,-1,26,27,3,-1,3,27,2,-1,28,5,29,-1,29,5,4,-1,
        ]
    }
}
Shape{
    appearance Appearance {
        material  Material 	{
            diffuseColor 0.34901960784313724 0.34901960784313724 0.34901960784313724
            specularColor 0.023529411764705882 0.023529411764705882 0.023529411764705882
            ambientIntensity 0.498
            transparency 0.0
            shininess 0.5
        }
    }
    geometry IndexedFaceSet {
        ccw TRUE
        solid FALSE
        coord DEF co Coordinate {
            point [
                0.9036 0.0591 1.1815, 0.8247 0.0591 1.2602, 0.9036 0.0591 1.024, 0.8247 0.0591 1.024, 0.8247 -0.0591 1.2602, 0.9036 -0.0591 1.1815, 0.8247 -0.0591 1.024, 0.9036 -0.0591 1.024
            ]
        }
        coordIndex [
            0,1,2,-1,2,1,3,-1,4,5,6,-1,6,5,7,-1,
        ]
    }
}
Shape{
    appearance Appearance {
        material  Material 	{
            diffuseColor 0.20784313725490197 0.20784313725490197 0.20784313725490197
            specularColor 0.01568627450980392 0.01568627450980392 0.01568627450980392
            ambientIntensity 0.298
            transparency 0.0
            shininess 0.5
        }
    }
    geometry IndexedFaceSet {
        ccw TRUE
        solid FALSE
        coord DEF co Coordinate {
            point [
                0.8247 0.0591 1.024, 0.8247 0.0591 1.2602, 0.8094 0.057 1.024, 0.8094 0.057 1.2602, 0.7951 0.0511 1.024, 0.7951 0.0511 1.2602, 0.7829 0.0418 1.024, 0.7829 0.0418 1.2602, 0.7786 0.0361 1.2602, 0.7735 0.0295 1.024, 0.7735 0.0295 1.2602, 0.7676 0.0153 1.024, 0.7676 0.0153 1.2602, 0.7667 0.0082 1.2602, 0.7656 0.0 1.024, 0.7656 0.0 1.2602, 0.7676 -0.0153 1.024, 0.7676 -0.0153 1.2602, 0.7735 -0.0295 1.024, 0.7735 -0.0295 1.2602, 0.778 -0.0354 1.2602, 0.7829 -0.0418 1.024, 0.7829 -0.0418 1.2602, 0.7887 -0.0462 1.2602, 0.7951 -0.0511 1.024, 0.7951 -0.0511 1.2602, 0.8094 -0.057 1.024, 0.8094 -0.057 1.2602, 0.8247 -0.0591 1.024, 0.8247 -0.0591 1.2602
            ]
        }
        coordIndex [
            0,1,2,-1,2,1,3,-1,2,3,4,-1,4,3,5,-1,4,5,6,-1,5,7,6,-1,6,7,8,-1,6,8,9,-1,9,8,10,-1,9,10,11,-1,10,12,11,-1,11,12,13,-1,11,13,14,-1,14,13,15,-1,14,15,16,-1,16,15,17,-1,16,17,18,-1,17,19,18,-1,18,19,20,-1,18,20,21,-1,20,22,21,-1,21,22,23,-1,21,23,24,-1,24,23,25,-1,24,25,26,-1,26,25,27,-1,26,27,28,-1,28,27,29,-1,
        ]
    }
}
Shape{
    appearance Appearance {
        material  Material 	{
            diffuseColor 0.34901960784313724 0.34901960784313724 0.34901960784313724
            specularColor 0.023529411764705882 0.023529411764705882 0.023529411764705882
            ambientIntensity 0.498
            transparency 0.0
            shininess 0.5
        }
    }
    geometry IndexedFaceSet {
        ccw TRUE
        solid FALSE
        coord DEF co Coordinate {
            point [
                0.9036 -0.0591 0.2366, 0.9036 -0.0591 0.0, 0.8247 -0.0591 0.2366, 0.8247 -0.0591 0.0
            ]
        }
        coordIndex [
            0,1,2,-1,2,1,3,-1,
        ]
    }
}
Shape{
    appearance Appearance {
        material  Material 	{
            diffuseColor 0.20784313725490197 0.20784313725490197 0.20784313725490197
            specularColor 0.01568627450980392 0.01568627450980392 0.01568627450980392
            ambientIntensity 0.298
            transparency 0.0
            shininess 0.5
        }
    }
    geometry IndexedFaceSet {
        ccw TRUE
        solid FALSE
        coord DEF co Coordinate {
            point [
                0.8247 0.0591 0.0, 0.8247 0.0591 0.2366, 0.8094 0.057 0.0, 0.8094 0.057 0.2366, 0.7951 0.0511 0.0, 0.7951 0.0511 0.2366, 0.7829 0.0418 0.0, 0.7829 0.0418 0.2366, 0.7735 0.0295 0.0, 0.7735 0.0295 0.2366, 0.7676 0.0153 0.0, 0.7676 0.0153 0.2366, 0.7656 0.0 0.0, 0.7656 0.0 0.2366, 0.7676 -0.0153 0.0, 0.7676 -0.0153 0.2366, 0.7735 -0.0295 0.0, 0.7735 -0.0295 0.2366, 0.7829 -0.0418 0.0, 0.7829 -0.0418 0.2366, 0.7951 -0.0511 0.0, 0.7951 -0.0511 0.2366, 0.8094 -0.057 0.0, 0.8094 -0.057 0.2366, 0.8247 -0.0591 0.0, 0.8247 -0.0591 0.2366
            ]
        }
        coordIndex [
            0,1,2,-1,2,1,3,-1,2,3,4,-1,4,3,5,-1,4,5,6,-1,6,5,7,-1,6,7,8,-1,8,7,9,-1,8,9,10,-1,10,9,11,-1,10,11,12,-1,12,11,13,-1,12,13,14,-1,14,13,15,-1,14,15,16,-1,16,15,17,-1,16,17,18,-1,18,17,19,-1,18,19,20,-1,20,19,21,-1,20,21,22,-1,22,21,23,-1,22,23,24,-1,24,23,25,-1,
        ]
    }
}
Shape{
    appearance Appearance {
        material  Material 	{
            diffuseColor 0.34901960784313724 0.34901960784313724 0.34901960784313724
            specularColor 0.023529411764705882 0.023529411764705882 0.023529411764705882
            ambientIntensity 0.498
            transparency 0.0
            shininess 0.5
        }
    }
    geometry IndexedFaceSet {
        ccw TRUE
        solid FALSE
        coord DEF co Coordinate {
            point [
                0.8247 0.0591 0.2366, 0.8247 0.0591 0.0, 0.9036 0.0591 0.2366, 0.9036 0.0591 0.0
            ]
        }
        coordIndex [
            0,1,2,-1,2,1,3,-1,
        ]
    }
}
Shape{
    appearance Appearance {
        material  Material 	{
            diffuseColor 0.6666666666666666 0.6666666666666666 0.6666666666666666
            specularColor 0.4666666666666667 0.4666666666666667 0.4666666666666667
            ambientIntensity 0.6667
            transparency 0.0
            shininess 0.5
        }
    }
    geometry IndexedFaceSet {
        ccw TRUE
        solid FALSE
        coord DEF co Coordinate {
            point [
                -0.2756 -0.7874 0.0004, -0.2756 -0.7874 0.0, -0.2756 0.7874 0.0004, -0.2756 0.7874 0.0, -0.4472 -0.7874 0.0, -0.7951 -0.0511 0.0, -0.7829 -0.0418 0.0, -0.7735 -0.0295 0.0, -0.7676 -0.0153 0.0, -0.7656 -0.0 0.0, -0.7676 0.0153 0.0, -0.8094 0.057 0.0, -0.8247 0.0591 0.0, -0.7925 0.438 0.0, -0.9036 0.0591 0.0, -0.8917 0.1578 0.0, -0.7735 0.0295 0.0, -0.7829 0.0418 0.0, -0.4472 0.7874 0.0, -0.7951 0.0511 0.0, -0.5308 0.7336 0.0, -0.8358 -0.3484 0.0, -0.869 -0.2546 0.0, -0.8247 -0.0591 0.0, -0.8917 -0.1578 0.0, -0.9036 -0.0591 0.0, -0.8094 -0.057 0.0, -0.7397 -0.5223 0.0, -0.7925 -0.438 0.0, -0.5308 -0.7336 0.0, -0.6081 -0.671 0.0, -0.678 -0.6002 0.0, -0.869 0.2546 0.0, -0.8358 0.3484 0.0, -0.7397 0.5223 0.0, -0.678 0.6002 0.0, -0.6081 0.671 0.0, 0.2756 0.7874 0.0, 0.2756 -0.7874 0.0, 0.2756 0.7874 0.0004, 0.2756 -0.7874 0.0004, 0.8358 0.3484 0.0, 0.869 0.2546 0.0, 0.8247 0.0591 0.0, 0.8917 0.1578 0.0, 0.9036 0.0591 0.0, 0.8094 0.057 0.0, 0.7397 0.5223 0.0, 0.7925 0.438 0.0, 0.4472 0.7874 0.0, 0.7951 0.0511 0.0, 0.7829 0.0418 0.0, 0.7735 0.0295 0.0, 0.7676 0.0153 0.0, 0.7656 0.0 0.0, 0.7676 -0.0153 0.0, 0.5308 0.7336 0.0, 0.6081 0.671 0.0, 0.678 0.6002 0.0, 0.8094 -0.057 0.0, 0.678 -0.6002 0.0, 0.7951 -0.0511 0.0, 0.6081 -0.671 0.0, 0.7735 -0.0295 0.0, 0.7829 -0.0418 0.0, 0.4472 -0.7874 0.0, 0.5308 -0.7336 0.0, 0.869 -0.2546 0.0, 0.8247 -0.0591 0.0, 0.8917 -0.1578 0.0, 0.9036 -0.0591 0.0, 0.8358 -0.3484 0.0, 0.7925 -0.438 0.0, 0.7397 -0.5223 0.0
            ]
        }
        coordIndex [
            0,1,2,-1,2,1,3,-1,4,5,1,-1,1,5,6,-1,1,6,7,-1,7,8,1,-1,1,8,9,-1,1,9,3,-1,3,9,10,-1,11,12,13,-1,12,14,15,-1,10,16,3,-1,3,16,17,-1,3,17,18,-1,18,17,19,-1,18,19,20,-1,21,22,23,-1,23,22,24,-1,23,24,25,-1,26,27,23,-1,23,27,28,-1,23,28,21,-1,4,29,5,-1,5,29,30,-1,5,30,26,-1,26,30,31,-1,26,31,27,-1,15,32,12,-1,12,32,33,-1,12,33,13,-1,13,34,11,-1,11,34,35,-1,11,35,19,-1,19,35,36,-1,19,36,20,-1,37,38,39,-1,39,38,40,-1,41,42,43,-1,43,42,44,-1,43,44,45,-1,46,47,43,-1,43,47,48,-1,43,48,41,-1,49,50,37,-1,37,50,51,-1,37,51,52,-1,52,53,37,-1,37,53,54,-1,37,54,38,-1,38,54,55,-1,49,56,50,-1,50,56,57,-1,50,57,46,-1,46,57,58,-1,46,58,47,-1,59,60,61,-1,61,60,62,-1,55,63,38,-1,38,63,64,-1,38,64,65,-1,65,64,61,-1,65,61,66,-1,66,61,62,-1,67,68,69,-1,69,68,70,-1,67,71,68,-1,68,71,72,-1,68,72,59,-1,59,72,73,-1,59,73,60,-1,
        ]
    }
}
Shape{
    appearance Appearance {
        material  Material 	{
            diffuseColor 1.0 1.0 1.0
            specularColor 0.5019607843137255 0.5019607843137255 0.5019607843137255
            ambientIntensity 1.0
            transparency 0.0
            shininess 0.5
        }
    }
    geometry IndexedFaceSet {
        ccw TRUE
        solid FALSE
        coord DEF co Coordinate {
            point [
                0.1183 -0.0142 1.2642, 0.1212 -0.0124 1.2642, 0.1175 -0.0134 1.2642, 0.1201 -0.0113 1.2642, 0.1154 -0.012 1.2642, 0.1174 -0.0094 1.2642, 0.113 -0.0112 1.2642, 0.1141 -0.0082 1.2642, 0.1096 -0.0108 1.2642, 0.1097 -0.0077 1.2642, 0.1054 -0.0108 1.2642, 0.1019 -0.0077 1.2642, 0.1054 -0.032 1.2642, 0.1019 -0.0351 1.2642, 0.1094 -0.032 1.2642, 0.1095 -0.0351 1.2642, 0.113 -0.0316 1.2642, 0.1134 -0.0347 1.2642, 0.1153 -0.0308 1.2642, 0.1167 -0.0336 1.2642, 0.1171 -0.0295 1.2642, 0.1194 -0.0319 1.2642, 0.1176 -0.0291 1.2642, 0.1201 -0.0313 1.2642, 0.119 -0.0273 1.2642, 0.1222 -0.0288 1.2642, 0.1199 -0.0253 1.2642, 0.1235 -0.026 1.2642, 0.1205 -0.0227 1.2642, 0.1242 -0.0228 1.2642, 0.1205 -0.0212 1.2642, 0.1243 -0.0211 1.2642, 0.1201 -0.0178 1.2642, 0.1239 -0.0175 1.2642, 0.1194 -0.0157 1.2642, 0.1229 -0.0148 1.2642, 0.1201 -0.0313 1.2602, 0.1222 -0.0288 1.2602, 0.1235 -0.026 1.2602, 0.1242 -0.0228 1.2602, 0.1243 -0.0211 1.2602, 0.1239 -0.0175 1.2602, 0.1229 -0.0148 1.2602, 0.1212 -0.0124 1.2602, 0.1201 -0.0113 1.2602, 0.1174 -0.0094 1.2602, 0.1141 -0.0082 1.2602, 0.1097 -0.0077 1.2602, 0.1019 -0.0077 1.2602, 0.1019 -0.0351 1.2602, 0.1095 -0.0351 1.2602, 0.1134 -0.0347 1.2602, 0.1167 -0.0336 1.2602, 0.1194 -0.0319 1.2602, 0.1175 -0.0134 1.2602, 0.1183 -0.0142 1.2602, 0.1194 -0.0157 1.2602, 0.1201 -0.0178 1.2602, 0.1205 -0.0212 1.2602, 0.1096 -0.0108 1.2602, 0.113 -0.0112 1.2602, 0.1154 -0.012 1.2602, 0.1054 -0.0108 1.2602, 0.1054 -0.032 1.2602, 0.1094 -0.032 1.2602, 0.1176 -0.0291 1.2602, 0.1171 -0.0295 1.2602, 0.1153 -0.0308 1.2602, 0.113 -0.0316 1.2602, 0.1205 -0.0227 1.2602, 0.1199 -0.0253 1.2602, 0.119 -0.0273 1.2602
            ]
        }
        coordIndex [
            0,1,2,-1,2,1,3,-1,2,3,4,-1,4,3,5,-1,4,5,6,-1,6,5,7,-1,6,7,8,-1,8,7,9,-1,8,9,10,-1,10,9,11,-1,10,11,12,-1,12,11,13,-1,12,13,14,-1,14,13,15,-1,14,15,16,-1,16,15,17,-1,16,17,18,-1,18,17,19,-1,18,19,20,-1,20,19,21,-1,20,21,22,-1,22,21,23,-1,22,23,24,-1,24,23,25,-1,24,25,26,-1,26,25,27,-1,26,27,28,-1,28,27,29,-1,28,29,30,-1,30,29,31,-1,30,31,32,-1,32,31,33,-1,32,33,34,-1,34,33,35,-1,34,35,0,-1,0,35,1,-1,23,36,37,-1,23,37,25,-1,25,37,38,-1,25,38,27,-1,27,38,39,-1,27,39,29,-1,29,39,40,-1,29,40,31,-1,31,40,41,-1,31,41,33,-1,33,41,42,-1,33,42,35,-1,35,42,43,-1,35,43,1,-1,1,43,44,-1,1,44,3,-1,3,44,45,-1,3,45,5,-1,5,45,46,-1,5,46,7,-1,7,46,47,-1,7,47,9,-1,11,9,48,-1,48,9,47,-1,13,11,49,-1,49,11,48,-1,15,13,50,-1,50,13,49,-1,15,50,51,-1,15,51,17,-1,17,51,52,-1,17,52,19,-1,19,52,53,-1,19,53,21,-1,21,53,36,-1,21,36,23,-1,2,54,55,-1,2,55,0,-1,0,55,56,-1,0,56,34,-1,34,56,57,-1,34,57,32,-1,32,57,58,-1,32,58,30,-1,8,59,60,-1,8,60,6,-1,6,60,61,-1,6,61,4,-1,4,61,54,-1,4,54,2,-1,8,10,59,-1,59,10,62,-1,10,12,62,-1,62,12,63,-1,12,14,63,-1,63,14,64,-1,22,65,66,-1,22,66,20,-1,20,66,67,-1,20,67,18,-1,18,67,68,-1,18,68,16,-1,16,68,64,-1,16,64,14,-1,30,58,69,-1,30,69,28,-1,28,69,70,-1,28,70,26,-1,26,70,71,-1,26,71,24,-1,24,71,65,-1,24,65,22,-1,
        ]
    }
}
Shape{
    appearance Appearance {
        material  Material 	{
            diffuseColor 0.34901960784313724 0.34901960784313724 0.34901960784313724
            specularColor 0.023529411764705882 0.023529411764705882 0.023529411764705882
            ambientIntensity 0.498
            transparency 0.0
            shininess 0.5
        }
    }
    geometry IndexedFaceSet {
        ccw TRUE
        solid FALSE
        coord DEF co Coordinate {
            point [
                0.1054 -0.0108 1.2602, 0.1054 -0.032 1.2602, 0.1096 -0.0108 1.2602, 0.1094 -0.032 1.2602, 0.1171 -0.0295 1.2602, 0.1176 -0.0291 1.2602, 0.113 -0.0316 1.2602, 0.1153 -0.0308 1.2602, 0.119 -0.0273 1.2602, 0.1199 -0.0253 1.2602, 0.1205 -0.0227 1.2602, 0.1205 -0.0212 1.2602, 0.1201 -0.0178 1.2602, 0.1194 -0.0157 1.2602, 0.1183 -0.0142 1.2602, 0.1175 -0.0134 1.2602, 0.113 -0.0112 1.2602, 0.1154 -0.012 1.2602
            ]
        }
        coordIndex [
            0,1,2,-1,2,1,3,-1,2,4,5,-1,3,6,2,-1,2,6,7,-1,2,7,4,-1,5,8,2,-1,2,8,9,-1,2,9,10,-1,10,11,2,-1,2,11,12,-1,2,12,13,-1,13,14,2,-1,2,14,15,-1,2,15,16,-1,16,15,17,-1,
        ]
    }
}
Shape{
    appearance Appearance {
        material  Material 	{
            diffuseColor 1.0 1.0 1.0
            specularColor 0.5019607843137255 0.5019607843137255 0.5019607843137255
            ambientIntensity 1.0
            transparency 0.0
            shininess 0.5
        }
    }
    geometry IndexedFaceSet {
        ccw TRUE
        solid FALSE
        coord DEF co Coordinate {
            point [
                0.0693 -0.0303 1.2642, 0.0693 -0.0303 1.2602, 0.0691 -0.0312 1.2602, 0.0691 -0.0312 1.2642, 0.0689 -0.0319 1.2602, 0.0689 -0.0319 1.2642, 0.0688 -0.0319 1.2642, 0.0688 -0.0319 1.2602, 0.0684 -0.0303 1.2642, 0.0684 -0.0303 1.2602, 0.0633 -0.0155 1.2642, 0.0649 -0.0203 1.2602, 0.0633 -0.0155 1.2602, 0.0594 -0.0155 1.2642, 0.0594 -0.0155 1.2602, 0.0671 -0.0351 1.2642, 0.0649 -0.0295 1.2602, 0.0671 -0.0351 1.2602, 0.0656 -0.0387 1.2602, 0.0656 -0.0387 1.2642, 0.067 -0.0354 1.2602, 0.0649 -0.0399 1.2602, 0.0649 -0.0399 1.2602, 0.0643 -0.0406 1.2642, 0.0649 -0.0399 1.2642, 0.0643 -0.0406 1.2602, 0.0637 -0.041 1.2602, 0.0637 -0.041 1.2642, 0.0629 -0.0413 1.2602, 0.0629 -0.0413 1.2642, 0.0621 -0.0414 1.2602, 0.0621 -0.0414 1.2642, 0.0608 -0.0413 1.2602, 0.0608 -0.0413 1.2642, 0.0601 -0.041 1.2602, 0.0601 -0.041 1.2642, 0.0601 -0.0441 1.2642, 0.0601 -0.0441 1.2602, 0.0616 -0.0443 1.2602, 0.0616 -0.0443 1.2642, 0.0623 -0.0444 1.2602, 0.0623 -0.0444 1.2642, 0.0637 -0.0442 1.2602, 0.0637 -0.0442 1.2642, 0.0649 -0.0438 1.2602, 0.0651 -0.0437 1.2642, 0.0651 -0.0437 1.2602, 0.0663 -0.0429 1.2602, 0.0663 -0.0429 1.2642, 0.0665 -0.0426 1.2602, 0.0665 -0.0426 1.2642, 0.0678 -0.0411 1.2602, 0.0678 -0.0411 1.2642, 0.0693 -0.0381 1.2602, 0.0693 -0.0381 1.2642, 0.0782 -0.0155 1.2602, 0.0782 -0.0155 1.2642, 0.0704 -0.0354 1.2602, 0.0747 -0.0155 1.2642, 0.0747 -0.0155 1.2602, 0.0497 -0.0356 1.2602, 0.0519 -0.0354 1.2602, 0.0497 -0.0356 1.2642, 0.0526 -0.0353 1.2642, 0.0526 -0.0353 1.2602, 0.0544 -0.0346 1.2602, 0.0544 -0.0346 1.2642, 0.0554 -0.034 1.2602, 0.0554 -0.034 1.2642, 0.0564 -0.0332 1.2602, 0.0564 -0.0332 1.2642, 0.057 -0.0323 1.2602, 0.057 -0.0323 1.2642, 0.0575 -0.0312 1.2602, 0.0575 -0.0312 1.2642, 0.0576 -0.0298 1.2602, 0.0576 -0.0298 1.2642, 0.0575 -0.0285 1.2602, 0.0575 -0.0285 1.2642, 0.0571 -0.0275 1.2602, 0.0571 -0.0275 1.2642, 0.0565 -0.0266 1.2602, 0.0565 -0.0266 1.2642, 0.0557 -0.0258 1.2602, 0.0557 -0.0258 1.2642, 0.0534 -0.0246 1.2602, 0.0534 -0.0246 1.2642, 0.052 -0.024 1.2602, 0.052 -0.024 1.2642, 0.0499 -0.0231 1.2602, 0.0499 -0.0231 1.2642, 0.0487 -0.0223 1.2602, 0.0487 -0.0223 1.2642, 0.0484 -0.022 1.2602, 0.0484 -0.022 1.2642, 0.0481 -0.0215 1.2602, 0.0481 -0.0215 1.2642, 0.048 -0.021 1.2602, 0.048 -0.021 1.2642, 0.048 -0.0205 1.2602, 0.048 -0.0205 1.2642, 0.048 -0.02 1.2602, 0.048 -0.02 1.2642, 0.0482 -0.0195 1.2602, 0.0482 -0.0195 1.2642, 0.0485 -0.0191 1.2602, 0.0485 -0.0191 1.2642, 0.049 -0.0186 1.2602, 0.049 -0.0186 1.2642, 0.0498 -0.0182 1.2602, 0.0498 -0.0182 1.2642, 0.0507 -0.0179 1.2602, 0.0507 -0.0179 1.2642, 0.0517 -0.0179 1.2602, 0.0517 -0.0179 1.2642, 0.054 -0.0181 1.2602, 0.054 -0.0181 1.2642, 0.0559 -0.0188 1.2602, 0.0559 -0.0188 1.2642, 0.0567 -0.0193 1.2602, 0.0567 -0.0193 1.2642, 0.0567 -0.0159 1.2642, 0.0567 -0.0159 1.2602, 0.0539 -0.0152 1.2602, 0.0539 -0.0152 1.2642, 0.052 -0.0151 1.2602, 0.052 -0.0151 1.2642, 0.0495 -0.0154 1.2602, 0.0495 -0.0154 1.2642, 0.0476 -0.016 1.2602, 0.0476 -0.016 1.2642, 0.0466 -0.0166 1.2602, 0.0466 -0.0166 1.2642, 0.046 -0.0172 1.2602, 0.0456 -0.0175 1.2642, 0.0456 -0.0175 1.2602, 0.045 -0.0185 1.2602, 0.045 -0.0185 1.2642, 0.0445 -0.0196 1.2602, 0.0445 -0.0196 1.2642, 0.0444 -0.0208 1.2602, 0.0444 -0.0208 1.2642, 0.0446 -0.0222 1.2602, 0.0446 -0.0222 1.2642, 0.0449 -0.0232 1.2602, 0.0449 -0.0232 1.2642, 0.0454 -0.0239 1.2602, 0.0454 -0.0239 1.2642, 0.0496 -0.0265 1.2602, 0.0496 -0.0265 1.2642, 0.0476 -0.0256 1.2642, 0.0459 -0.0245 1.2602, 0.0459 -0.0245 1.2642, 0.046 -0.0245 1.2602, 0.0476 -0.0256 1.2602, 0.0519 -0.0275 1.2602, 0.0519 -0.0275 1.2642, 0.0532 -0.0283 1.2602, 0.0532 -0.0283 1.2642, 0.0536 -0.0287 1.2602, 0.0536 -0.0287 1.2642, 0.0539 -0.0292 1.2602, 0.0539 -0.0292 1.2642, 0.0541 -0.0297 1.2602, 0.0541 -0.0297 1.2642, 0.0541 -0.0301 1.2602, 0.0541 -0.0301 1.2642, 0.054 -0.0308 1.2602, 0.054 -0.0308 1.2642, 0.0539 -0.0313 1.2602, 0.0539 -0.0313 1.2642, 0.0536 -0.0317 1.2602, 0.0536 -0.0317 1.2642, 0.0532 -0.0321 1.2602, 0.0532 -0.0321 1.2642, 0.0528 -0.0323 1.2602, 0.0528 -0.0323 1.2642, 0.052 -0.0326 1.2602, 0.052 -0.0326 1.2642, 0.0502 -0.0328 1.2602, 0.0502 -0.0328 1.2642, 0.05 -0.0328 1.2602, 0.05 -0.0328 1.2642, 0.0444 -0.0309 1.2602, 0.0444 -0.0309 1.2642, 0.0457 -0.0317 1.2642, 0.0479 -0.0325 1.2602, 0.0479 -0.0325 1.2642, 0.046 -0.0318 1.2602, 0.0457 -0.0317 1.2602, 0.0444 -0.0344 1.2642, 0.0444 -0.0344 1.2602, 0.046 -0.035 1.2602, 0.0469 -0.0353 1.2642, 0.0474 -0.0354 1.2602, 0.0469 -0.0353 1.2602, 0.0363 -0.0351 1.2642, 0.0397 -0.0351 1.2642, 0.0363 -0.0321 1.2642, 0.0397 -0.0225 1.2642, 0.0363 -0.0227 1.2642, 0.0289 -0.0267 1.2642, 0.0298 -0.0263 1.2642, 0.0317 -0.0259 1.2642, 0.0363 -0.0253 1.2642, 0.0363 -0.0272 1.2642, 0.0362 -0.0321 1.2642, 0.0344 -0.0316 1.2642, 0.0357 -0.0329 1.2642, 0.0334 -0.0323 1.2642, 0.0363 -0.0274 1.2642, 0.0361 -0.0289 1.2642, 0.0356 -0.0302 1.2642, 0.0348 -0.0312 1.2642, 0.0362 -0.0211 1.2642, 0.0395 -0.0199 1.2642, 0.0358 -0.0199 1.2642, 0.0389 -0.0183 1.2642, 0.0354 -0.0192 1.2642, 0.0382 -0.0172 1.2642, 0.0349 -0.0187 1.2642, 0.0373 -0.0164 1.2642, 0.0343 -0.0183 1.2642, 0.0362 -0.0157 1.2642, 0.0335 -0.018 1.2642, 0.0347 -0.0153 1.2642, 0.0323 -0.0179 1.2642, 0.0326 -0.0151 1.2642, 0.0302 -0.0181 1.2642, 0.0293 -0.0155 1.2642, 0.0281 -0.0188 1.2642, 0.0267 -0.0164 1.2642, 0.0259 -0.0202 1.2642, 0.0259 -0.0169 1.2642, 0.0282 -0.0316 1.2642, 0.0257 -0.0341 1.2642, 0.0285 -0.0319 1.2642, 0.0268 -0.0349 1.2642, 0.0291 -0.0324 1.2642, 0.0281 -0.0354 1.2642, 0.0299 -0.0326 1.2642, 0.0302 -0.0356 1.2642, 0.0311 -0.0328 1.2642, 0.032 -0.0354 1.2642, 0.0324 -0.0326 1.2642, 0.0334 -0.0349 1.2642, 0.0346 -0.0341 1.2642, 0.0275 -0.0291 1.2642, 0.024 -0.0295 1.2642, 0.0275 -0.0296 1.2642, 0.024 -0.0299 1.2642, 0.0276 -0.0304 1.2642, 0.0241 -0.0314 1.2642, 0.0278 -0.031 1.2642, 0.0246 -0.0326 1.2642, 0.0253 -0.0337 1.2642, 0.0305 -0.0235 1.2642, 0.0279 -0.0241 1.2642, 0.0284 -0.0271 1.2642, 0.0264 -0.0249 1.2642, 0.028 -0.0276 1.2642, 0.0254 -0.0258 1.2642, 0.0277 -0.0283 1.2642, 0.0247 -0.0268 1.2642, 0.0242 -0.028 1.2642, 0.0323 -0.0179 1.2602, 0.0335 -0.018 1.2602, 0.0343 -0.0183 1.2602, 0.0349 -0.0187 1.2602, 0.0354 -0.0192 1.2602, 0.0358 -0.0199 1.2602, 0.0362 -0.0211 1.2602, 0.0363 -0.0227 1.2602, 0.0305 -0.0235 1.2602, 0.0279 -0.0241 1.2602, 0.0264 -0.0249 1.2602, 0.0254 -0.0258 1.2602, 0.0247 -0.0268 1.2602, 0.0242 -0.028 1.2602, 0.024 -0.0295 1.2602, 0.024 -0.0299 1.2602, 0.0241 -0.0314 1.2602, 0.0246 -0.0326 1.2602, 0.0253 -0.0337 1.2602, 0.0257 -0.0341 1.2602, 0.0302 -0.0356 1.2602, 0.0282 -0.0354 1.2602, 0.0281 -0.0354 1.2602, 0.0268 -0.0349 1.2602, 0.032 -0.0354 1.2602, 0.0321 -0.0354 1.2602, 0.0334 -0.0349 1.2602, 0.0346 -0.0341 1.2602, 0.0357 -0.0329 1.2602, 0.0362 -0.0321 1.2602, 0.0363 -0.0321 1.2602, 0.0363 -0.0351 1.2602, 0.0397 -0.0351 1.2602, 0.0397 -0.0225 1.2602, 0.0395 -0.0199 1.2602, 0.0389 -0.0183 1.2602, 0.0382 -0.0172 1.2602, 0.0373 -0.0164 1.2602, 0.0362 -0.0157 1.2602, 0.0347 -0.0153 1.2602, 0.0326 -0.0151 1.2602, 0.0293 -0.0155 1.2602, 0.0267 -0.0164 1.2602, 0.0259 -0.0169 1.2602, 0.0259 -0.0202 1.2602, 0.0281 -0.0188 1.2602, 0.0302 -0.0181 1.2602, 0.0348 -0.0312 1.2602, 0.0344 -0.0316 1.2602, 0.0334 -0.0323 1.2602, 0.0324 -0.0326 1.2602, 0.0311 -0.0328 1.2602, 0.0363 -0.0272 1.2602, 0.0363 -0.0274 1.2602, 0.0361 -0.0289 1.2602, 0.0356 -0.0302 1.2602, 0.0363 -0.0253 1.2602, 0.0317 -0.0259 1.2602, 0.0284 -0.0271 1.2602, 0.0289 -0.0267 1.2602, 0.0298 -0.0263 1.2602, 0.0275 -0.0296 1.2602, 0.0275 -0.0291 1.2602, 0.0277 -0.0283 1.2602, 0.028 -0.0276 1.2602, 0.0285 -0.0319 1.2602, 0.0282 -0.0316 1.2602, 0.0278 -0.031 1.2602, 0.0276 -0.0304 1.2602, 0.0299 -0.0326 1.2602, 0.0291 -0.0324 1.2602
            ]
        }
        coordIndex [
            0,1,2,-1,0,2,3,-1,3,2,4,-1,3,4,5,-1,6,5,7,-1,7,5,4,-1,8,6,9,-1,9,6,7,-1,8,9,10,-1,10,9,11,-1,10,11,12,-1,13,10,14,-1,14,10,12,-1,13,14,15,-1,15,14,16,-1,15,16,17,-1,18,19,20,-1,20,19,15,-1,20,15,17,-1,19,18,21,-1,22,23,21,-1,21,23,24,-1,21,24,19,-1,22,25,23,-1,23,25,26,-1,23,26,27,-1,27,26,28,-1,27,28,29,-1,29,28,30,-1,29,30,31,-1,31,30,32,-1,31,32,33,-1,33,32,34,-1,33,34,35,-1,36,35,37,-1,37,35,34,-1,36,37,38,-1,36,38,39,-1,39,38,40,-1,39,40,41,-1,41,40,42,-1,41,42,43,-1,43,42,44,-1,43,44,45,-1,44,46,45,-1,45,46,47,-1,45,47,48,-1,48,47,49,-1,48,49,50,-1,50,49,51,-1,50,51,52,-1,52,51,53,-1,52,53,54,-1,55,56,57,-1,57,56,54,-1,57,54,53,-1,58,56,59,-1,59,56,55,-1,0,58,1,-1,1,58,59,-1,3,5,54,-1,56,58,54,-1,54,58,0,-1,54,0,3,-1,10,13,8,-1,8,13,15,-1,8,15,6,-1,52,24,50,-1,50,24,23,-1,35,36,33,-1,33,36,39,-1,33,39,31,-1,31,39,41,-1,31,41,29,-1,29,41,43,-1,29,43,27,-1,27,43,45,-1,27,45,23,-1,23,45,48,-1,23,48,50,-1,5,6,54,-1,54,6,15,-1,54,15,52,-1,52,15,19,-1,52,19,24,-1,60,61,62,-1,62,61,63,-1,61,64,63,-1,63,64,65,-1,63,65,66,-1,66,65,67,-1,66,67,68,-1,68,67,69,-1,68,69,70,-1,70,69,71,-1,70,71,72,-1,72,71,73,-1,72,73,74,-1,74,73,75,-1,74,75,76,-1,76,75,77,-1,76,77,78,-1,78,77,79,-1,78,79,80,-1,80,79,81,-1,80,81,82,-1,82,81,83,-1,82,83,84,-1,84,83,85,-1,84,85,86,-1,86,85,87,-1,86,87,88,-1,88,87,89,-1,88,89,90,-1,90,89,91,-1,90,91,92,-1,92,91,93,-1,92,93,94,-1,94,93,95,-1,94,95,96,-1,96,95,97,-1,96,97,98,-1,98,97,99,-1,98,99,100,-1,100,99,101,-1,100,101,102,-1,102,101,103,-1,102,103,104,-1,104,103,105,-1,104,105,106,-1,106,105,107,-1,106,107,108,-1,108,107,109,-1,108,109,110,-1,110,109,111,-1,110,111,112,-1,112,111,113,-1,112,113,114,-1,114,113,115,-1,114,115,116,-1,116,115,117,-1,116,117,118,-1,118,117,119,-1,118,119,120,-1,121,120,122,-1,122,120,119,-1,121,122,123,-1,121,123,124,-1,124,123,125,-1,124,125,126,-1,126,125,127,-1,126,127,128,-1,128,127,129,-1,128,129,130,-1,130,129,131,-1,130,131,132,-1,131,133,132,-1,132,133,134,-1,133,135,134,-1,134,135,136,-1,134,136,137,-1,137,136,138,-1,137,138,139,-1,139,138,140,-1,139,140,141,-1,141,140,142,-1,141,142,143,-1,143,142,144,-1,143,144,145,-1,145,144,146,-1,145,146,147,-1,148,149,150,-1,147,146,151,-1,147,151,152,-1,152,151,153,-1,152,153,150,-1,150,153,154,-1,150,154,148,-1,149,148,155,-1,149,155,156,-1,156,155,157,-1,156,157,158,-1,158,157,159,-1,158,159,160,-1,160,159,161,-1,160,161,162,-1,162,161,163,-1,162,163,164,-1,164,163,165,-1,164,165,166,-1,166,165,167,-1,166,167,168,-1,168,167,169,-1,168,169,170,-1,170,169,171,-1,170,171,172,-1,172,171,173,-1,172,173,174,-1,174,173,175,-1,174,175,176,-1,176,175,177,-1,176,177,178,-1,178,177,179,-1,178,179,180,-1,180,179,181,-1,180,181,182,-1,183,184,185,-1,182,181,186,-1,182,186,187,-1,187,186,188,-1,187,188,185,-1,185,188,189,-1,185,189,183,-1,190,184,191,-1,191,184,183,-1,191,192,190,-1,190,192,193,-1,60,62,194,-1,194,62,193,-1,194,193,195,-1,195,193,192,-1,106,108,130,-1,130,108,128,-1,156,88,149,-1,149,88,90,-1,66,68,172,-1,172,68,70,-1,172,70,170,-1,170,70,72,-1,170,72,168,-1,168,72,74,-1,168,74,166,-1,166,74,76,-1,166,76,164,-1,164,76,78,-1,164,78,162,-1,162,78,80,-1,162,80,160,-1,160,80,82,-1,160,82,158,-1,158,82,84,-1,158,84,156,-1,156,84,86,-1,156,86,88,-1,62,182,193,-1,193,182,187,-1,193,187,190,-1,190,187,185,-1,190,185,184,-1,108,110,128,-1,128,110,112,-1,128,112,126,-1,126,112,114,-1,126,114,124,-1,124,114,116,-1,124,116,121,-1,121,116,118,-1,121,118,120,-1,172,174,66,-1,66,174,176,-1,66,176,63,-1,63,176,178,-1,63,178,62,-1,62,178,180,-1,62,180,182,-1,130,132,106,-1,106,132,134,-1,106,134,104,-1,104,134,137,-1,104,137,102,-1,102,137,139,-1,102,139,100,-1,100,139,141,-1,100,141,98,-1,98,141,143,-1,98,143,96,-1,96,143,145,-1,96,145,94,-1,94,145,147,-1,94,147,92,-1,92,147,152,-1,92,152,90,-1,90,152,150,-1,90,150,149,-1,196,197,198,-1,198,197,199,-1,200,201,202,-1,203,204,199,-1,199,204,205,-1,206,207,208,-1,208,207,209,-1,205,210,199,-1,199,210,211,-1,199,211,198,-1,198,211,212,-1,198,212,206,-1,206,212,213,-1,206,213,207,-1,202,203,200,-1,200,203,199,-1,200,199,214,-1,214,199,215,-1,214,215,216,-1,216,215,217,-1,216,217,218,-1,218,217,219,-1,218,219,220,-1,220,219,221,-1,220,221,222,-1,222,221,223,-1,222,223,224,-1,224,223,225,-1,224,225,226,-1,226,225,227,-1,226,227,228,-1,228,227,229,-1,228,229,230,-1,230,229,231,-1,230,231,232,-1,232,231,233,-1,234,235,236,-1,236,235,237,-1,236,237,238,-1,238,237,239,-1,238,239,240,-1,240,239,241,-1,240,241,242,-1,242,241,243,-1,242,243,244,-1,244,243,245,-1,244,245,209,-1,209,245,246,-1,209,246,208,-1,247,248,249,-1,249,248,250,-1,249,250,251,-1,251,250,252,-1,251,252,253,-1,253,252,254,-1,253,254,234,-1,234,254,255,-1,234,255,235,-1,200,256,201,-1,201,256,257,-1,201,257,258,-1,258,257,259,-1,258,259,260,-1,260,259,261,-1,260,261,262,-1,262,261,263,-1,262,263,247,-1,247,263,264,-1,247,264,248,-1,226,265,266,-1,226,266,224,-1,224,266,267,-1,224,267,222,-1,222,267,268,-1,222,268,220,-1,220,268,269,-1,220,269,218,-1,218,269,270,-1,218,270,216,-1,216,270,271,-1,216,271,214,-1,214,271,272,-1,214,272,200,-1,256,200,273,-1,273,200,272,-1,256,273,274,-1,256,274,257,-1,257,274,275,-1,257,275,259,-1,259,275,276,-1,259,276,261,-1,261,276,277,-1,261,277,263,-1,263,277,278,-1,263,278,264,-1,264,278,279,-1,264,279,248,-1,248,279,280,-1,248,280,250,-1,250,280,281,-1,250,281,252,-1,252,281,282,-1,252,282,254,-1,254,282,283,-1,254,283,255,-1,255,283,284,-1,255,284,235,-1,285,241,286,-1,286,241,239,-1,286,239,287,-1,287,239,237,-1,287,237,288,-1,288,237,235,-1,288,235,284,-1,241,285,289,-1,241,289,243,-1,243,289,290,-1,243,290,245,-1,290,291,245,-1,245,291,292,-1,245,292,246,-1,246,292,293,-1,246,293,208,-1,208,293,294,-1,208,294,206,-1,198,206,295,-1,295,206,294,-1,196,198,296,-1,296,198,295,-1,197,196,297,-1,297,196,296,-1,199,197,298,-1,298,197,297,-1,199,298,299,-1,199,299,215,-1,215,299,300,-1,215,300,217,-1,217,300,301,-1,217,301,219,-1,219,301,302,-1,219,302,221,-1,221,302,303,-1,221,303,223,-1,223,303,304,-1,223,304,225,-1,225,304,305,-1,225,305,227,-1,227,305,306,-1,227,306,229,-1,229,306,307,-1,229,307,231,-1,231,307,308,-1,231,308,233,-1,232,233,309,-1,309,233,308,-1,232,309,310,-1,232,310,230,-1,230,310,311,-1,230,311,228,-1,228,311,265,-1,228,265,226,-1,213,312,313,-1,213,313,207,-1,207,313,314,-1,207,314,209,-1,209,314,315,-1,209,315,244,-1,244,315,316,-1,244,316,242,-1,205,317,318,-1,205,318,210,-1,210,318,319,-1,210,319,211,-1,211,319,320,-1,211,320,212,-1,212,320,312,-1,212,312,213,-1,205,204,317,-1,317,204,321,-1,204,203,321,-1,321,203,322,-1,258,323,324,-1,258,324,201,-1,201,324,325,-1,201,325,202,-1,202,325,322,-1,202,322,203,-1,249,326,327,-1,249,327,247,-1,247,327,328,-1,247,328,262,-1,262,328,329,-1,262,329,260,-1,260,329,323,-1,260,323,258,-1,236,330,331,-1,236,331,234,-1,234,331,332,-1,234,332,253,-1,253,332,333,-1,253,333,251,-1,251,333,326,-1,251,326,249,-1,242,316,334,-1,242,334,240,-1,240,334,335,-1,240,335,238,-1,238,335,330,-1,238,330,236,-1,
        ]
    }
}
Shape{
    appearance Appearance {
        material  Material 	{
            diffuseColor 0.34901960784313724 0.34901960784313724 0.34901960784313724
            specularColor 0.023529411764705882 0.023529411764705882 0.023529411764705882
            ambientIntensity 0.498
            transparency 0.0
            shininess 0.5
        }
    }
    geometry IndexedFaceSet {
        ccw TRUE
        solid FALSE
        coord DEF co Coordinate {
            point [
                0.0363 -0.0253 1.2602, 0.0317 -0.0259 1.2602, 0.0363 -0.0272 1.2602, 0.0298 -0.0263 1.2602, 0.0289 -0.0267 1.2602, 0.0284 -0.0271 1.2602, 0.0363 -0.0274 1.2602, 0.0361 -0.0289 1.2602, 0.028 -0.0276 1.2602, 0.0356 -0.0302 1.2602, 0.0282 -0.0316 1.2602, 0.0285 -0.0319 1.2602, 0.0344 -0.0316 1.2602, 0.0278 -0.031 1.2602, 0.0334 -0.0323 1.2602, 0.0324 -0.0326 1.2602, 0.0311 -0.0328 1.2602, 0.0277 -0.0283 1.2602, 0.0275 -0.0291 1.2602, 0.0348 -0.0312 1.2602, 0.0275 -0.0296 1.2602, 0.0276 -0.0304 1.2602, 0.0291 -0.0324 1.2602, 0.0299 -0.0326 1.2602
            ]
        }
        coordIndex [
            0,1,2,-1,2,1,3,-1,3,4,2,-1,2,4,5,-1,2,5,6,-1,6,5,7,-1,7,5,8,-1,7,8,9,-1,10,11,12,-1,10,12,13,-1,14,12,15,-1,15,12,16,-1,8,17,9,-1,9,17,18,-1,9,18,19,-1,19,18,20,-1,19,20,12,-1,12,20,21,-1,12,21,13,-1,11,22,12,-1,12,22,23,-1,12,23,16,-1,
        ]
    }
}
Shape{
    appearance Appearance {
        material  Material 	{
            diffuseColor 1.0 1.0 1.0
            specularColor 0.5019607843137255 0.5019607843137255 0.5019607843137255
            ambientIntensity 1.0
            transparency 0.0
            shininess 0.5
        }
    }
    geometry IndexedFaceSet {
        ccw TRUE
        solid FALSE
        coord DEF co Coordinate {
            point [
                -0.1153 -0.039 1.2642, -0.1124 -0.0426 1.2642, -0.1171 -0.0218 1.2642, -0.0792 -0.0266 1.2642, -0.0519 -0.0122 1.2642, -0.0914 -0.0279 1.2642, -0.0918 -0.0261 1.2642, -0.1205 0.0121 1.2642, -0.1162 0.0144 1.2642, -0.1172 0.0265 1.2642, -0.0841 -0.0155 1.2642, -0.0989 -0.0212 1.2642, -0.0973 -0.0214 1.2642, -0.105 0.027 1.2642, -0.0989 0.0128 1.2642, -0.0959 0.019 1.2642, -0.0955 -0.022 1.2642, -0.0939 -0.0231 1.2642, -0.0927 -0.0245 1.2642, -0.1214 -0.0191 1.2642, -0.1198 -0.0341 1.2642, -0.1173 -0.0348 1.2642, -0.1095 0.0274 1.2642, -0.0579 -0.0018 1.2642, -0.0792 -0.0286 1.2642, -0.0914 -0.0297 1.2642, -0.0793 -0.0307 1.2642, -0.1008 -0.0214 1.2642, -0.1034 -0.0095 1.2642, -0.1026 -0.0221 1.2642, -0.1077 -0.0111 1.2642, -0.1041 -0.0232 1.2642, -0.1117 -0.0139 1.2642, -0.1049 -0.024 1.2642, -0.1149 -0.0176 1.2642, -0.1059 -0.0256 1.2642, -0.1064 -0.0274 1.2642, -0.1065 -0.0293 1.2642, -0.0917 -0.0102 1.2642, -0.0964 -0.009 1.2642, -0.0987 -0.0089 1.2642, -0.0371 0.0055 1.2642, -0.034 0.0035 1.2642, -0.0238 0.01 1.2642, -0.0315 0.0007 1.2642, -0.0199 0.0045 1.2642, -0.0296 -0.0027 1.2642, -0.0175 -0.0015 1.2642, -0.0166 -0.0079 1.2642, -0.101 0.0317 1.2642, -0.0916 0.0242 1.2642, -0.0964 0.0356 1.2642, -0.0864 0.028 1.2642, -0.0916 0.0386 1.2642, -0.1114 0.0156 1.2642, -0.1093 0.0157 1.2642, -0.1072 0.0273 1.2642, -0.1046 0.0151 1.2642, -0.1003 0.0135 1.2642, -0.0455 0.0071 1.2642, -0.0439 0.0071 1.2642, -0.0359 0.0177 1.2642, -0.0405 0.0067 1.2642, -0.035 0.0174 1.2642, -0.0291 0.0145 1.2642, -0.0238 -0.0264 1.2642, -0.0337 -0.0195 1.2642, -0.0291 -0.0309 1.2642, -0.0368 -0.0216 1.2642, -0.035 -0.0338 1.2642, -0.0403 -0.023 1.2642, -0.0416 -0.0352 1.2642, -0.0427 -0.0233 1.2642, -0.0531 -0.0352 1.2642, -0.0515 -0.0233 1.2642, -0.0542 -0.0351 1.2642, -0.0875 -0.0124 1.2642, -0.0288 -0.0065 1.2642, -0.0287 -0.0081 1.2642, -0.0175 -0.0148 1.2642, -0.0291 -0.0115 1.2642, -0.0199 -0.021 1.2642, -0.0303 -0.015 1.2642, -0.0324 -0.0181 1.2642, -0.0464 0.0331 1.2642, -0.0541 0.0242 1.2642, -0.04 0.0256 1.2642, -0.0497 0.0189 1.2642, -0.0467 0.0126 1.2642, -0.1282 0.0009 1.2642, -0.141 -0.0023 1.2642, -0.1288 -0.0038 1.2642, -0.1411 -0.0042 1.2642, -0.1286 -0.0069 1.2642, -0.1402 -0.0119 1.2642, -0.1271 -0.0116 1.2642, -0.1373 -0.0191 1.2642, -0.1249 -0.0155 1.2642, -0.1329 -0.0255 1.2642, -0.1268 -0.0307 1.2642, -0.1244 0.0237 1.2642, -0.1306 0.0193 1.2642, -0.1238 0.0092 1.2642, -0.1319 0.0181 1.2642, -0.1265 0.0053 1.2642, -0.1366 0.012 1.2642, -0.1397 0.005 1.2642, -0.1062 -0.0312 1.2642, -0.1054 -0.0328 1.2642, -0.0826 0.0421 1.2642, -0.08 0.0306 1.2642, -0.073 0.0432 1.2642, -0.0728 0.0315 1.2642, -0.0649 0.0424 1.2642, -0.0661 0.0307 1.2642, -0.0551 0.0389 1.2642, -0.06 0.0284 1.2642, -0.0545 0.0246 1.2642, -0.0805 -0.0355 1.2642, -0.0918 -0.0315 1.2642, -0.0828 -0.0398 1.2642, -0.0928 -0.0332 1.2642, -0.0858 -0.0431 1.2642, -0.0938 -0.0344 1.2642, -0.0896 -0.0458 1.2642, -0.0953 -0.0355 1.2642, -0.094 -0.0475 1.2642, -0.097 -0.0361 1.2642, -0.0987 -0.0481 1.2642, -0.0989 -0.0364 1.2642, -0.0995 -0.0481 1.2642, -0.0993 -0.0364 1.2642, -0.1041 -0.0474 1.2642, -0.101 -0.0361 1.2642, -0.1086 -0.0455 1.2642, -0.1028 -0.0353 1.2642, -0.1043 -0.0342 1.2642, -0.0525 -0.0231 1.2642, -0.0572 -0.0332 1.2642, -0.0567 -0.0336 1.2642, -0.0519 -0.0233 1.2642, -0.0555 -0.0345 1.2642, -0.0587 -0.0292 1.2642, -0.0585 -0.0306 1.2642, -0.058 -0.032 1.2642, -0.0542 -0.0233 1.2642, -0.0555 -0.0238 1.2642, -0.0587 -0.0284 1.2642, -0.0567 -0.0247 1.2642, -0.0575 -0.0256 1.2642, -0.0583 -0.0269 1.2642, -0.0527 -0.0231 1.2642, -0.0166 -0.0079 1.2602, -0.0175 -0.0015 1.2602, -0.0181 0.0001 1.2602, -0.0199 0.0045 1.2602, -0.0225 0.0082 1.2602, -0.0238 0.01 1.2602, -0.0291 0.0145 1.2602, -0.035 0.0174 1.2602, -0.0359 0.0177 1.2602, -0.04 0.0256 1.2602, -0.0464 0.0331 1.2602, -0.0509 0.0361 1.2602, -0.0551 0.0389 1.2602, -0.0649 0.0424 1.2602, -0.073 0.0432 1.2602, -0.0964 0.0356 1.2602, -0.0956 0.0361 1.2602, -0.0916 0.0386 1.2602, -0.0826 0.0421 1.2602, -0.101 0.0317 1.2602, -0.105 0.027 1.2602, -0.1072 0.0273 1.2602, -0.1095 0.0274 1.2602, -0.1172 0.0265 1.2602, -0.1244 0.0237 1.2602, -0.1306 0.0193 1.2602, -0.1319 0.0181 1.2602, -0.1366 0.012 1.2602, -0.1383 0.0082 1.2602, -0.1397 0.005 1.2602, -0.1406 0.0001 1.2602, -0.141 -0.0023 1.2602, -0.1411 -0.0042 1.2602, -0.1402 -0.0119 1.2602, -0.1373 -0.0191 1.2602, -0.1329 -0.0255 1.2602, -0.1268 -0.0307 1.2602, -0.1198 -0.0341 1.2602, -0.1173 -0.0348 1.2602, -0.117 -0.0354 1.2602, -0.1153 -0.039 1.2602, -0.1124 -0.0426 1.2602, -0.1086 -0.0455 1.2602, -0.1068 -0.0462 1.2602, -0.1041 -0.0474 1.2602, -0.0995 -0.0481 1.2602, -0.0987 -0.0481 1.2602, -0.0792 -0.0286 1.2602, -0.094 -0.0475 1.2602, -0.0907 -0.0462 1.2602, -0.0896 -0.0458 1.2602, -0.0858 -0.0431 1.2602, -0.0828 -0.0398 1.2602, -0.0805 -0.0355 1.2602, -0.0805 -0.0354 1.2602, -0.0793 -0.0307 1.2602, -0.0792 -0.0266 1.2602, -0.0519 -0.0122 1.2602, -0.0579 -0.0018 1.2602, -0.0841 -0.0155 1.2602, -0.0875 -0.0124 1.2602, -0.0917 -0.0102 1.2602, -0.0964 -0.009 1.2602, -0.0987 -0.0089 1.2602, -0.1034 -0.0095 1.2602, -0.1077 -0.0111 1.2602, -0.1117 -0.0139 1.2602, -0.1149 -0.0176 1.2602, -0.1171 -0.0218 1.2602, -0.1214 -0.0191 1.2602, -0.1249 -0.0155 1.2602, -0.1271 -0.0116 1.2602, -0.1286 -0.0069 1.2602, -0.1288 -0.0038 1.2602, -0.1283 0.0001 1.2602, -0.1282 0.0009 1.2602, -0.1265 0.0053 1.2602, -0.1245 0.0082 1.2602, -0.1238 0.0092 1.2602, -0.1205 0.0121 1.2602, -0.1162 0.0144 1.2602, -0.1114 0.0156 1.2602, -0.1093 0.0157 1.2602, -0.1046 0.0151 1.2602, -0.1003 0.0135 1.2602, -0.0989 0.0128 1.2602, -0.0959 0.019 1.2602, -0.0916 0.0242 1.2602, -0.0864 0.028 1.2602, -0.08 0.0306 1.2602, -0.0728 0.0315 1.2602, -0.0455 0.0071 1.2602, -0.0457 0.0082 1.2602, -0.0467 0.0126 1.2602, -0.0497 0.0189 1.2602, -0.0541 0.0242 1.2602, -0.0545 0.0246 1.2602, -0.06 0.0284 1.2602, -0.0661 0.0307 1.2602, -0.0439 0.0071 1.2602, -0.0405 0.0067 1.2602, -0.0371 0.0055 1.2602, -0.034 0.0035 1.2602, -0.0315 0.0007 1.2602, -0.0312 0.0001 1.2602, -0.0296 -0.0027 1.2602, -0.0288 -0.0065 1.2602, -0.0287 -0.0081 1.2602, -0.0291 -0.0115 1.2602, -0.0303 -0.015 1.2602, -0.0324 -0.0181 1.2602, -0.0337 -0.0195 1.2602, -0.0368 -0.0216 1.2602, -0.0403 -0.023 1.2602, -0.0427 -0.0233 1.2602, -0.0515 -0.0233 1.2602, -0.0519 -0.0233 1.2602, -0.0525 -0.0231 1.2602, -0.0527 -0.0231 1.2602, -0.0542 -0.0233 1.2602, -0.0555 -0.0238 1.2602, -0.0567 -0.0247 1.2602, -0.0575 -0.0256 1.2602, -0.0583 -0.0269 1.2602, -0.0587 -0.0284 1.2602, -0.0587 -0.0292 1.2602, -0.0585 -0.0306 1.2602, -0.058 -0.032 1.2602, -0.0572 -0.0332 1.2602, -0.0567 -0.0336 1.2602, -0.0555 -0.0345 1.2602, -0.0542 -0.0351 1.2602, -0.0531 -0.0352 1.2602, -0.0416 -0.0352 1.2602, -0.035 -0.0338 1.2602, -0.0291 -0.0309 1.2602, -0.0238 -0.0264 1.2602, -0.0199 -0.021 1.2602, -0.0175 -0.0148 1.2602, -0.0989 -0.0212 1.2602, -0.0973 -0.0214 1.2602, -0.0955 -0.022 1.2602, -0.0939 -0.0231 1.2602, -0.0927 -0.0245 1.2602, -0.0918 -0.0261 1.2602, -0.0914 -0.0279 1.2602, -0.0914 -0.0297 1.2602, -0.0918 -0.0315 1.2602, -0.0928 -0.0332 1.2602, -0.0938 -0.0344 1.2602, -0.0953 -0.0355 1.2602, -0.097 -0.0361 1.2602, -0.0989 -0.0364 1.2602, -0.0993 -0.0364 1.2602, -0.101 -0.0361 1.2602, -0.1028 -0.0353 1.2602, -0.1043 -0.0342 1.2602, -0.1054 -0.0328 1.2602, -0.1062 -0.0312 1.2602, -0.1065 -0.0293 1.2602, -0.1064 -0.0274 1.2602, -0.1059 -0.0256 1.2602, -0.1049 -0.024 1.2602, -0.1041 -0.0232 1.2602, -0.1026 -0.0221 1.2602, -0.1008 -0.0214 1.2602
            ]
        }
        coordIndex [
            0,1,2,-1,3,4,5,-1,5,4,6,-1,7,8,9,-1,10,11,12,-1,13,14,15,-1,12,16,10,-1,10,16,17,-1,10,17,18,-1,19,20,2,-1,2,20,21,-1,2,21,0,-1,9,8,22,-1,6,4,18,-1,18,4,23,-1,18,23,10,-1,3,5,24,-1,24,5,25,-1,24,25,26,-1,27,28,29,-1,29,28,30,-1,29,30,31,-1,31,30,32,-1,31,32,33,-1,33,32,34,-1,33,34,35,-1,35,34,2,-1,35,2,36,-1,36,2,37,-1,38,39,27,-1,27,39,40,-1,27,40,28,-1,41,42,43,-1,43,42,44,-1,43,44,45,-1,45,44,46,-1,45,46,47,-1,47,46,48,-1,13,15,49,-1,49,15,50,-1,49,50,51,-1,51,50,52,-1,51,52,53,-1,8,54,22,-1,22,54,55,-1,22,55,56,-1,56,55,57,-1,56,57,13,-1,13,57,58,-1,13,58,14,-1,59,60,61,-1,61,60,62,-1,61,62,63,-1,63,62,41,-1,63,41,64,-1,64,41,43,-1,65,66,67,-1,67,66,68,-1,67,68,69,-1,69,68,70,-1,69,70,71,-1,71,70,72,-1,71,72,73,-1,73,72,74,-1,73,74,75,-1,11,10,27,-1,27,10,76,-1,27,76,38,-1,46,77,48,-1,48,77,78,-1,48,78,79,-1,79,78,80,-1,79,80,81,-1,81,80,82,-1,81,82,65,-1,65,82,83,-1,65,83,66,-1,84,85,86,-1,86,85,87,-1,86,87,61,-1,61,87,88,-1,61,88,59,-1,89,90,91,-1,91,90,92,-1,91,92,93,-1,93,92,94,-1,93,94,95,-1,95,94,96,-1,95,96,97,-1,97,96,98,-1,97,98,19,-1,19,98,99,-1,19,99,20,-1,9,100,7,-1,7,100,101,-1,7,101,102,-1,102,101,103,-1,102,103,104,-1,104,103,105,-1,104,105,89,-1,89,105,106,-1,89,106,90,-1,37,2,107,-1,107,2,1,-1,107,1,108,-1,53,52,109,-1,109,52,110,-1,109,110,111,-1,111,110,112,-1,111,112,113,-1,113,112,114,-1,113,114,115,-1,115,114,116,-1,115,116,84,-1,84,116,117,-1,84,117,85,-1,26,25,118,-1,118,25,119,-1,118,119,120,-1,120,119,121,-1,120,121,122,-1,122,121,123,-1,122,123,124,-1,124,123,125,-1,124,125,126,-1,126,125,127,-1,126,127,128,-1,128,127,129,-1,128,129,130,-1,130,129,131,-1,130,131,132,-1,132,131,133,-1,132,133,134,-1,134,133,135,-1,134,135,1,-1,1,135,136,-1,1,136,108,-1,137,138,139,-1,74,140,75,-1,75,140,137,-1,75,137,141,-1,141,137,139,-1,142,143,137,-1,137,143,144,-1,137,144,138,-1,145,146,147,-1,146,148,147,-1,147,148,149,-1,147,149,150,-1,142,137,147,-1,147,137,151,-1,147,151,145,-1,48,152,153,-1,48,153,47,-1,47,153,154,-1,47,154,45,-1,154,155,45,-1,45,155,156,-1,45,156,43,-1,156,157,43,-1,43,157,158,-1,43,158,64,-1,64,158,159,-1,64,159,63,-1,63,159,160,-1,63,160,61,-1,61,160,161,-1,61,161,86,-1,86,161,162,-1,86,162,84,-1,84,162,115,-1,115,162,163,-1,163,164,115,-1,115,164,165,-1,115,165,113,-1,113,165,166,-1,113,166,111,-1,167,51,168,-1,168,51,53,-1,168,53,169,-1,169,53,109,-1,169,109,170,-1,170,109,111,-1,170,111,166,-1,51,167,171,-1,51,171,49,-1,49,171,172,-1,49,172,13,-1,13,172,173,-1,13,173,56,-1,56,173,174,-1,56,174,22,-1,22,174,175,-1,22,175,9,-1,9,175,176,-1,9,176,100,-1,100,176,177,-1,100,177,101,-1,101,177,178,-1,101,178,103,-1,106,105,179,-1,179,105,103,-1,179,103,178,-1,179,180,106,-1,106,180,181,-1,106,181,90,-1,90,181,182,-1,182,183,90,-1,90,183,184,-1,90,184,92,-1,92,184,185,-1,92,185,94,-1,94,185,186,-1,94,186,96,-1,96,186,187,-1,96,187,98,-1,98,187,188,-1,98,188,99,-1,99,188,189,-1,99,189,20,-1,20,189,190,-1,20,190,21,-1,21,190,191,-1,21,191,0,-1,191,192,0,-1,0,192,193,-1,0,193,1,-1,1,193,194,-1,1,194,134,-1,134,194,195,-1,134,195,132,-1,195,196,132,-1,132,196,197,-1,132,197,130,-1,130,197,198,-1,130,198,128,-1,199,24,26,-1,128,198,200,-1,128,200,126,-1,126,200,201,-1,126,201,124,-1,201,202,124,-1,124,202,203,-1,124,203,122,-1,122,203,204,-1,122,204,120,-1,120,204,205,-1,120,205,118,-1,118,205,206,-1,118,206,26,-1,26,206,207,-1,26,207,199,-1,3,24,208,-1,208,24,199,-1,4,3,209,-1,209,3,208,-1,23,4,210,-1,210,4,209,-1,10,23,211,-1,211,23,210,-1,10,211,212,-1,10,212,76,-1,76,212,213,-1,76,213,38,-1,38,213,214,-1,38,214,39,-1,39,214,215,-1,39,215,40,-1,40,215,216,-1,40,216,28,-1,28,216,217,-1,28,217,30,-1,30,217,218,-1,30,218,32,-1,32,218,219,-1,32,219,34,-1,34,219,220,-1,34,220,2,-1,2,220,221,-1,2,221,19,-1,19,221,222,-1,19,222,97,-1,97,222,223,-1,97,223,95,-1,95,223,224,-1,95,224,93,-1,93,224,225,-1,93,225,91,-1,225,226,91,-1,91,226,89,-1,226,227,89,-1,89,227,228,-1,89,228,104,-1,104,228,229,-1,104,229,102,-1,229,230,102,-1,102,230,231,-1,102,231,7,-1,7,231,232,-1,7,232,8,-1,8,232,233,-1,8,233,54,-1,54,233,234,-1,54,234,55,-1,55,234,235,-1,55,235,57,-1,57,235,236,-1,57,236,58,-1,58,236,237,-1,58,237,14,-1,14,237,238,-1,14,238,15,-1,15,238,239,-1,15,239,50,-1,50,239,240,-1,50,240,52,-1,52,240,241,-1,52,241,110,-1,110,241,242,-1,110,242,112,-1,243,59,244,-1,244,59,88,-1,244,88,245,-1,245,88,87,-1,245,87,246,-1,246,87,85,-1,246,85,247,-1,247,85,117,-1,247,117,248,-1,248,117,116,-1,248,116,249,-1,249,116,114,-1,249,114,250,-1,250,114,112,-1,250,112,242,-1,60,59,251,-1,251,59,243,-1,60,251,252,-1,60,252,62,-1,62,252,253,-1,62,253,41,-1,41,253,254,-1,41,254,42,-1,42,254,255,-1,42,255,44,-1,44,255,256,-1,44,256,46,-1,256,257,46,-1,46,257,258,-1,46,258,77,-1,77,258,259,-1,77,259,78,-1,78,259,260,-1,78,260,80,-1,80,260,261,-1,80,261,82,-1,82,261,262,-1,82,262,83,-1,83,262,263,-1,83,263,66,-1,66,263,264,-1,66,264,68,-1,68,264,265,-1,68,265,70,-1,70,265,266,-1,70,266,72,-1,74,72,267,-1,267,72,266,-1,74,267,268,-1,74,268,140,-1,140,268,269,-1,140,269,137,-1,137,269,270,-1,137,270,151,-1,151,270,271,-1,151,271,145,-1,145,271,272,-1,145,272,146,-1,146,272,273,-1,146,273,148,-1,148,273,274,-1,148,274,149,-1,149,274,275,-1,149,275,150,-1,150,275,276,-1,150,276,147,-1,147,276,277,-1,147,277,142,-1,142,277,278,-1,142,278,143,-1,143,278,279,-1,143,279,144,-1,144,279,280,-1,144,280,138,-1,138,280,281,-1,138,281,139,-1,139,281,282,-1,139,282,141,-1,141,282,283,-1,141,283,75,-1,75,283,284,-1,75,284,73,-1,71,73,285,-1,285,73,284,-1,71,285,286,-1,71,286,69,-1,69,286,287,-1,69,287,67,-1,67,287,288,-1,67,288,65,-1,65,288,289,-1,65,289,81,-1,81,289,290,-1,81,290,79,-1,79,290,152,-1,79,152,48,-1,11,291,292,-1,11,292,12,-1,12,292,293,-1,12,293,16,-1,16,293,294,-1,16,294,17,-1,17,294,295,-1,17,295,18,-1,18,295,296,-1,18,296,6,-1,6,296,297,-1,6,297,5,-1,5,297,298,-1,5,298,25,-1,25,298,299,-1,25,299,119,-1,119,299,300,-1,119,300,121,-1,121,300,301,-1,121,301,123,-1,123,301,302,-1,123,302,125,-1,125,302,303,-1,125,303,127,-1,127,303,304,-1,127,304,129,-1,129,304,305,-1,129,305,131,-1,131,305,306,-1,131,306,133,-1,133,306,307,-1,133,307,135,-1,135,307,308,-1,135,308,136,-1,136,308,309,-1,136,309,108,-1,108,309,310,-1,108,310,107,-1,107,310,311,-1,107,311,37,-1,37,311,312,-1,37,312,36,-1,36,312,313,-1,36,313,35,-1,35,313,314,-1,35,314,33,-1,33,314,315,-1,33,315,31,-1,31,315,316,-1,31,316,29,-1,29,316,317,-1,29,317,27,-1,27,317,291,-1,27,291,11,-1,
        ]
    }
}
Shape{
    appearance Appearance {
        material  Material 	{
            diffuseColor 0.34901960784313724 0.34901960784313724 0.34901960784313724
            specularColor 0.023529411764705882 0.023529411764705882 0.023529411764705882
            ambientIntensity 0.498
            transparency 0.0
            shininess 0.5
        }
    }
    geometry IndexedFaceSet {
        ccw TRUE
        solid FALSE
        coord DEF co Coordinate {
            point [
                -0.0993 -0.0364 1.2602, -0.1041 -0.0232 1.2602, -0.1049 -0.024 1.2602, -0.097 -0.0361 1.2602, -0.0953 -0.0355 1.2602, -0.0973 -0.0214 1.2602, -0.0989 -0.0212 1.2602, -0.1008 -0.0214 1.2602, -0.1026 -0.0221 1.2602, -0.1062 -0.0312 1.2602, -0.1054 -0.0328 1.2602, -0.1043 -0.0342 1.2602, -0.0989 -0.0364 1.2602, -0.1059 -0.0256 1.2602, -0.1064 -0.0274 1.2602, -0.1065 -0.0293 1.2602, -0.1028 -0.0353 1.2602, -0.101 -0.0361 1.2602, -0.0938 -0.0344 1.2602, -0.0928 -0.0332 1.2602, -0.0918 -0.0315 1.2602, -0.0914 -0.0297 1.2602, -0.0914 -0.0279 1.2602, -0.0918 -0.0261 1.2602, -0.0927 -0.0245 1.2602, -0.0939 -0.0231 1.2602, -0.0955 -0.022 1.2602
            ]
        }
        coordIndex [
            0,1,2,-1,3,4,5,-1,6,7,0,-1,0,7,8,-1,0,8,1,-1,9,10,2,-1,2,10,11,-1,6,0,5,-1,5,0,12,-1,5,12,3,-1,13,14,2,-1,2,14,15,-1,2,15,9,-1,11,16,2,-1,2,16,17,-1,2,17,0,-1,4,18,5,-1,5,18,19,-1,5,19,20,-1,20,21,5,-1,5,21,22,-1,5,22,23,-1,23,24,5,-1,5,24,25,-1,5,25,26,-1,
        ]
    }
}
Shape{
    appearance Appearance {
        material  Material 	{
            diffuseColor 1.0 1.0 1.0
            specularColor 0.5019607843137255 0.5019607843137255 0.5019607843137255
            ambientIntensity 1.0
            transparency 0.0
            shininess 0.5
        }
    }
    geometry IndexedFaceSet {
        ccw TRUE
        solid FALSE
        coord DEF co Coordinate {
            point [
                0.0839 0.0294 1.2642, 0.0868 0.0311 1.2642, 0.0831 0.0301 1.2642, 0.0857 0.0322 1.2642, 0.081 0.0315 1.2642, 0.083 0.0341 1.2642, 0.0786 0.0324 1.2642, 0.0797 0.0354 1.2642, 0.0752 0.0327 1.2642, 0.0754 0.0359 1.2642, 0.0711 0.0327 1.2642, 0.0675 0.0359 1.2642, 0.0711 0.0116 1.2642, 0.0675 0.0084 1.2642, 0.0751 0.0116 1.2642, 0.0751 0.0084 1.2642, 0.0786 0.012 1.2642, 0.079 0.0088 1.2642, 0.081 0.0128 1.2642, 0.0823 0.0099 1.2642, 0.0828 0.014 1.2642, 0.085 0.0117 1.2642, 0.0832 0.0144 1.2642, 0.0857 0.0123 1.2642, 0.0846 0.0162 1.2642, 0.0878 0.0147 1.2642, 0.0856 0.0183 1.2642, 0.0891 0.0176 1.2642, 0.0861 0.0208 1.2642, 0.0898 0.0208 1.2642, 0.0861 0.0224 1.2642, 0.0899 0.0225 1.2642, 0.0857 0.0258 1.2642, 0.0895 0.026 1.2642, 0.085 0.0278 1.2642, 0.0885 0.0287 1.2642, 0.0857 0.0123 1.2602, 0.0878 0.0147 1.2602, 0.0891 0.0176 1.2602, 0.0898 0.0208 1.2602, 0.0899 0.0225 1.2602, 0.0895 0.026 1.2602, 0.0885 0.0287 1.2602, 0.0868 0.0311 1.2602, 0.0857 0.0322 1.2602, 0.083 0.0341 1.2602, 0.0797 0.0354 1.2602, 0.0754 0.0359 1.2602, 0.0675 0.0359 1.2602, 0.0675 0.0084 1.2602, 0.0751 0.0084 1.2602, 0.079 0.0088 1.2602, 0.0823 0.0099 1.2602, 0.085 0.0117 1.2602, 0.0831 0.0301 1.2602, 0.0839 0.0294 1.2602, 0.085 0.0278 1.2602, 0.0857 0.0258 1.2602, 0.0861 0.0224 1.2602, 0.0752 0.0327 1.2602, 0.0786 0.0324 1.2602, 0.081 0.0315 1.2602, 0.0711 0.0327 1.2602, 0.0711 0.0116 1.2602, 0.0751 0.0116 1.2602, 0.0832 0.0144 1.2602, 0.0828 0.014 1.2602, 0.081 0.0128 1.2602, 0.0786 0.012 1.2602, 0.0861 0.0208 1.2602, 0.0856 0.0183 1.2602, 0.0846 0.0162 1.2602
            ]
        }
        coordIndex [
            0,1,2,-1,2,1,3,-1,2,3,4,-1,4,3,5,-1,4,5,6,-1,6,5,7,-1,6,7,8,-1,8,7,9,-1,8,9,10,-1,10,9,11,-1,10,11,12,-1,12,11,13,-1,12,13,14,-1,14,13,15,-1,14,15,16,-1,16,15,17,-1,16,17,18,-1,18,17,19,-1,18,19,20,-1,20,19,21,-1,20,21,22,-1,22,21,23,-1,22,23,24,-1,24,23,25,-1,24,25,26,-1,26,25,27,-1,26,27,28,-1,28,27,29,-1,28,29,30,-1,30,29,31,-1,30,31,32,-1,32,31,33,-1,32,33,34,-1,34,33,35,-1,34,35,0,-1,0,35,1,-1,23,36,37,-1,23,37,25,-1,25,37,38,-1,25,38,27,-1,27,38,39,-1,27,39,29,-1,29,39,40,-1,29,40,31,-1,31,40,41,-1,31,41,33,-1,33,41,42,-1,33,42,35,-1,35,42,43,-1,35,43,1,-1,1,43,44,-1,1,44,3,-1,3,44,45,-1,3,45,5,-1,5,45,46,-1,5,46,7,-1,7,46,47,-1,7,47,9,-1,11,9,48,-1,48,9,47,-1,13,11,49,-1,49,11,48,-1,15,13,50,-1,50,13,49,-1,15,50,51,-1,15,51,17,-1,17,51,52,-1,17,52,19,-1,19,52,53,-1,19,53,21,-1,21,53,36,-1,21,36,23,-1,2,54,55,-1,2,55,0,-1,0,55,56,-1,0,56,34,-1,34,56,57,-1,34,57,32,-1,32,57,58,-1,32,58,30,-1,8,59,60,-1,8,60,6,-1,6,60,61,-1,6,61,4,-1,4,61,54,-1,4,54,2,-1,8,10,59,-1,59,10,62,-1,10,12,62,-1,62,12,63,-1,12,14,63,-1,63,14,64,-1,22,65,66,-1,22,66,20,-1,20,66,67,-1,20,67,18,-1,18,67,68,-1,18,68,16,-1,16,68,64,-1,16,64,14,-1,30,58,69,-1,30,69,28,-1,28,69,70,-1,28,70,26,-1,26,70,71,-1,26,71,24,-1,24,71,65,-1,24,65,22,-1,
        ]
    }
}
Shape{
    appearance Appearance {
        material  Material 	{
            diffuseColor 0.34901960784313724 0.34901960784313724 0.34901960784313724
            specularColor 0.023529411764705882 0.023529411764705882 0.023529411764705882
            ambientIntensity 0.498
            transparency 0.0
            shininess 0.5
        }
    }
    geometry IndexedFaceSet {
        ccw TRUE
        solid FALSE
        coord DEF co Coordinate {
            point [
                0.0711 0.0327 1.2602, 0.0711 0.0116 1.2602, 0.0752 0.0327 1.2602, 0.0751 0.0116 1.2602, 0.0828 0.014 1.2602, 0.0832 0.0144 1.2602, 0.0786 0.012 1.2602, 0.081 0.0128 1.2602, 0.0846 0.0162 1.2602, 0.0856 0.0183 1.2602, 0.0861 0.0208 1.2602, 0.0861 0.0224 1.2602, 0.0857 0.0258 1.2602, 0.085 0.0278 1.2602, 0.0839 0.0294 1.2602, 0.0831 0.0301 1.2602, 0.0786 0.0324 1.2602, 0.081 0.0315 1.2602
            ]
        }
        coordIndex [
            0,1,2,-1,2,1,3,-1,2,4,5,-1,3,6,2,-1,2,6,7,-1,2,7,4,-1,5,8,2,-1,2,8,9,-1,2,9,10,-1,10,11,2,-1,2,11,12,-1,2,12,13,-1,13,14,2,-1,2,14,15,-1,2,15,16,-1,16,15,17,-1,
        ]
    }
}
Shape{
    appearance Appearance {
        material  Material 	{
            diffuseColor 1.0 1.0 1.0
            specularColor 0.5019607843137255 0.5019607843137255 0.5019607843137255
            ambientIntensity 1.0
            transparency 0.0
            shininess 0.5
        }
    }
    geometry IndexedFaceSet {
        ccw TRUE
        solid FALSE
        coord DEF co Coordinate {
            point [
                0.035 0.0111 1.2642, 0.035 0.0111 1.2602, 0.0324 0.0114 1.2602, 0.0324 0.0114 1.2642, 0.0304 0.0121 1.2602, 0.0304 0.0121 1.2642, 0.0286 0.0134 1.2602, 0.0286 0.0134 1.2642, 0.0279 0.014 1.2602, 0.0279 0.014 1.2642, 0.0265 0.016 1.2602, 0.0265 0.016 1.2642, 0.0257 0.0182 1.2602, 0.0257 0.0182 1.2642, 0.0252 0.0216 1.2602, 0.0252 0.0216 1.2642, 0.0252 0.0218 1.2602, 0.0252 0.0218 1.2642, 0.0256 0.0254 1.2602, 0.0256 0.0254 1.2642, 0.0265 0.0278 1.2602, 0.0265 0.0278 1.2642, 0.0278 0.0298 1.2602, 0.0278 0.0298 1.2642, 0.0281 0.0301 1.2602, 0.0281 0.0301 1.2642, 0.0299 0.0316 1.2602, 0.0299 0.0316 1.2642, 0.032 0.0326 1.2602, 0.032 0.0326 1.2642, 0.0344 0.0331 1.2602, 0.0344 0.0331 1.2642, 0.0356 0.0331 1.2602, 0.0356 0.0331 1.2642, 0.0421 0.0315 1.2602, 0.0421 0.0315 1.2642, 0.0418 0.0317 1.2642, 0.039 0.0327 1.2602, 0.039 0.0327 1.2642, 0.0409 0.032 1.2602, 0.0418 0.0317 1.2602, 0.0421 0.0352 1.2642, 0.0421 0.0352 1.2602, 0.0356 0.0363 1.2602, 0.0356 0.0363 1.2642, 0.0358 0.0363 1.2642, 0.0409 0.0356 1.2602, 0.0394 0.036 1.2642, 0.0394 0.036 1.2602, 0.0384 0.0361 1.2602, 0.0358 0.0363 1.2602, 0.0335 0.0361 1.2602, 0.0319 0.0359 1.2642, 0.0319 0.0359 1.2602, 0.029 0.0349 1.2602, 0.029 0.0349 1.2642, 0.0263 0.0331 1.2602, 0.0263 0.0331 1.2642, 0.0255 0.0323 1.2602, 0.0255 0.0323 1.2642, 0.0235 0.0297 1.2602, 0.0235 0.0297 1.2642, 0.0227 0.028 1.2602, 0.0222 0.0267 1.2642, 0.0222 0.0267 1.2602, 0.0216 0.0231 1.2602, 0.0216 0.0231 1.2642, 0.0215 0.0216 1.2602, 0.0215 0.0216 1.2642, 0.0219 0.0177 1.2602, 0.0219 0.0177 1.2642, 0.0227 0.0153 1.2602, 0.023 0.0147 1.2642, 0.023 0.0147 1.2602, 0.0245 0.0123 1.2602, 0.0245 0.0123 1.2642, 0.025 0.0117 1.2602, 0.025 0.0117 1.2642, 0.0345 0.008 1.2602, 0.0345 0.008 1.2642, 0.0326 0.0081 1.2642, 0.0271 0.01 1.2602, 0.0271 0.01 1.2642, 0.0297 0.0087 1.2602, 0.0297 0.0087 1.2642, 0.032 0.0082 1.2602, 0.0326 0.0081 1.2602, 0.0421 0.0096 1.2602, 0.0421 0.0096 1.2642, 0.0416 0.0093 1.2642, 0.0369 0.0082 1.2602, 0.0387 0.0084 1.2642, 0.0387 0.0084 1.2602, 0.0409 0.0091 1.2602, 0.0416 0.0093 1.2602, 0.0421 0.013 1.2642, 0.0421 0.013 1.2602, 0.0409 0.0124 1.2602, 0.0393 0.0117 1.2642, 0.0393 0.0117 1.2602, 0.0362 0.0112 1.2602, 0.0362 0.0112 1.2642, 0.1335 -0.0245 1.2642, 0.1323 -0.0276 1.2642, 0.1427 -0.0245 1.2642, 0.1438 -0.0276 1.2642, 0.1376 -0.0131 1.2642, 0.1362 -0.0077 1.2642, 0.1258 -0.0351 1.2642, 0.1297 -0.0351 1.2642, 0.1378 -0.0123 1.2642, 0.138 -0.0112 1.2642, 0.14 -0.0077 1.2642, 0.1381 -0.0112 1.2642, 0.1383 -0.0123 1.2642, 0.1385 -0.0131 1.2642, 0.1505 -0.0351 1.2642, 0.1466 -0.0351 1.2642, 0.1362 -0.0077 1.2602, 0.14 -0.0077 1.2602, 0.1258 -0.0351 1.2602, 0.1297 -0.0351 1.2602, 0.1323 -0.0276 1.2602, 0.1438 -0.0276 1.2602, 0.1466 -0.0351 1.2602, 0.1505 -0.0351 1.2602, 0.1376 -0.0131 1.2602, 0.1378 -0.0123 1.2602, 0.138 -0.0112 1.2602, 0.1335 -0.0245 1.2602, 0.1427 -0.0245 1.2602, 0.1385 -0.0131 1.2602, 0.1381 -0.0112 1.2602, 0.1383 -0.0123 1.2602
            ]
        }
        coordIndex [
            0,1,2,-1,0,2,3,-1,3,2,4,-1,3,4,5,-1,5,4,6,-1,5,6,7,-1,7,6,8,-1,7,8,9,-1,9,8,10,-1,9,10,11,-1,11,10,12,-1,11,12,13,-1,13,12,14,-1,13,14,15,-1,15,14,16,-1,15,16,17,-1,17,16,18,-1,17,18,19,-1,19,18,20,-1,19,20,21,-1,21,20,22,-1,21,22,23,-1,23,22,24,-1,23,24,25,-1,25,24,26,-1,25,26,27,-1,27,26,28,-1,27,28,29,-1,29,28,30,-1,29,30,31,-1,31,30,32,-1,31,32,33,-1,34,35,36,-1,33,32,37,-1,33,37,38,-1,38,37,39,-1,38,39,36,-1,36,39,40,-1,36,40,34,-1,41,35,42,-1,42,35,34,-1,43,44,45,-1,41,42,46,-1,41,46,47,-1,46,48,47,-1,47,48,49,-1,47,49,45,-1,45,49,50,-1,45,50,43,-1,43,51,44,-1,44,51,52,-1,51,53,52,-1,52,53,54,-1,52,54,55,-1,55,54,56,-1,55,56,57,-1,57,56,58,-1,57,58,59,-1,59,58,60,-1,59,60,61,-1,61,60,62,-1,61,62,63,-1,62,64,63,-1,63,64,65,-1,63,65,66,-1,66,65,67,-1,66,67,68,-1,68,67,69,-1,68,69,70,-1,70,69,71,-1,70,71,72,-1,71,73,72,-1,72,73,74,-1,72,74,75,-1,75,74,76,-1,75,76,77,-1,78,79,80,-1,77,76,81,-1,77,81,82,-1,82,81,83,-1,82,83,84,-1,84,83,85,-1,84,85,80,-1,80,85,86,-1,80,86,78,-1,87,88,89,-1,78,90,79,-1,79,90,91,-1,90,92,91,-1,91,92,93,-1,91,93,89,-1,89,93,94,-1,89,94,87,-1,95,88,96,-1,96,88,87,-1,95,96,97,-1,95,97,98,-1,97,99,98,-1,98,99,100,-1,98,100,101,-1,101,100,1,-1,101,1,0,-1,36,35,41,-1,11,13,70,-1,88,95,89,-1,89,95,98,-1,70,13,68,-1,36,41,38,-1,38,41,47,-1,38,47,33,-1,33,47,45,-1,33,45,31,-1,31,45,44,-1,31,44,29,-1,29,44,52,-1,29,52,27,-1,70,72,11,-1,11,72,75,-1,11,75,9,-1,9,75,77,-1,9,77,7,-1,7,77,82,-1,7,82,5,-1,5,82,84,-1,5,84,3,-1,3,84,80,-1,3,80,0,-1,0,80,79,-1,0,79,101,-1,13,15,68,-1,68,15,17,-1,68,17,66,-1,66,17,19,-1,66,19,63,-1,59,25,57,-1,57,25,27,-1,57,27,55,-1,55,27,52,-1,63,19,61,-1,61,19,21,-1,61,21,59,-1,59,21,23,-1,59,23,25,-1,101,79,98,-1,98,79,91,-1,98,91,89,-1,102,103,104,-1,104,103,105,-1,106,107,102,-1,102,107,108,-1,102,108,103,-1,103,108,109,-1,106,110,107,-1,107,110,111,-1,107,111,112,-1,112,111,113,-1,112,113,114,-1,114,115,112,-1,112,115,104,-1,112,104,116,-1,116,104,105,-1,116,105,117,-1,107,112,118,-1,118,112,119,-1,108,107,120,-1,120,107,118,-1,109,108,121,-1,121,108,120,-1,103,109,122,-1,122,109,121,-1,105,103,123,-1,123,103,122,-1,117,105,124,-1,124,105,123,-1,116,117,125,-1,125,117,124,-1,112,116,119,-1,119,116,125,-1,106,126,127,-1,106,127,110,-1,110,127,128,-1,110,128,111,-1,106,102,126,-1,126,102,129,-1,102,104,129,-1,129,104,130,-1,104,115,130,-1,130,115,131,-1,113,132,133,-1,113,133,114,-1,114,133,131,-1,114,131,115,-1,113,111,132,-1,132,111,128,-1,
        ]
    }
}
Shape{
    appearance Appearance {
        material  Material 	{
            diffuseColor 0.34901960784313724 0.34901960784313724 0.34901960784313724
            specularColor 0.023529411764705882 0.023529411764705882 0.023529411764705882
            ambientIntensity 0.498
            transparency 0.0
            shininess 0.5
        }
    }
    geometry IndexedFaceSet {
        ccw TRUE
        solid FALSE
        coord DEF co Coordinate {
            point [
                0.1381 -0.0112 1.2602, 0.138 -0.0112 1.2602, 0.1383 -0.0123 1.2602, 0.1378 -0.0123 1.2602, 0.1385 -0.0131 1.2602, 0.1376 -0.0131 1.2602, 0.1427 -0.0245 1.2602, 0.1335 -0.0245 1.2602
            ]
        }
        coordIndex [
            0,1,2,-1,2,1,3,-1,2,3,4,-1,4,3,5,-1,4,5,6,-1,6,5,7,-1,
        ]
    }
}
Shape{
    appearance Appearance {
        material  Material 	{
            diffuseColor 1.0 1.0 1.0
            specularColor 0.5019607843137255 0.5019607843137255 0.5019607843137255
            ambientIntensity 1.0
            transparency 0.0
            shininess 0.5
        }
    }
    geometry IndexedFaceSet {
        ccw TRUE
        solid FALSE
        coord DEF co Coordinate {
            point [
                0.0967 -0.032 1.2642, 0.0967 -0.032 1.2602, 0.0855 -0.032 1.2642, 0.0906 -0.032 1.2602, 0.0855 -0.032 1.2602, 0.0855 -0.0228 1.2642, 0.0855 -0.0228 1.2602, 0.0953 -0.0228 1.2642, 0.0906 -0.0228 1.2602, 0.0953 -0.0228 1.2602, 0.0953 -0.0196 1.2642, 0.0953 -0.0196 1.2602, 0.0855 -0.0196 1.2602, 0.0855 -0.0196 1.2642, 0.0906 -0.0196 1.2602, 0.0855 -0.0108 1.2642, 0.0855 -0.0108 1.2602, 0.0961 -0.0108 1.2602, 0.0961 -0.0108 1.2642, 0.0906 -0.0108 1.2602, 0.0961 -0.0077 1.2642, 0.0961 -0.0077 1.2602, 0.082 -0.0077 1.2602, 0.082 -0.0077 1.2642, 0.0906 -0.0077 1.2602, 0.082 -0.0351 1.2642, 0.082 -0.0351 1.2602, 0.0967 -0.0351 1.2642, 0.0906 -0.0351 1.2602, 0.0967 -0.0351 1.2602, 0.0095 -0.032 1.2642, 0.0207 -0.032 1.2642, 0.0095 -0.032 1.2602, 0.0207 -0.032 1.2602, 0.0095 -0.0228 1.2642, 0.0095 -0.0228 1.2602, 0.0193 -0.0228 1.2642, 0.0193 -0.0228 1.2602, 0.0193 -0.0196 1.2642, 0.0193 -0.0196 1.2602, 0.0095 -0.0196 1.2642, 0.0095 -0.0196 1.2602, 0.0095 -0.0108 1.2642, 0.0095 -0.0108 1.2602, 0.0201 -0.0108 1.2642, 0.0201 -0.0108 1.2602, 0.0201 -0.0077 1.2642, 0.0201 -0.0077 1.2602, 0.0059 -0.0077 1.2642, 0.0059 -0.0077 1.2602, 0.0059 -0.0351 1.2642, 0.0059 -0.0351 1.2602, 0.0207 -0.0351 1.2642, 0.0207 -0.0351 1.2602, 0.0991 0.019 1.2642, 0.098 0.0159 1.2642, 0.1083 0.019 1.2642, 0.1094 0.0159 1.2642, 0.1032 0.0304 1.2642, 0.1019 0.0359 1.2642, 0.0914 0.0084 1.2642, 0.0953 0.0084 1.2642, 0.1034 0.0313 1.2642, 0.1036 0.0324 1.2642, 0.1056 0.0359 1.2642, 0.1037 0.0324 1.2642, 0.1039 0.0312 1.2642, 0.1041 0.0304 1.2642, 0.1161 0.0084 1.2642, 0.1122 0.0084 1.2642, 0.1019 0.0359 1.2602, 0.1056 0.0359 1.2602, 0.0914 0.0084 1.2602, 0.0993 0.0292 1.2602, 0.0953 0.0084 1.2602, 0.098 0.0159 1.2602, 0.1094 0.0159 1.2602, 0.0993 0.0159 1.2602, 0.1122 0.0084 1.2602, 0.1161 0.0084 1.2602, 0.1032 0.0304 1.2602, 0.1034 0.0313 1.2602, 0.1036 0.0324 1.2602, 0.0991 0.019 1.2602, 0.1083 0.019 1.2602, 0.1041 0.0304 1.2602, 0.1037 0.0324 1.2602, 0.1039 0.0312 1.2602
            ]
        }
        coordIndex [
            0,1,2,-1,2,1,3,-1,2,3,4,-1,5,2,6,-1,6,2,4,-1,5,6,7,-1,7,6,8,-1,7,8,9,-1,10,7,11,-1,11,7,9,-1,12,13,14,-1,14,13,10,-1,14,10,11,-1,15,13,16,-1,16,13,12,-1,17,18,19,-1,19,18,15,-1,19,15,16,-1,20,18,21,-1,21,18,17,-1,22,23,24,-1,24,23,20,-1,24,20,21,-1,25,23,26,-1,26,23,22,-1,25,26,27,-1,27,26,28,-1,27,28,29,-1,0,27,1,-1,1,27,29,-1,25,27,0,-1,0,2,25,-1,25,2,5,-1,25,5,23,-1,18,20,15,-1,15,20,23,-1,15,23,13,-1,13,23,5,-1,13,5,10,-1,10,5,7,-1,30,31,32,-1,32,31,33,-1,34,30,35,-1,35,30,32,-1,36,34,37,-1,37,34,35,-1,38,36,39,-1,39,36,37,-1,40,38,41,-1,41,38,39,-1,42,40,43,-1,43,40,41,-1,44,42,45,-1,45,42,43,-1,46,44,47,-1,47,44,45,-1,48,46,49,-1,49,46,47,-1,50,48,51,-1,51,48,49,-1,52,50,53,-1,53,50,51,-1,31,52,33,-1,33,52,53,-1,50,52,31,-1,31,30,50,-1,50,30,34,-1,50,34,48,-1,44,46,42,-1,42,46,48,-1,42,48,40,-1,40,48,34,-1,40,34,38,-1,38,34,36,-1,54,55,56,-1,56,55,57,-1,58,59,54,-1,54,59,60,-1,54,60,55,-1,55,60,61,-1,58,62,59,-1,59,62,63,-1,59,63,64,-1,64,63,65,-1,64,65,66,-1,66,67,64,-1,64,67,56,-1,64,56,68,-1,68,56,57,-1,68,57,69,-1,59,64,70,-1,70,64,71,-1,72,60,73,-1,73,60,59,-1,73,59,70,-1,61,60,74,-1,74,60,72,-1,55,61,75,-1,75,61,74,-1,76,57,77,-1,77,57,55,-1,77,55,75,-1,69,57,78,-1,78,57,76,-1,68,69,79,-1,79,69,78,-1,64,68,71,-1,71,68,79,-1,58,80,81,-1,58,81,62,-1,62,81,82,-1,62,82,63,-1,58,54,80,-1,80,54,83,-1,54,56,83,-1,83,56,84,-1,56,67,84,-1,84,67,85,-1,65,86,87,-1,65,87,66,-1,66,87,85,-1,66,85,67,-1,65,63,86,-1,86,63,82,-1,
        ]
    }
}
Shape{
    appearance Appearance {
        material  Material 	{
            diffuseColor 0.34901960784313724 0.34901960784313724 0.34901960784313724
            specularColor 0.023529411764705882 0.023529411764705882 0.023529411764705882
            ambientIntensity 0.498
            transparency 0.0
            shininess 0.5
        }
    }
    geometry IndexedFaceSet {
        ccw TRUE
        solid FALSE
        coord DEF co Coordinate {
            point [
                0.1037 0.0324 1.2602, 0.1036 0.0324 1.2602, 0.1039 0.0312 1.2602, 0.1034 0.0313 1.2602, 0.1041 0.0304 1.2602, 0.1032 0.0304 1.2602, 0.1083 0.019 1.2602, 0.0991 0.019 1.2602
            ]
        }
        coordIndex [
            0,1,2,-1,2,1,3,-1,2,3,4,-1,4,3,5,-1,4,5,6,-1,6,5,7,-1,
        ]
    }
}
Shape{
    appearance Appearance {
        material  Material 	{
            diffuseColor 1.0 1.0 1.0
            specularColor 0.5019607843137255 0.5019607843137255 0.5019607843137255
            ambientIntensity 1.0
            transparency 0.0
            shininess 0.5
        }
    }
    geometry IndexedFaceSet {
        ccw TRUE
        solid FALSE
        coord DEF co Coordinate {
            point [
                0.0511 0.0116 1.2602, 0.0511 0.0116 1.2642, 0.0585 0.0116 1.2602, 0.0623 0.0116 1.2642, 0.0623 0.0116 1.2602, 0.0511 0.0208 1.2642, 0.0511 0.0208 1.2602, 0.0609 0.0208 1.2642, 0.0585 0.0208 1.2602, 0.0609 0.0208 1.2602, 0.0609 0.0239 1.2642, 0.0609 0.0239 1.2602, 0.0511 0.0239 1.2602, 0.0511 0.0239 1.2642, 0.0585 0.0239 1.2602, 0.0511 0.0327 1.2642, 0.0511 0.0327 1.2602, 0.0617 0.0327 1.2642, 0.0585 0.0327 1.2602, 0.0617 0.0327 1.2602, 0.0617 0.0359 1.2642, 0.0617 0.0359 1.2602, 0.0476 0.0359 1.2602, 0.0476 0.0359 1.2642, 0.0585 0.0359 1.2602, 0.0476 0.0084 1.2642, 0.0476 0.0084 1.2602, 0.0623 0.0084 1.2642, 0.0585 0.0084 1.2602, 0.0623 0.0084 1.2602, 0.0095 0.0116 1.2642, 0.0204 0.0116 1.2642, 0.0095 0.0116 1.2602, 0.0204 0.0116 1.2602, 0.0095 0.0359 1.2642, 0.0095 0.0359 1.2602, 0.0059 0.0359 1.2642, 0.0059 0.0359 1.2602, 0.0059 0.0084 1.2642, 0.0059 0.0084 1.2602, 0.0204 0.0084 1.2642, 0.0204 0.0084 1.2602
            ]
        }
        coordIndex [
            0,1,2,-1,2,1,3,-1,2,3,4,-1,5,1,6,-1,6,1,0,-1,5,6,7,-1,7,6,8,-1,7,8,9,-1,10,7,11,-1,11,7,9,-1,12,13,14,-1,14,13,10,-1,14,10,11,-1,15,13,16,-1,16,13,12,-1,15,16,17,-1,17,16,18,-1,17,18,19,-1,20,17,21,-1,21,17,19,-1,22,23,24,-1,24,23,20,-1,24,20,21,-1,25,23,26,-1,26,23,22,-1,25,26,27,-1,27,26,28,-1,27,28,29,-1,3,27,4,-1,4,27,29,-1,25,27,3,-1,3,1,25,-1,25,1,5,-1,25,5,23,-1,17,20,15,-1,15,20,23,-1,15,23,13,-1,13,23,5,-1,13,5,10,-1,10,5,7,-1,30,31,32,-1,32,31,33,-1,34,30,35,-1,35,30,32,-1,36,34,37,-1,37,34,35,-1,38,36,39,-1,39,36,37,-1,40,38,41,-1,41,38,39,-1,31,40,33,-1,33,40,41,-1,34,36,30,-1,30,36,38,-1,30,38,31,-1,31,38,40,-1,
        ]
    }
}