#VRML V2.0 utf8
# 3D model generated by easyeda2kicad.py (https://github.com/uPesy/easyeda2kicad.py)

Shape{
    appearance Appearance {
        material  Material 	{
            diffuseColor 1.0 0.9725490196078431 0.7803921568627451
            specularColor 0.5019607843137255 0.48627450980392156 0.38823529411764707
            ambientIntensity 0.9589
            transparency 0.0
            shininess 0.5
        }
    }
    geometry IndexedFaceSet {
        ccw TRUE
        solid FALSE
        coord DEF co Coordinate {
            point [
                -0.0658 0.7874 0.1273, -0.0614 0.7874 0.1269, -0.0687 0.7874 0.1269, -0.0567 0.7874 0.1635, -0.0574 0.7874 0.1635, -0.0448 0.7874 0.1635, -0.0687 0.7874 0.1631, -0.0687 0.7874 0.1635, -0.0671 0.7874 0.1635, -0.0277 0.7874 0.1637, -0.0277 0.7874 0.1635, -0.0426 0.7874 0.1635, -0.1539 0.7874 0.1628, -0.1673 0.7874 0.1269, -0.1788 0.7874 0.1269, 0.011 0.7874 0.1227, 0.0087 0.7874 0.1166, -0.0078 0.7874 0.1166, 0.1106 0.7874 0.1055, 0.0792 0.7874 0.1055, 0.0779 0.7874 0.1062, 0.1035 0.7874 0.1689, 0.1029 0.7874 0.1691, 0.5906 0.7874 0.1691, 0.0457 0.7874 0.1606, 0.0367 0.7874 0.1498, -0.0078 0.7874 0.1635, 0.032 0.7874 0.1402, 0.0307 0.7874 0.1398, 0.0679 0.7874 0.1725, 0.0596 0.7874 0.1691, -0.0078 0.7874 0.1691, 0.0553 0.7874 0.1674, 0.0499 0.7874 0.1635, 0.5906 0.7874 0.2402, 0.0916 0.7874 0.173, -0.0078 0.7874 0.2402, 0.0804 0.7874 0.1741, 0.5906 0.7874 0.1635, 0.1122 0.7874 0.1635, 0.1112 0.7874 0.1644, 0.1384 0.7874 0.1526, 0.1285 0.7874 0.1537, 0.1173 0.7874 0.1593, 0.1255 0.7874 0.1535, 0.1226 0.7874 0.1532, 0.158 0.7874 0.1416, 0.1562 0.7874 0.1434, 0.148 0.7874 0.149, 0.5906 0.7874 0.1269, 0.5906 0.7874 0.1166, 0.1699 0.7874 0.1166, 0.1684 0.7874 0.1247, 0.1673 0.7874 0.1269, 0.1642 0.7874 0.1339, 0.5906 0.7874 0.1055, 0.1695 0.7874 0.1062, 0.5906 0.7874 0.1062, 0.1703 0.7874 0.1125, 0.1702 0.7874 0.1151, 0.0581 0.7874 0.0859, 0.0564 0.7874 0.0866, 0.0533 0.7874 0.1012, 0.152 0.7874 0.0778, 0.1597 0.7874 0.0845, 0.5906 0.7874 0.0039, 0.0597 0.7874 0.0848, 0.0544 0.7874 0.0868, 0.0542 0.7874 0.0868, 0.0534 0.7874 0.0867, 0.1656 0.7874 0.093, 0.1691 0.7874 0.1026, 0.1695 0.7874 0.1055, -0.0078 0.7874 0.1062, 0.007 0.7874 0.1055, -0.0078 0.7874 0.1055, 0.0081 0.7874 0.0974, -0.0078 0.7874 0.0039, 0.0114 0.7874 0.0893, 0.0165 0.7874 0.0822, 0.128 0.7874 0.058, 0.133 0.7874 0.0618, 0.1368 0.7874 0.0666, 0.091 0.7874 0.071, 0.0941 0.7874 0.0653, 0.028 0.7874 0.0928, 0.0252 0.7874 0.0968, 0.0234 0.7874 0.1014, 0.0558 0.7874 0.1055, 0.0235 0.7874 0.0764, 0.0314 0.7874 0.0726, 0.0399 0.7874 0.0709, 0.0624 0.7874 0.079, 0.0623 0.7874 0.08, 0.0893 0.7874 0.0825, 0.0618 0.7874 0.0819, 0.0608 0.7874 0.0837, 0.098 0.7874 0.0609, 0.1032 0.7874 0.0574, 0.1089 0.7874 0.0552, 0.1393 0.7874 0.0721, 0.1428 0.7874 0.0732, 0.055 0.7874 0.071, 0.0565 0.7874 0.0712, 0.0582 0.7874 0.0719, 0.0598 0.7874 0.0731, 0.0604 0.7874 0.0737, 0.0615 0.7874 0.0753, 0.0622 0.7874 0.0771, 0.0894 0.7874 0.0773, 0.0893 0.7874 0.0799, 0.1151 0.7874 0.0545, 0.1161 0.7874 0.0545, 0.1221 0.7874 0.0555, 0.0529 0.7874 0.0866, 0.0413 0.7874 0.0865, 0.0367 0.7874 0.0873, 0.0322 0.7874 0.0894, 0.0284 0.7874 0.0925, 0.0229 0.7874 0.1055, 0.0228 0.7874 0.1062, 0.0562 0.7874 0.1062, 0.0228 0.7874 0.1064, 0.1531 0.7874 0.1062, 0.1539 0.7874 0.109, 0.0611 0.7874 0.1148, 0.1541 0.7874 0.1129, 0.1536 0.7874 0.1166, 0.0229 0.7874 0.1086, 0.024 0.7874 0.1135, 0.0257 0.7874 0.1166, 0.1054 0.7874 0.1042, 0.1 0.7874 0.1012, 0.0956 0.7874 0.0971, 0.1265 0.7874 0.1031, 0.1208 0.7874 0.1053, 0.1529 0.7874 0.1055, 0.1187 0.7874 0.1055, 0.1147 0.7874 0.106, 0.1116 0.7874 0.1058, 0.1521 0.7874 0.1027, 0.1361 0.7874 0.0947, 0.1318 0.7874 0.0995, 0.149 0.7874 0.0975, 0.1445 0.7874 0.0927, 0.1389 0.7874 0.0892, 0.0446 0.7874 0.1265, 0.1511 0.7874 0.1248, 0.1533 0.7874 0.1191, 0.0426 0.7874 0.1265, 0.0264 0.7874 0.118, 0.0293 0.7874 0.1213, 0.0333 0.7874 0.1241, 0.0377 0.7874 0.1258, 0.05 0.7874 0.1419, 0.0558 0.7874 0.1488, 0.1148 0.7874 0.1344, 0.0564 0.7874 0.1495, 0.0636 0.7874 0.1545, 0.1108 0.7874 0.1425, 0.1496 0.7874 0.1269, 0.1166 0.7874 0.1354, 0.0447 0.7874 0.1269, 0.0462 0.7874 0.1336, 0.1223 0.7874 0.1376, 0.1283 0.7874 0.1384, 0.131 0.7874 0.1382, 0.105 0.7874 0.1493, 0.0716 0.7874 0.1576, 0.0981 0.7874 0.1543, 0.0803 0.7874 0.1588, 0.0897 0.7874 0.1576, 0.1373 0.7874 0.1368, 0.143 0.7874 0.1338, 0.1475 0.7874 0.1299, 0.008 0.7874 0.1149, 0.0069 0.7874 0.1065, 0.0069 0.7874 0.1062, 0.0231 0.7874 0.136, 0.0162 0.7874 0.13, -0.0078 0.7874 0.1269, 0.014 0.7874 0.1269, -0.1687 0.7874 0.1033, -0.1788 0.7874 0.1055, -0.1644 0.7874 0.105, -0.1596 0.7874 0.1055, -0.1768 0.7874 0.0814, -0.175 0.7874 0.0777, -0.1788 0.7874 0.0039, -0.1723 0.7874 0.0745, -0.1685 0.7874 0.0719, -0.1725 0.7874 0.1007, -0.1737 0.7874 0.0995, -0.1759 0.7874 0.0963, -0.1773 0.7874 0.0929, -0.1778 0.7874 0.0879, -0.1777 0.7874 0.0856, -0.1644 0.7874 0.0703, -0.1583 0.7874 0.0696, -0.145 0.7874 0.0039, -0.1484 0.7874 0.0697, -0.145 0.7874 0.1055, -0.1486 0.7874 0.1055, -0.145 0.7874 0.1062, -0.1486 0.7874 0.1057, -0.1589 0.7874 0.1056, -0.1788 0.7874 0.1062, -0.141 0.7874 0.1055, -0.141 0.7874 0.1016, -0.1398 0.7874 0.0859, -0.1399 0.7874 0.0901, -0.134 0.7874 0.0901, -0.134 0.7874 0.0039, -0.1416 0.7874 0.0697, -0.1416 0.7874 0.0738, -0.134 0.7874 0.0739, -0.134 0.7874 0.086, -0.1269 0.7874 0.086, -0.1269 0.7874 0.0739, -0.134 0.7874 0.1016, -0.127 0.7874 0.1017, -0.127 0.7874 0.0902, -0.141 0.7874 0.1057, -0.134 0.7874 0.1062, -0.1003 0.7874 0.1062, -0.1224 0.7874 0.1059, -0.134 0.7874 0.1058, -0.1003 0.7874 0.0886, -0.1044 0.7874 0.0764, -0.1056 0.7874 0.0763, -0.105 0.7874 0.0742, -0.1051 0.7874 0.0742, -0.1053 0.7874 0.0751, -0.1003 0.7874 0.1055, -0.1128 0.7874 0.0956, -0.1224 0.7874 0.1055, -0.1175 0.7874 0.0956, -0.1222 0.7874 0.0698, -0.1056 0.7874 0.0661, -0.1035 0.7874 0.0621, -0.1019 0.7874 0.0601, -0.1016 0.7874 0.0599, -0.1003 0.7874 0.059, -0.0729 0.7874 0.0711, -0.0729 0.7874 0.0757, -0.0687 0.7874 0.1055, -0.0748 0.7874 0.0746, -0.0752 0.7874 0.0744, -0.0752 0.7874 0.084, -0.0743 0.7874 0.0849, -0.0737 0.7874 0.0858, -0.0732 0.7874 0.0872, -0.073 0.7874 0.089, -0.0732 0.7874 0.0906, -0.075 0.7874 0.0841, -0.0888 0.7874 0.0813, -0.0897 0.7874 0.0801, -0.0892 0.7874 0.0909, -0.076 0.7874 0.0944, -0.0771 0.7874 0.0951, -0.0752 0.7874 0.1055, -0.0738 0.7874 0.092, -0.0746 0.7874 0.0932, -0.0752 0.7874 0.0937, -0.0795 0.7874 0.096, -0.0831 0.7874 0.0964, -0.0916 0.7874 0.1055, -0.0863 0.7874 0.0961, -0.0892 0.7874 0.0953, -0.0903 0.7874 0.0771, -0.0901 0.7874 0.0753, -0.0916 0.7874 0.0039, -0.0895 0.7874 0.0738, -0.0887 0.7874 0.0726, -0.0839 0.7874 0.07, -0.0752 0.7874 0.0039, -0.0799 0.7874 0.0695, -0.0755 0.7874 0.0701, -0.0752 0.7874 0.0702, -0.0687 0.7874 0.0039, -0.0874 0.7874 0.0715, -0.0863 0.7874 0.0709, -0.0826 0.7874 0.0928, -0.0813 0.7874 0.0927, -0.0777 0.7874 0.0893, -0.0801 0.7874 0.0924, -0.0791 0.7874 0.0918, -0.0777 0.7874 0.0887, -0.0779 0.7874 0.088, -0.0782 0.7874 0.0874, -0.0787 0.7874 0.0869, -0.0802 0.7874 0.0859, -0.0854 0.7874 0.0925, -0.083 0.7874 0.0847, -0.088 0.7874 0.0915, -0.0848 0.7874 0.084, -0.0878 0.7874 0.0823, -0.0784 0.7874 0.0912, -0.078 0.7874 0.0907, -0.0778 0.7874 0.0901, -0.0776 0.7874 0.0735, -0.0798 0.7874 0.0814, -0.0771 0.7874 0.0827, -0.0803 0.7874 0.0732, -0.0805 0.7874 0.0732, -0.0828 0.7874 0.0802, -0.0828 0.7874 0.0735, -0.0857 0.7874 0.0767, -0.0856 0.7874 0.0772, -0.084 0.7874 0.0739, -0.0844 0.7874 0.0741, -0.0849 0.7874 0.0746, -0.0853 0.7874 0.0752, -0.0856 0.7874 0.0758, -0.0854 0.7874 0.0779, -0.0851 0.7874 0.0785, -0.0845 0.7874 0.0791, -0.1788 0.7874 0.1635, -0.145 0.7874 0.1635, -0.149 0.7874 0.1628, -0.134 0.7874 0.1269, -0.135 0.7874 0.1269, -0.145 0.7874 0.1526, -0.135 0.7874 0.1269, -0.134 0.7874 0.1166, -0.1401 0.7874 0.1269, -0.145 0.7874 0.1166, -0.1401 0.7874 0.1269, -0.145 0.7874 0.1269, -0.145 0.7874 0.1367, -0.1436 0.7874 0.1367, -0.1587 0.7874 0.1366, -0.1622 0.7874 0.1269, -0.1623 0.7874 0.1267, -0.1674 0.7874 0.1267, -0.1788 0.7874 0.1166, -0.0951 0.7874 0.1434, -0.1003 0.7874 0.1269, -0.0951 0.7874 0.1475, -0.1003 0.7874 0.1635, -0.0916 0.7874 0.1476, -0.0962 0.7874 0.1591, -0.0963 0.7874 0.1632, -0.0916 0.7874 0.1635, -0.0916 0.7874 0.1632, -0.0916 0.7874 0.1434, -0.0822 0.7874 0.1435, -0.0916 0.7874 0.1313, -0.0821 0.7874 0.1314, -0.0916 0.7874 0.1591, -0.0823 0.7874 0.1592, -0.0823 0.7874 0.1476, -0.0775 0.7874 0.1273, -0.0752 0.7874 0.1269, -0.0916 0.7874 0.1269, -0.0969 0.7874 0.1313, -0.0968 0.7874 0.1272, -0.0916 0.7874 0.1272, -0.0777 0.7874 0.1633, -0.0752 0.7874 0.1635, -0.0275 0.7874 0.1318, -0.0418 0.7874 0.1317, -0.0426 0.7874 0.1269, -0.0418 0.7874 0.1276, -0.0228 0.7874 0.1277, -0.0426 0.7874 0.1691, -0.023 0.7874 0.1637, -0.023 0.7874 0.1635, -0.0705 0.7874 0.1625, -0.0705 0.7874 0.1577, -0.0664 0.7874 0.1593, -0.062 0.7874 0.1599, -0.0687 0.7874 0.1326, -0.0703 0.7874 0.1333, -0.0701 0.7874 0.1579, -0.0687 0.7874 0.1584, -0.0602 0.7874 0.1598, -0.0571 0.7874 0.1591, -0.0543 0.7874 0.1577, -0.0521 0.7874 0.1559, -0.0519 0.7874 0.1557, -0.0501 0.7874 0.1532, -0.0489 0.7874 0.1501, -0.0483 0.7874 0.1451, -0.0483 0.7874 0.1434, -0.0489 0.7874 0.1399, -0.0626 0.7874 0.131, -0.0667 0.7874 0.1318, -0.0548 0.7874 0.1324, -0.0574 0.7874 0.1314, -0.061 0.7874 0.131, -0.0502 0.7874 0.137, -0.0517 0.7874 0.1348, -0.0525 0.7874 0.1341, -0.0687 0.7874 0.1691, -0.0667 0.7874 0.1637, -0.0461 0.7874 0.1555, -0.0487 0.7874 0.1589, -0.0496 0.7874 0.1597, -0.053 0.7874 0.162, -0.0448 0.7874 0.1269, -0.0448 0.7874 0.1372, -0.0443 0.7874 0.1515, -0.0448 0.7874 0.1525, -0.0441 0.7874 0.139, -0.0434 0.7874 0.1449, -0.0435 0.7874 0.1468, -0.0581 0.7874 0.1269, -0.0542 0.7874 0.1278, -0.0508 0.7874 0.1294, -0.0479 0.7874 0.1318, -0.0476 0.7874 0.1322, -0.0455 0.7874 0.1352, -0.0603 0.7874 0.1268, -0.0687 0.7874 0.1166, -0.0584 0.7874 0.1269, -0.0448 0.7874 0.1166, -0.0703 0.7874 0.1289, -0.0696 0.7874 0.1286, -0.0687 0.7874 0.1283, -0.0418 0.7874 0.0745, -0.0418 0.7874 0.0704, -0.0426 0.7874 0.0039, -0.0426 0.7874 0.1055, -0.0412 0.7874 0.1023, -0.0412 0.7874 0.1055, -0.0224 0.7874 0.0705, -0.0272 0.7874 0.0867, -0.0271 0.7874 0.0746, -0.04 0.7874 0.0866, -0.0401 0.7874 0.0908, -0.0272 0.7874 0.0909, -0.0273 0.7874 0.1024, -0.0412 0.7874 0.1064, -0.0412 0.7874 0.1062, -0.0426 0.7874 0.1062, -0.0426 0.7874 0.1166, -0.0226 0.7874 0.1066, -0.0226 0.7874 0.1062, -0.0226 0.7874 0.1055, -0.0935 0.7874 0.0583, -0.0935 0.7874 0.0623, -0.0978 0.7874 0.0957, -0.0928 0.7874 0.0958, -0.0901 0.7874 0.0787, -0.134 0.7874 0.0698, -0.1003 0.7874 0.0039, -0.1 0.7874 0.0588, -0.1003 0.7874 0.0764, -0.0989 0.7874 0.0628, -0.0998 0.7874 0.0637, -0.0982 0.7874 0.0581, -0.0964 0.7874 0.0579, -0.0954 0.7874 0.0579, -0.0944 0.7874 0.062, -0.096 0.7874 0.0618, -0.0972 0.7874 0.0619, -0.0982 0.7874 0.0623, -0.1003 0.7874 0.0646, -0.1007 0.7874 0.0654, -0.1027 0.7874 0.07, -0.5906 0.7874 0.1055, -0.4013 0.7874 0.1055, -0.5906 0.7874 0.0039, -0.4013 0.7874 0.0039, -0.1848 0.7874 0.0694, -0.1797 0.7874 0.0694, -0.1937 0.7874 0.1054, -0.1986 0.7874 0.1053, -0.2121 0.7874 0.0692, -0.207 0.7874 0.0692, -0.2034 0.7874 0.0791, -0.1884 0.7874 0.0792, -0.4013 0.7874 0.1062, -0.5906 0.7874 0.1062, -0.4013 0.7874 0.1166, -0.4013 0.7874 0.1269, -0.5906 0.7874 0.1166, -0.5906 0.7874 0.1269, -0.4013 0.7874 0.1635, -0.5906 0.7874 0.1635, -0.133 0.7874 0.1431, -0.1321 0.7874 0.1389, -0.1312 0.7874 0.1538, -0.1325 0.7874 0.1504, -0.134 0.7874 0.1635, -0.1331 0.7874 0.1454, -0.1303 0.7874 0.1352, -0.1276 0.7874 0.132, -0.1238 0.7874 0.1293, -0.1142 0.7874 0.1631, -0.1197 0.7874 0.1624, -0.124 0.7874 0.1608, -0.1197 0.7874 0.1278, -0.1136 0.7874 0.1271, -0.1036 0.7874 0.1271, -0.1039 0.7874 0.1632, -0.1278 0.7874 0.1582, -0.129 0.7874 0.157, -0.0752 0.7874 0.1166, -0.0916 0.7874 0.1166, -0.1003 0.7874 0.1166, -0.0752 0.7874 0.1691, -0.0916 0.7874 0.1691, -0.1003 0.7874 0.1691, -0.134 0.7874 0.1691, -0.145 0.7874 0.1691, -0.1788 0.7874 0.1691, -0.4013 0.7874 0.1691, -0.5906 0.7874 0.1691, -0.0469 0.7874 0.081, -0.0479 0.7874 0.0825, -0.0487 0.7874 0.0899, -0.0665 0.7874 0.0906, -0.0669 0.7874 0.0868, -0.0668 0.7874 0.0702, -0.0448 0.7874 0.0039, -0.0623 0.7874 0.0703, -0.0587 0.7874 0.0928, -0.0572 0.7874 0.093, -0.0547 0.7874 0.0856, -0.0492 0.7874 0.0837, -0.051 0.7874 0.0847, -0.0519 0.7874 0.0918, -0.0547 0.7874 0.0927, -0.0607 0.7874 0.0963, -0.0625 0.7874 0.0956, -0.064 0.7874 0.0947, -0.0488 0.7874 0.0943, -0.0497 0.7874 0.0948, -0.0448 0.7874 0.1055, -0.0531 0.7874 0.0961, -0.0576 0.7874 0.0966, -0.0648 0.7874 0.0939, -0.0657 0.7874 0.0925, -0.0478 0.7874 0.0723, -0.0483 0.7874 0.0718, -0.0498 0.7874 0.0707, -0.0469 0.7874 0.0737, -0.0463 0.7874 0.0752, -0.0461 0.7874 0.0773, -0.0624 0.7874 0.0866, -0.0622 0.7874 0.0886, -0.0618 0.7874 0.0902, -0.0612 0.7874 0.0912, -0.0567 0.7874 0.07, -0.0542 0.7874 0.0697, -0.0515 0.7874 0.07, -0.0464 0.7874 0.0794, -0.0623 0.7874 0.0742, -0.0622 0.7874 0.0742, -0.0606 0.7874 0.0919, -0.0598 0.7874 0.0924, -0.0611 0.7874 0.0728, -0.0597 0.7874 0.0714, -0.0585 0.7874 0.0707, -0.0448 0.7874 0.1062, -0.0687 0.7874 0.1062, -0.0752 0.7874 0.1062, -0.0916 0.7874 0.1062, -0.0448 0.7874 0.1691, -0.062 0.7874 0.1641, -0.0426 0.7874 0.2402, -0.0448 0.7874 0.2402, -0.0687 0.7874 0.2402, -0.0752 0.7874 0.2402, -0.0916 0.7874 0.2402, -0.1003 0.7874 0.2402, -0.134 0.7874 0.2402, -0.145 0.7874 0.2402, -0.1788 0.7874 0.2402, -0.4013 0.7874 0.2402, -0.5906 0.7874 0.2402
            ]
        }
        coordIndex [
            0,1,2,-1,3,4,5,-1,6,7,8,-1,9,10,11,-1,12,13,14,-1,15,16,17,-1,18,19,20,-1,21,22,23,-1,24,25,26,-1,26,25,27,-1,26,27,28,-1,29,30,31,-1,31,30,32,-1,31,32,26,-1,26,32,33,-1,26,33,24,-1,23,22,34,-1,34,22,35,-1,34,35,36,-1,36,35,37,-1,36,37,29,-1,38,39,23,-1,23,39,40,-1,23,40,21,-1,38,41,39,-1,39,41,42,-1,39,42,43,-1,43,42,44,-1,43,44,45,-1,46,47,38,-1,38,47,48,-1,38,48,41,-1,49,50,51,-1,51,52,49,-1,49,52,53,-1,49,53,38,-1,38,53,54,-1,38,54,46,-1,55,56,57,-1,57,56,58,-1,57,58,50,-1,50,58,59,-1,50,59,51,-1,60,61,62,-1,63,64,65,-1,60,62,66,-1,61,67,62,-1,62,67,68,-1,62,68,69,-1,64,70,65,-1,65,70,71,-1,65,71,55,-1,55,71,72,-1,55,72,56,-1,73,74,75,-1,75,74,76,-1,75,76,77,-1,77,76,78,-1,77,78,79,-1,80,81,65,-1,65,81,82,-1,77,83,84,-1,85,86,62,-1,62,86,87,-1,62,87,88,-1,79,89,77,-1,77,89,90,-1,77,90,91,-1,92,93,94,-1,94,93,95,-1,94,95,62,-1,62,95,96,-1,62,96,66,-1,84,97,77,-1,77,97,98,-1,77,98,99,-1,82,100,65,-1,65,100,101,-1,65,101,63,-1,91,102,77,-1,77,102,103,-1,77,103,83,-1,103,104,83,-1,83,104,105,-1,83,105,106,-1,106,107,83,-1,83,107,108,-1,83,108,109,-1,109,108,92,-1,109,92,110,-1,110,92,94,-1,99,111,77,-1,77,111,112,-1,77,112,65,-1,65,112,113,-1,65,113,80,-1,69,114,62,-1,62,114,115,-1,62,115,116,-1,116,117,62,-1,62,117,118,-1,62,118,85,-1,87,119,88,-1,88,119,120,-1,88,120,121,-1,121,120,122,-1,123,20,124,-1,124,20,125,-1,124,125,126,-1,126,125,127,-1,122,128,121,-1,121,128,129,-1,121,129,125,-1,125,129,130,-1,125,130,127,-1,18,131,19,-1,19,131,132,-1,19,132,133,-1,134,135,136,-1,136,135,137,-1,136,137,123,-1,123,137,138,-1,123,138,20,-1,20,138,139,-1,20,139,18,-1,140,141,136,-1,136,141,142,-1,136,142,134,-1,140,143,141,-1,141,143,144,-1,141,144,145,-1,146,147,148,-1,148,127,146,-1,146,127,130,-1,146,130,149,-1,149,130,150,-1,150,151,149,-1,149,151,152,-1,149,152,153,-1,154,155,156,-1,155,157,156,-1,156,157,158,-1,156,158,159,-1,160,156,161,-1,147,146,160,-1,160,146,162,-1,160,162,156,-1,156,162,163,-1,156,163,154,-1,161,164,160,-1,160,164,165,-1,160,165,166,-1,159,158,167,-1,167,158,168,-1,167,168,169,-1,169,168,170,-1,169,170,171,-1,172,173,166,-1,166,173,174,-1,166,174,160,-1,175,176,73,-1,73,176,177,-1,73,177,74,-1,28,178,26,-1,26,178,179,-1,26,179,180,-1,180,179,181,-1,180,181,15,-1,182,183,184,-1,184,183,185,-1,186,187,188,-1,188,187,189,-1,188,189,190,-1,182,191,183,-1,183,191,192,-1,183,192,193,-1,193,194,183,-1,183,194,195,-1,183,195,188,-1,188,195,196,-1,188,196,186,-1,190,197,188,-1,188,197,198,-1,188,198,199,-1,199,198,200,-1,199,200,201,-1,201,200,202,-1,201,202,203,-1,202,204,203,-1,203,204,205,-1,203,205,206,-1,206,205,185,-1,201,207,208,-1,209,201,210,-1,210,201,208,-1,210,208,211,-1,212,199,213,-1,213,199,201,-1,213,201,214,-1,214,201,209,-1,214,209,215,-1,209,216,215,-1,215,216,217,-1,215,217,218,-1,208,219,211,-1,211,219,220,-1,211,220,221,-1,207,201,222,-1,222,201,203,-1,222,203,223,-1,224,225,223,-1,223,225,226,-1,223,226,222,-1,227,228,229,-1,230,231,228,-1,228,231,232,-1,228,232,229,-1,233,234,235,-1,235,234,236,-1,235,236,237,-1,237,236,238,-1,237,238,239,-1,239,240,237,-1,237,240,241,-1,237,241,242,-1,243,244,245,-1,246,247,248,-1,249,250,244,-1,244,250,251,-1,244,251,245,-1,245,251,252,-1,245,252,253,-1,246,248,244,-1,244,248,254,-1,244,254,249,-1,255,256,257,-1,258,259,260,-1,253,261,245,-1,245,261,262,-1,245,262,260,-1,260,262,263,-1,260,263,258,-1,259,264,260,-1,260,264,265,-1,260,265,266,-1,265,267,266,-1,266,267,268,-1,266,268,257,-1,269,270,271,-1,271,270,272,-1,271,272,273,-1,271,274,275,-1,275,274,276,-1,276,277,275,-1,275,277,278,-1,275,278,279,-1,273,280,271,-1,271,280,281,-1,271,281,274,-1,282,283,284,-1,284,283,285,-1,284,285,286,-1,284,287,282,-1,282,287,288,-1,282,288,289,-1,289,290,282,-1,282,290,291,-1,282,291,292,-1,292,291,293,-1,292,293,294,-1,294,293,295,-1,294,295,257,-1,257,295,296,-1,257,296,255,-1,297,298,286,-1,286,298,299,-1,286,299,284,-1,300,301,247,-1,247,301,302,-1,247,302,248,-1,300,303,301,-1,301,303,304,-1,301,304,305,-1,305,304,306,-1,305,307,308,-1,306,309,305,-1,305,309,310,-1,305,310,311,-1,311,312,305,-1,305,312,313,-1,305,313,307,-1,308,314,305,-1,305,314,315,-1,305,315,316,-1,317,318,12,-1,12,318,319,-1,320,321,322,-1,323,324,325,-1,325,324,326,-1,325,326,327,-1,326,328,327,-1,327,328,329,-1,327,329,330,-1,331,329,332,-1,332,329,328,-1,332,328,333,-1,333,328,326,-1,333,326,334,-1,334,326,335,-1,334,335,13,-1,336,337,338,-1,338,337,339,-1,340,338,341,-1,341,338,339,-1,341,339,342,-1,342,339,343,-1,342,343,344,-1,345,346,347,-1,347,346,348,-1,341,349,340,-1,340,349,350,-1,340,350,351,-1,352,353,354,-1,345,347,336,-1,336,347,355,-1,336,355,337,-1,337,355,356,-1,337,356,354,-1,354,356,357,-1,354,357,352,-1,344,343,358,-1,358,343,359,-1,358,359,352,-1,10,360,11,-1,11,360,361,-1,11,361,362,-1,362,361,363,-1,362,363,364,-1,9,365,366,-1,366,365,31,-1,366,31,367,-1,367,31,26,-1,367,26,364,-1,364,26,180,-1,364,180,362,-1,7,6,359,-1,359,6,368,-1,359,368,369,-1,370,371,372,-1,352,359,353,-1,353,359,369,-1,353,369,373,-1,373,369,374,-1,373,374,372,-1,372,374,375,-1,372,375,370,-1,371,376,372,-1,372,376,377,-1,372,377,378,-1,378,379,372,-1,372,379,380,-1,372,380,381,-1,381,382,372,-1,372,382,383,-1,372,383,384,-1,385,386,384,-1,384,386,387,-1,384,387,372,-1,388,389,390,-1,385,391,386,-1,386,391,392,-1,386,392,390,-1,390,392,393,-1,390,393,388,-1,394,395,8,-1,5,396,397,-1,397,398,5,-1,5,398,399,-1,5,399,3,-1,362,400,401,-1,11,402,5,-1,5,402,403,-1,5,403,396,-1,401,404,362,-1,362,404,405,-1,362,405,11,-1,11,405,406,-1,11,406,402,-1,407,408,400,-1,400,408,409,-1,400,409,410,-1,410,411,400,-1,400,411,412,-1,400,412,401,-1,1,413,414,-1,414,413,415,-1,414,415,416,-1,373,417,353,-1,353,417,418,-1,353,418,2,-1,2,418,419,-1,2,419,0,-1,420,421,422,-1,420,423,424,-1,424,423,425,-1,422,421,77,-1,77,421,426,-1,77,426,75,-1,427,428,429,-1,429,428,420,-1,429,420,430,-1,430,420,424,-1,430,424,431,-1,431,424,432,-1,433,434,435,-1,435,434,425,-1,433,436,437,-1,437,436,17,-1,437,17,438,-1,426,439,75,-1,75,439,438,-1,75,438,73,-1,73,438,17,-1,73,17,175,-1,175,17,16,-1,440,441,266,-1,229,234,227,-1,227,234,233,-1,227,233,442,-1,442,233,443,-1,256,444,257,-1,257,444,269,-1,257,269,266,-1,266,269,271,-1,266,271,440,-1,213,445,212,-1,212,445,237,-1,212,237,446,-1,446,237,242,-1,446,242,447,-1,448,449,450,-1,447,451,446,-1,446,451,452,-1,446,452,271,-1,271,452,453,-1,271,453,440,-1,233,266,443,-1,443,266,441,-1,443,441,448,-1,448,441,454,-1,448,454,455,-1,455,456,448,-1,448,456,457,-1,448,457,449,-1,450,458,448,-1,448,458,459,-1,448,459,460,-1,461,462,463,-1,463,462,464,-1,465,466,188,-1,188,466,183,-1,183,466,467,-1,183,467,462,-1,462,467,468,-1,462,468,464,-1,464,468,469,-1,464,469,470,-1,471,472,470,-1,470,472,465,-1,470,465,464,-1,464,465,188,-1,185,183,206,-1,206,183,462,-1,206,462,473,-1,473,462,461,-1,473,461,474,-1,13,335,14,-1,14,335,475,-1,14,475,476,-1,476,475,477,-1,476,477,478,-1,12,14,317,-1,317,14,476,-1,317,476,479,-1,479,476,478,-1,479,478,480,-1,481,482,320,-1,483,484,485,-1,485,484,486,-1,482,487,320,-1,320,487,488,-1,320,488,489,-1,339,490,485,-1,485,490,491,-1,485,491,492,-1,489,493,320,-1,320,493,494,-1,320,494,337,-1,337,494,495,-1,337,495,339,-1,339,495,496,-1,339,496,490,-1,492,497,485,-1,485,497,498,-1,485,498,483,-1,319,318,322,-1,322,318,485,-1,322,485,320,-1,320,485,486,-1,320,486,481,-1,1,414,2,-1,2,414,499,-1,2,499,353,-1,353,499,500,-1,353,500,354,-1,354,500,501,-1,354,501,337,-1,337,501,324,-1,337,324,320,-1,320,324,323,-1,320,323,321,-1,8,7,394,-1,394,7,359,-1,394,359,502,-1,502,359,343,-1,502,343,503,-1,503,343,339,-1,503,339,504,-1,504,339,485,-1,504,485,505,-1,505,485,318,-1,505,318,506,-1,506,318,317,-1,506,317,507,-1,507,317,479,-1,507,479,508,-1,508,479,480,-1,508,480,509,-1,510,511,512,-1,245,513,514,-1,279,515,516,-1,516,515,517,-1,518,519,520,-1,278,243,279,-1,279,243,245,-1,279,245,515,-1,515,245,514,-1,511,521,512,-1,512,521,522,-1,512,522,523,-1,523,522,520,-1,523,520,524,-1,524,520,519,-1,525,526,245,-1,245,526,527,-1,528,529,530,-1,530,529,531,-1,530,531,245,-1,245,531,532,-1,245,532,525,-1,527,533,245,-1,245,533,534,-1,245,534,513,-1,535,516,536,-1,536,516,537,-1,535,538,516,-1,516,538,539,-1,516,539,540,-1,541,542,520,-1,520,542,543,-1,520,543,544,-1,545,546,516,-1,516,546,547,-1,516,547,537,-1,528,530,512,-1,512,530,548,-1,512,548,510,-1,517,549,550,-1,544,551,520,-1,520,551,552,-1,520,552,518,-1,550,553,517,-1,517,553,554,-1,517,554,516,-1,516,554,555,-1,516,555,545,-1,420,422,423,-1,423,422,516,-1,423,516,530,-1,530,516,540,-1,530,540,548,-1,425,423,435,-1,435,423,530,-1,435,530,556,-1,556,530,245,-1,556,245,557,-1,557,245,260,-1,557,260,558,-1,558,260,266,-1,558,266,559,-1,559,266,233,-1,559,233,224,-1,224,233,235,-1,224,235,225,-1,433,435,436,-1,436,435,556,-1,436,556,416,-1,416,556,557,-1,416,557,414,-1,414,557,558,-1,414,558,499,-1,499,558,559,-1,499,559,500,-1,500,559,224,-1,500,224,501,-1,501,224,223,-1,501,223,324,-1,324,223,203,-1,324,203,326,-1,326,203,206,-1,326,206,335,-1,335,206,473,-1,335,473,475,-1,475,473,474,-1,475,474,477,-1,9,11,365,-1,365,11,5,-1,365,5,560,-1,560,5,4,-1,560,4,394,-1,394,4,561,-1,394,561,395,-1,15,17,180,-1,180,17,436,-1,180,436,362,-1,362,436,416,-1,362,416,400,-1,400,416,415,-1,400,415,407,-1,29,31,36,-1,36,31,365,-1,36,365,562,-1,562,365,560,-1,562,560,563,-1,563,560,394,-1,563,394,564,-1,564,394,502,-1,564,502,565,-1,565,502,503,-1,565,503,566,-1,566,503,504,-1,566,504,567,-1,567,504,505,-1,567,505,568,-1,568,505,506,-1,568,506,569,-1,569,506,507,-1,569,507,570,-1,570,507,508,-1,570,508,571,-1,571,508,509,-1,571,509,572,-1,
        ]
    }
}
Shape{
    appearance Appearance {
        material  Material 	{
            diffuseColor 0.0 0.4980392156862745 0.3686274509803922
            specularColor 0.0 0.25098039215686274 0.1843137254901961
            ambientIntensity 0.3344
            transparency 0.0
            shininess 0.5
        }
    }
    geometry IndexedFaceSet {
        ccw TRUE
        solid FALSE
        coord DEF co Coordinate {
            point [
                -0.5709 -0.7874 0.0039, -0.5906 -0.7874 0.0039, -0.5906 -0.6634 0.0039, 0.16 -0.6634 0.0039, 0.16 -0.3937 0.0039, 0.1969 -0.4725 0.0039, 0.5512 -0.4725 0.0039, 0.5906 -0.3937 0.0039, 0.5512 -0.6634 0.0039, 0.5906 -0.6634 0.0039, 0.5512 -0.7087 0.0039, 0.5906 -0.7874 0.0039, 0.1969 -0.7087 0.0039, 0.16 -0.7874 0.0039, 0.1969 -0.6634 0.0039, -0.5709 -0.6634 0.0039, -0.5709 -0.3937 0.0039, -0.5512 -0.4725 0.0039, -0.1969 -0.4725 0.0039, -0.0644 -0.3937 0.0039, -0.1969 -0.6634 0.0039, -0.0644 -0.6634 0.0039, -0.1969 -0.7087 0.0039, -0.5512 -0.6634 0.0039, -0.5512 -0.7087 0.0039, -0.0644 -0.7874 0.0039, 0.0956 -0.563 0.0039, 0.0885 -0.5639 0.0039, 0.0818 -0.5667 0.0039, 0.0761 -0.5711 0.0039, 0.069 -0.5977 0.0039, 0.0717 -0.6044 0.0039, 0.0761 -0.6101 0.0039, 0.0818 -0.6144 0.0039, 0.0885 -0.6172 0.0039, 0.0956 -0.6181 0.0039, 0.1028 -0.6172 0.0039, 0.1195 -0.5768 0.0039, 0.1151 -0.5711 0.0039, 0.1094 -0.5667 0.0039, 0.1028 -0.5639 0.0039, 0.0717 -0.5768 0.0039, 0.069 -0.5834 0.0039, 0.0681 -0.5906 0.0039, 0.1094 -0.6144 0.0039, 0.1151 -0.6101 0.0039, 0.1195 -0.6044 0.0039, 0.1222 -0.5977 0.0039, 0.1232 -0.5906 0.0039, 0.1222 -0.5834 0.0039, 0.5512 -0.315 0.0039, 0.1969 -0.315 0.0039, 0.1969 -0.0788 0.0039, 0.16 -0.0 0.0039, 0.5512 -0.0788 0.0039, 0.5906 -0.0 0.0039, -0.1969 -0.0788 0.0039, -0.0644 -0.0 0.0039, -0.1969 -0.315 0.0039, -0.5512 -0.315 0.0039, -0.5512 -0.0788 0.0039, -0.5709 -0.0 0.0039, 0.5512 0.0787 0.0039, 0.1969 0.0787 0.0039, 0.1969 0.3149 0.0039, 0.16 0.3937 0.0039, 0.5512 0.3149 0.0039, 0.5906 0.3937 0.0039, -0.1969 0.3149 0.0039, -0.0644 0.3937 0.0039, -0.1969 0.0787 0.0039, -0.5512 0.0787 0.0039, -0.5512 0.3149 0.0039, -0.5709 0.3937 0.0039, 0.5512 0.4724 0.0039, 0.1969 0.4724 0.0039, 0.1969 0.7086 0.0039, 0.16 0.7874 0.0039, 0.5512 0.7086 0.0039, 0.5906 0.7874 0.0039, -0.0644 0.7874 0.0039, -0.1969 0.7086 0.0039, -0.1969 0.4724 0.0039, -0.5512 0.4724 0.0039, -0.5512 0.7086 0.0039, -0.5709 0.7874 0.0039, -0.5906 -0.3937 0.0039, -0.5906 -0.0 0.0039, -0.5906 0.3937 0.0039, -0.5906 0.7874 0.0039
            ]
        }
        coordIndex [
            0,1,2,-1,3,4,5,-1,5,4,6,-1,6,4,7,-1,6,7,8,-1,8,7,9,-1,8,9,10,-1,10,9,11,-1,10,11,12,-1,12,11,13,-1,12,13,14,-1,15,16,17,-1,17,16,18,-1,18,16,19,-1,18,19,20,-1,20,19,21,-1,20,21,22,-1,17,23,15,-1,15,23,24,-1,15,24,0,-1,0,24,25,-1,24,22,25,-1,25,22,21,-1,25,21,13,-1,13,21,3,-1,13,3,14,-1,14,3,5,-1,26,27,19,-1,19,27,28,-1,19,28,29,-1,30,31,21,-1,21,31,32,-1,32,33,21,-1,21,33,34,-1,21,34,3,-1,3,34,35,-1,3,35,36,-1,37,38,4,-1,38,39,4,-1,4,39,40,-1,4,40,26,-1,29,41,19,-1,19,41,42,-1,19,42,21,-1,21,42,43,-1,21,43,30,-1,36,44,3,-1,3,44,45,-1,3,45,46,-1,46,47,3,-1,3,47,48,-1,3,48,4,-1,4,48,49,-1,4,49,37,-1,50,7,51,-1,51,7,4,-1,51,4,52,-1,52,4,53,-1,52,53,54,-1,54,53,55,-1,54,55,50,-1,50,55,7,-1,56,57,58,-1,58,57,19,-1,58,19,59,-1,59,19,16,-1,59,16,60,-1,60,16,61,-1,60,61,56,-1,56,61,57,-1,62,55,63,-1,63,55,53,-1,63,53,64,-1,64,53,65,-1,64,65,66,-1,66,65,67,-1,66,67,62,-1,62,67,55,-1,68,69,70,-1,70,69,57,-1,70,57,71,-1,71,57,61,-1,71,61,72,-1,72,61,73,-1,72,73,68,-1,68,73,69,-1,74,67,75,-1,75,67,65,-1,75,65,76,-1,76,65,77,-1,76,77,78,-1,78,77,79,-1,78,79,74,-1,74,79,67,-1,26,19,4,-1,4,19,57,-1,4,57,53,-1,53,57,69,-1,53,69,65,-1,65,69,80,-1,65,80,77,-1,81,80,82,-1,82,80,69,-1,82,69,83,-1,83,69,73,-1,83,73,84,-1,84,73,85,-1,84,85,81,-1,81,85,80,-1,0,2,15,-1,15,2,86,-1,15,86,16,-1,16,86,87,-1,16,87,61,-1,61,87,88,-1,61,88,73,-1,73,88,89,-1,73,89,85,-1,
        ]
    }
}
Shape{
    appearance Appearance {
        material  Material 	{
            diffuseColor 1.0 0.9725490196078431 0.7803921568627451
            specularColor 0.5019607843137255 0.48627450980392156 0.38823529411764707
            ambientIntensity 0.9589
            transparency 0.0
            shininess 0.5
        }
    }
    geometry IndexedFaceSet {
        ccw TRUE
        solid FALSE
        coord DEF co Coordinate {
            point [
                0.5906 -0.7874 0.2402, 0.5906 -0.7874 0.0039, 0.5906 -0.6634 0.0039, 0.5906 -0.3937 0.0039, 0.5906 -0.0 0.0039, 0.5906 0.7874 0.2402, 0.5906 0.3937 0.0039, 0.5906 0.7874 0.0039, -0.5906 -0.6634 0.0039, -0.5906 -0.7874 0.0039, -0.5906 -0.7874 0.2402, -0.5906 0.7874 0.0039, -0.5906 0.3937 0.0039, -0.5906 0.7874 0.2402, -0.5906 -0.0 0.0039, -0.5906 -0.3937 0.0039, -0.5709 -0.7874 0.0039, -0.0644 -0.7874 0.0039, 0.16 -0.7874 0.0039, -0.4386 0.7472 0.2402, -0.4116 0.7537 0.2402, -0.5588 0.6064 0.2402, -0.5524 0.6335 0.2402, 0.5588 -0.6065 0.2402, 0.5524 -0.6335 0.2402, 0.5091 -0.704 0.2402, 0.488 -0.7221 0.2402, 0.4643 -0.7366 0.2402, 0.4386 -0.7473 0.2402, -0.4116 -0.7537 0.2402, -0.4386 -0.7473 0.2402, -0.5091 0.704 0.2402, -0.488 0.7221 0.2402, -0.4643 0.7366 0.2402, -0.3839 0.7559 0.2402, 0.3839 0.7559 0.2402, 0.4116 0.7537 0.2402, 0.4386 0.7472 0.2402, 0.4643 0.7366 0.2402, 0.488 0.7221 0.2402, 0.5091 0.704 0.2402, 0.5272 0.6829 0.2402, 0.5417 0.6592 0.2402, 0.5524 0.6335 0.2402, 0.5588 0.6064 0.2402, 0.561 0.5787 0.2402, 0.561 -0.5788 0.2402, 0.5417 -0.6592 0.2402, 0.5272 -0.6829 0.2402, -0.5417 0.6592 0.2402, -0.5272 0.6829 0.2402, 0.4116 -0.7537 0.2402, 0.3839 -0.7559 0.2402, -0.3839 -0.7559 0.2402, -0.4643 -0.7366 0.2402, -0.488 -0.7221 0.2402, -0.5091 -0.704 0.2402, -0.5272 -0.6829 0.2402, -0.5417 -0.6592 0.2402, -0.5524 -0.6335 0.2402, -0.5588 -0.6065 0.2402, -0.561 -0.5788 0.2402, -0.561 0.5787 0.2402
            ]
        }
        coordIndex [
            0,1,2,-1,2,3,0,-1,0,3,4,-1,0,4,5,-1,5,4,6,-1,5,6,7,-1,8,9,10,-1,11,12,13,-1,13,12,14,-1,13,14,10,-1,10,14,15,-1,10,15,8,-1,9,16,10,-1,10,16,17,-1,10,17,0,-1,0,17,18,-1,0,18,1,-1,19,20,13,-1,21,22,13,-1,23,24,0,-1,25,26,0,-1,0,26,27,-1,0,27,28,-1,10,29,30,-1,31,32,13,-1,13,32,33,-1,13,33,19,-1,20,34,13,-1,13,34,35,-1,13,35,5,-1,5,35,36,-1,5,36,37,-1,37,38,5,-1,5,38,39,-1,5,39,40,-1,40,41,5,-1,5,41,42,-1,5,42,43,-1,43,44,5,-1,5,44,45,-1,5,45,0,-1,0,45,46,-1,0,46,23,-1,24,47,0,-1,0,47,48,-1,0,48,25,-1,22,49,13,-1,13,49,50,-1,13,50,31,-1,28,51,0,-1,0,51,52,-1,0,52,10,-1,10,52,53,-1,10,53,29,-1,30,54,10,-1,10,54,55,-1,10,55,56,-1,56,57,10,-1,10,57,58,-1,10,58,59,-1,59,60,10,-1,10,60,61,-1,10,61,13,-1,13,61,62,-1,13,62,21,-1,
        ]
    }
}
Shape{
    appearance Appearance {
        material  Material 	{
            diffuseColor 0.8509803921568627 0.8509803921568627 0.8509803921568627
            specularColor 0.4235294117647059 0.4235294117647059 0.4235294117647059
            ambientIntensity 0.851
            transparency 0.0
            shininess 0.5
        }
    }
    geometry IndexedFaceSet {
        ccw TRUE
        solid FALSE
        coord DEF co Coordinate {
            point [
                0.5217 0.5787 0.2795, 0.5217 0.5787 0.3543, 0.5217 -0.5788 0.2795, 0.5217 -0.5788 0.3543, -0.3839 0.7165 0.2795, -0.3839 0.7165 0.3543, 0.3839 0.7165 0.2795, 0.3839 0.7165 0.3543, -0.5217 -0.5788 0.2795, -0.5217 -0.5788 0.3543, -0.5217 0.5787 0.2795, -0.5217 0.5787 0.3543, 0.3839 -0.7166 0.2795, 0.3839 -0.7166 0.3543, -0.3839 -0.7166 0.2795, -0.3839 -0.7166 0.3543, 0.1108 0.1644 0.4921, 0.0905 0.1379 0.4921, 0.3839 -0.5788 0.4921, 0.0331 0.3519 0.4921, 0.064 0.3391 0.4921, 0.3839 0.5787 0.4921, 0.0905 0.3188 0.4921, 0.1108 0.2923 0.4921, 0.1236 0.2614 0.4921, 0.128 0.2283 0.4921, 0.1236 0.1952 0.4921, 0.0 0.1004 0.4921, -0.3839 -0.5788 0.4921, 0.0331 0.1047 0.4921, 0.064 0.1175 0.4921, -0.0331 0.1047 0.4921, -0.064 0.1175 0.4921, -0.0905 0.1379 0.4921, -0.1236 0.2614 0.4921, -0.1108 0.2923 0.4921, -0.3839 0.5787 0.4921, -0.0905 0.3188 0.4921, -0.1108 0.1644 0.4921, -0.1236 0.1952 0.4921, -0.128 0.2283 0.4921, -0.064 0.3391 0.4921, -0.0331 0.3519 0.4921, 0.0 0.3563 0.4921, -0.4078 0.7144 0.3543, -0.4054 0.7148 0.2795, -0.4194 0.7113 0.3543, -0.4194 0.7115 0.2795, -0.431 0.7082 0.3543, -0.4264 0.7098 0.2795, -0.4464 0.7015 0.2795, -0.4528 0.6981 0.3543, -0.4526 0.6977 0.2795, -0.4724 0.6843 0.3543, -0.4649 0.6902 0.2795, -0.4809 0.6758 0.3543, -0.4813 0.6762 0.2795, -0.4894 0.6673 0.3543, -0.4953 0.6597 0.2795, -0.5032 0.6476 0.3543, -0.5029 0.6474 0.2795, -0.5066 0.6413 0.2795, -0.5133 0.6258 0.3543, -0.5149 0.6213 0.2795, -0.5165 0.6142 0.3543, -0.5166 0.6143 0.2795, -0.5196 0.6026 0.3543, -0.52 0.6003 0.2795, -0.3839 0.6026 0.49, 0.3839 0.6026 0.49, -0.3839 0.6142 0.4869, 0.3839 0.6142 0.4869, -0.3839 0.6258 0.4838, 0.3839 0.6258 0.4838, -0.3839 0.6476 0.4737, 0.3839 0.6476 0.4737, -0.3839 0.6673 0.4599, 0.3839 0.6673 0.4599, -0.3839 0.6758 0.4514, 0.3839 0.6758 0.4514, -0.3839 0.6843 0.4429, 0.3839 0.6843 0.4429, -0.3839 0.6981 0.4232, 0.3839 0.6981 0.4232, -0.3839 0.7082 0.4015, 0.3839 0.7082 0.4015, -0.3839 0.7113 0.3899, 0.3839 0.7113 0.3899, -0.3839 0.7144 0.3783, 0.3839 0.7144 0.3783, 0.5196 0.6026 0.3543, 0.52 0.6003 0.2795, 0.5165 0.6142 0.3543, 0.5166 0.6143 0.2795, 0.5133 0.6258 0.3543, 0.5149 0.6213 0.2795, 0.5066 0.6413 0.2795, 0.5032 0.6476 0.3543, 0.5029 0.6474 0.2795, 0.4894 0.6673 0.3543, 0.4953 0.6597 0.2795, 0.4809 0.6758 0.3543, 0.4813 0.6762 0.2795, 0.4724 0.6843 0.3543, 0.4649 0.6902 0.2795, 0.4528 0.6981 0.3543, 0.4526 0.6977 0.2795, 0.4464 0.7015 0.2795, 0.431 0.7082 0.3543, 0.4264 0.7098 0.2795, 0.4194 0.7113 0.3543, 0.4194 0.7115 0.2795, 0.4078 0.7144 0.3543, 0.4054 0.7148 0.2795, -0.5165 0.5787 0.3899, -0.5133 0.5787 0.4015, -0.5114 0.6026 0.4007, -0.4809 0.5787 0.4514, -0.4724 0.5787 0.4599, -0.4711 0.6026 0.4583, -0.4194 0.5787 0.4869, -0.4078 0.5787 0.49, -0.4074 0.6026 0.488, -0.392 0.7082 0.4007, -0.388 0.7144 0.3779, -0.392 0.7144 0.3768, -0.4074 0.7144 0.3585, -0.4303 0.7082 0.3625, -0.3958 0.6981 0.4222, -0.4 0.7082 0.3986, -0.3958 0.7144 0.3751, -0.3992 0.6843 0.4416, -0.4074 0.6981 0.4191, -0.4074 0.7082 0.3951, -0.3992 0.7144 0.3727, -0.4517 0.6981 0.3663, -0.4711 0.6843 0.3697, -0.4878 0.6673 0.3727, -0.5014 0.6476 0.3751, -0.5114 0.6258 0.3768, -0.4022 0.6673 0.4583, -0.4046 0.6476 0.4719, -0.4063 0.6258 0.4818, -0.431 0.5787 0.4838, -0.4303 0.6026 0.4818, -0.4281 0.6258 0.476, -0.4247 0.6476 0.4665, -0.42 0.6673 0.4535, -0.4142 0.6843 0.4376, -0.4528 0.5787 0.4737, -0.4517 0.6026 0.4719, -0.4486 0.6258 0.4665, -0.4435 0.6476 0.4577, -0.4366 0.6673 0.4457, -0.4281 0.6843 0.431, -0.4183 0.6981 0.414, -0.4671 0.6258 0.4535, -0.4606 0.6476 0.4457, -0.4517 0.6673 0.4352, -0.4408 0.6843 0.4222, -0.4281 0.6981 0.4071, -0.4142 0.7082 0.3904, -0.4894 0.5787 0.4429, -0.4878 0.6026 0.4416, -0.483 0.6258 0.4376, -0.4753 0.6476 0.431, -0.4647 0.6673 0.4222, -0.4517 0.6843 0.4113, -0.4366 0.6981 0.3986, -0.42 0.7082 0.3846, -0.4022 0.7144 0.3697, -0.4046 0.7144 0.3663, -0.4247 0.7082 0.3779, -0.4435 0.6981 0.3888, -0.4606 0.6843 0.3986, -0.4753 0.6673 0.4071, -0.4872 0.6476 0.414, -0.496 0.6258 0.4191, -0.5014 0.6026 0.4222, -0.5032 0.5787 0.4232, -0.5055 0.6258 0.3986, -0.496 0.6476 0.3951, -0.483 0.6673 0.3904, -0.4671 0.6843 0.3846, -0.4486 0.6981 0.3779, -0.4281 0.7082 0.3704, -0.4063 0.7144 0.3625, -0.5196 0.5787 0.3783, -0.5175 0.6026 0.3779, 0.4194 0.5787 0.4869, 0.431 0.5787 0.4838, 0.4303 0.6026 0.4818, 0.4809 0.5787 0.4514, 0.4894 0.5787 0.4429, 0.4878 0.6026 0.4416, 0.5165 0.5787 0.3899, 0.5196 0.5787 0.3783, 0.5175 0.6026 0.3779, 0.4303 0.7082 0.3625, 0.4074 0.7144 0.3585, 0.4063 0.7144 0.3625, 0.388 0.7144 0.3779, 0.392 0.7082 0.4007, 0.4517 0.6981 0.3663, 0.4281 0.7082 0.3704, 0.4046 0.7144 0.3663, 0.4711 0.6843 0.3697, 0.4486 0.6981 0.3779, 0.4247 0.7082 0.3779, 0.4022 0.7144 0.3697, 0.3958 0.6981 0.4222, 0.3992 0.6843 0.4416, 0.4022 0.6673 0.4583, 0.4046 0.6476 0.4719, 0.4063 0.6258 0.4818, 0.4878 0.6673 0.3727, 0.5014 0.6476 0.3751, 0.5114 0.6258 0.3768, 0.5133 0.5787 0.4015, 0.5114 0.6026 0.4007, 0.5055 0.6258 0.3986, 0.496 0.6476 0.3951, 0.483 0.6673 0.3904, 0.4671 0.6843 0.3846, 0.5032 0.5787 0.4232, 0.5014 0.6026 0.4222, 0.496 0.6258 0.4191, 0.4872 0.6476 0.414, 0.4753 0.6673 0.4071, 0.4606 0.6843 0.3986, 0.4435 0.6981 0.3888, 0.483 0.6258 0.4376, 0.4753 0.6476 0.431, 0.4647 0.6673 0.4222, 0.4517 0.6843 0.4113, 0.4366 0.6981 0.3986, 0.42 0.7082 0.3846, 0.4724 0.5787 0.4599, 0.4711 0.6026 0.4583, 0.4671 0.6258 0.4535, 0.4606 0.6476 0.4457, 0.4517 0.6673 0.4352, 0.4408 0.6843 0.4222, 0.4281 0.6981 0.4071, 0.4142 0.7082 0.3904, 0.3992 0.7144 0.3727, 0.3958 0.7144 0.3751, 0.4074 0.7082 0.3951, 0.4183 0.6981 0.414, 0.4281 0.6843 0.431, 0.4366 0.6673 0.4457, 0.4435 0.6476 0.4577, 0.4486 0.6258 0.4665, 0.4517 0.6026 0.4719, 0.4528 0.5787 0.4737, 0.4281 0.6258 0.476, 0.4247 0.6476 0.4665, 0.42 0.6673 0.4535, 0.4142 0.6843 0.4376, 0.4074 0.6981 0.4191, 0.4 0.7082 0.3986, 0.392 0.7144 0.3768, 0.4078 0.5787 0.49, 0.4074 0.6026 0.488, -0.5196 -0.6027 0.3543, -0.52 -0.6003 0.2795, -0.5165 -0.6143 0.3543, -0.5166 -0.6143 0.2795, -0.5133 -0.6259 0.3543, -0.5149 -0.6213 0.2795, -0.5066 -0.6413 0.2795, -0.5032 -0.6477 0.3543, -0.5029 -0.6475 0.2795, -0.4894 -0.6673 0.3543, -0.4953 -0.6598 0.2795, -0.4809 -0.6758 0.3543, -0.4813 -0.6762 0.2795, -0.4724 -0.6843 0.3543, -0.4649 -0.6902 0.2795, -0.4528 -0.6981 0.3543, -0.4526 -0.6978 0.2795, -0.4464 -0.7015 0.2795, -0.431 -0.7082 0.3543, -0.4264 -0.7098 0.2795, -0.4194 -0.7114 0.3543, -0.4194 -0.7115 0.2795, -0.4078 -0.7145 0.3543, -0.4054 -0.7149 0.2795, -0.5196 -0.5788 0.3783, -0.5165 -0.5788 0.3899, -0.5133 -0.5788 0.4015, -0.5032 -0.5788 0.4232, -0.4894 -0.5788 0.4429, -0.4809 -0.5788 0.4514, -0.4724 -0.5788 0.4599, -0.4528 -0.5788 0.4737, -0.431 -0.5788 0.4838, -0.4194 -0.5788 0.4869, -0.4078 -0.5788 0.49, 0.4078 -0.5788 0.49, 0.4194 -0.5788 0.4869, 0.431 -0.5788 0.4838, 0.4528 -0.5788 0.4737, 0.4724 -0.5788 0.4599, 0.4809 -0.5788 0.4514, 0.4894 -0.5788 0.4429, 0.5032 -0.5788 0.4232, 0.5133 -0.5788 0.4015, 0.5165 -0.5788 0.3899, 0.5196 -0.5788 0.3783, 0.4078 -0.7145 0.3543, 0.4054 -0.7149 0.2795, 0.4194 -0.7114 0.3543, 0.4194 -0.7115 0.2795, 0.431 -0.7082 0.3543, 0.4264 -0.7098 0.2795, 0.4464 -0.7015 0.2795, 0.4528 -0.6981 0.3543, 0.4526 -0.6978 0.2795, 0.4724 -0.6843 0.3543, 0.4649 -0.6902 0.2795, 0.4809 -0.6758 0.3543, 0.4813 -0.6762 0.2795, 0.4894 -0.6673 0.3543, 0.4953 -0.6598 0.2795, 0.5032 -0.6477 0.3543, 0.5029 -0.6475 0.2795, 0.5066 -0.6413 0.2795, 0.5133 -0.6259 0.3543, 0.5149 -0.6213 0.2795, 0.5165 -0.6143 0.3543, 0.5166 -0.6143 0.2795, 0.5196 -0.6027 0.3543, 0.52 -0.6003 0.2795, -0.3839 -0.7114 0.3899, -0.3839 -0.7082 0.4015, -0.4078 -0.7063 0.4007, -0.3839 -0.6758 0.4514, -0.3839 -0.6673 0.4599, -0.4078 -0.666 0.4583, -0.3839 -0.6143 0.4869, -0.3839 -0.6027 0.49, -0.4078 -0.6023 0.488, -0.5133 -0.5869 0.4007, -0.5196 -0.5829 0.3779, -0.5196 -0.5869 0.3768, -0.5196 -0.6023 0.3585, -0.5133 -0.6252 0.3625, -0.5032 -0.5907 0.4222, -0.5133 -0.5949 0.3986, -0.5196 -0.5907 0.3751, -0.4894 -0.5941 0.4416, -0.5032 -0.6023 0.4191, -0.5133 -0.6023 0.3951, -0.5196 -0.5941 0.3727, -0.5032 -0.6466 0.3663, -0.4894 -0.666 0.3697, -0.4724 -0.6827 0.3727, -0.4528 -0.6963 0.3751, -0.431 -0.7063 0.3768, -0.4724 -0.5971 0.4583, -0.4528 -0.5995 0.4719, -0.431 -0.6012 0.4818, -0.3839 -0.6259 0.4838, -0.4078 -0.6252 0.4818, -0.431 -0.623 0.476, -0.4528 -0.6196 0.4665, -0.4724 -0.6149 0.4535, -0.4894 -0.6091 0.4376, -0.3839 -0.6477 0.4737, -0.4078 -0.6466 0.4719, -0.431 -0.6435 0.4665, -0.4528 -0.6384 0.4577, -0.4724 -0.6315 0.4457, -0.4894 -0.623 0.431, -0.5032 -0.6132 0.414, -0.431 -0.662 0.4535, -0.4528 -0.6555 0.4457, -0.4724 -0.6466 0.4352, -0.4894 -0.6357 0.4222, -0.5032 -0.623 0.4071, -0.5133 -0.6091 0.3904, -0.3839 -0.6843 0.4429, -0.4078 -0.6827 0.4416, -0.431 -0.678 0.4376, -0.4528 -0.6702 0.431, -0.4724 -0.6596 0.4222, -0.4894 -0.6466 0.4113, -0.5032 -0.6315 0.3986, -0.5133 -0.6149 0.3846, -0.5196 -0.5971 0.3697, -0.5196 -0.5995 0.3663, -0.5133 -0.6196 0.3779, -0.5032 -0.6384 0.3888, -0.4894 -0.6555 0.3986, -0.4724 -0.6702 0.4071, -0.4528 -0.6821 0.414, -0.431 -0.6909 0.4191, -0.4078 -0.6963 0.4222, -0.3839 -0.6981 0.4232, -0.431 -0.7004 0.3986, -0.4528 -0.6909 0.3951, -0.4724 -0.678 0.3904, -0.4894 -0.662 0.3846, -0.5032 -0.6435 0.3779, -0.5133 -0.623 0.3704, -0.5196 -0.6012 0.3625, -0.3839 -0.7145 0.3783, -0.4078 -0.7124 0.3779, 0.3839 -0.6143 0.4869, 0.3839 -0.6259 0.4838, 0.4078 -0.6252 0.4818, 0.3839 -0.6758 0.4514, 0.3839 -0.6843 0.4429, 0.4078 -0.6827 0.4416, 0.3839 -0.7114 0.3899, 0.3839 -0.7145 0.3783, 0.4078 -0.7124 0.3779, 0.5133 -0.6252 0.3625, 0.5196 -0.6023 0.3585, 0.5196 -0.6012 0.3625, 0.5196 -0.5829 0.3779, 0.5133 -0.5869 0.4007, 0.5032 -0.6466 0.3663, 0.5133 -0.623 0.3704, 0.5196 -0.5995 0.3663, 0.4894 -0.666 0.3697, 0.5032 -0.6435 0.3779, 0.5133 -0.6196 0.3779, 0.5196 -0.5971 0.3697, 0.5032 -0.5907 0.4222, 0.4894 -0.5941 0.4416, 0.4724 -0.5971 0.4583, 0.4528 -0.5995 0.4719, 0.431 -0.6012 0.4818, 0.4724 -0.6827 0.3727, 0.4528 -0.6963 0.3751, 0.431 -0.7063 0.3768, 0.3839 -0.7082 0.4015, 0.4078 -0.7063 0.4007, 0.431 -0.7004 0.3986, 0.4528 -0.6909 0.3951, 0.4724 -0.678 0.3904, 0.4894 -0.662 0.3846, 0.3839 -0.6981 0.4232, 0.4078 -0.6963 0.4222, 0.431 -0.6909 0.4191, 0.4528 -0.6821 0.414, 0.4724 -0.6702 0.4071, 0.4894 -0.6555 0.3986, 0.5032 -0.6384 0.3888, 0.431 -0.678 0.4376, 0.4528 -0.6702 0.431, 0.4724 -0.6596 0.4222, 0.4894 -0.6466 0.4113, 0.5032 -0.6315 0.3986, 0.5133 -0.6149 0.3846, 0.3839 -0.6673 0.4599, 0.4078 -0.666 0.4583, 0.431 -0.662 0.4535, 0.4528 -0.6555 0.4457, 0.4724 -0.6466 0.4352, 0.4894 -0.6357 0.4222, 0.5032 -0.623 0.4071, 0.5133 -0.6091 0.3904, 0.5196 -0.5941 0.3727, 0.5196 -0.5907 0.3751, 0.5133 -0.6023 0.3951, 0.5032 -0.6132 0.414, 0.4894 -0.623 0.431, 0.4724 -0.6315 0.4457, 0.4528 -0.6384 0.4577, 0.431 -0.6435 0.4665, 0.4078 -0.6466 0.4719, 0.3839 -0.6477 0.4737, 0.431 -0.623 0.476, 0.4528 -0.6196 0.4665, 0.4724 -0.6149 0.4535, 0.4894 -0.6091 0.4376, 0.5032 -0.6023 0.4191, 0.5133 -0.5949 0.3986, 0.5196 -0.5869 0.3768, 0.3839 -0.6027 0.49, 0.4078 -0.6023 0.488, 0.523 -0.5788 0.2693, 0.5213 -0.6005 0.2693, 0.5162 -0.6218 0.2693, 0.5078 -0.6419 0.2693, 0.4964 -0.6605 0.2693, 0.4822 -0.6771 0.2693, 0.4656 -0.6913 0.2693, 0.447 -0.7027 0.2693, 0.4269 -0.7111 0.2693, 0.3839 -0.7179 0.2693, 0.4056 -0.7162 0.2693, 0.3839 -0.7218 0.2598, 0.4062 -0.7201 0.2598, 0.4281 -0.7148 0.2598, 0.4488 -0.7062 0.2598, 0.468 -0.6945 0.2598, 0.485 -0.6799 0.2598, 0.4996 -0.6629 0.2598, 0.5113 -0.6437 0.2598, 0.5199 -0.623 0.2598, 0.5252 -0.6011 0.2598, 0.5269 -0.5788 0.2598, 0.3839 -0.7281 0.2517, 0.4072 -0.7262 0.2517, 0.43 -0.7208 0.2517, 0.4517 -0.7118 0.2517, 0.4716 -0.6996 0.2517, 0.4894 -0.6843 0.2517, 0.5047 -0.6665 0.2517, 0.5169 -0.6466 0.2517, 0.5259 -0.6249 0.2517, 0.5313 -0.6021 0.2517, 0.5332 -0.5788 0.2517, 0.3839 -0.7362 0.2454, 0.4085 -0.7343 0.2454, 0.4325 -0.7285 0.2454, 0.4554 -0.7191 0.2454, 0.4764 -0.7062 0.2454, 0.4952 -0.6901 0.2454, 0.5113 -0.6713 0.2454, 0.5242 -0.6503 0.2454, 0.5336 -0.6274 0.2454, 0.5394 -0.6034 0.2454, 0.5413 -0.5788 0.2454, 0.3839 -0.7457 0.2415, 0.41 -0.7437 0.2415, 0.4355 -0.7376 0.2415, 0.4597 -0.7275 0.2415, 0.482 -0.7138 0.2415, 0.5019 -0.6968 0.2415, 0.5189 -0.6769 0.2415, 0.5326 -0.6546 0.2415, 0.5427 -0.6304 0.2415, 0.5488 -0.6049 0.2415, 0.5508 -0.5788 0.2415, 0.3839 -0.7559 0.2402, 0.4116 -0.7537 0.2402, 0.4386 -0.7473 0.2402, 0.4643 -0.7366 0.2402, 0.488 -0.7221 0.2402, 0.5091 -0.704 0.2402, 0.5272 -0.6829 0.2402, 0.5417 -0.6592 0.2402, 0.5524 -0.6335 0.2402, 0.5588 -0.6065 0.2402, 0.561 -0.5788 0.2402, -0.3839 -0.7559 0.2402, -0.3839 -0.7457 0.2415, -0.3839 -0.7362 0.2454, -0.3839 -0.7281 0.2517, -0.3839 -0.7218 0.2598, -0.3839 -0.7179 0.2693, 0.561 0.5787 0.2402, 0.5508 0.5787 0.2415, 0.5413 0.5787 0.2454, 0.5332 0.5787 0.2517, 0.5269 0.5787 0.2598, 0.523 0.5787 0.2693, -0.4056 -0.7162 0.2693, -0.4269 -0.7111 0.2693, -0.447 -0.7027 0.2693, -0.4656 -0.6913 0.2693, -0.4822 -0.6771 0.2693, -0.4964 -0.6605 0.2693, -0.5078 -0.6419 0.2693, -0.5162 -0.6218 0.2693, -0.523 -0.5788 0.2693, -0.5213 -0.6005 0.2693, -0.5269 -0.5788 0.2598, -0.5252 -0.6011 0.2598, -0.5199 -0.623 0.2598, -0.5113 -0.6437 0.2598, -0.4996 -0.6629 0.2598, -0.485 -0.6799 0.2598, -0.468 -0.6945 0.2598, -0.4488 -0.7062 0.2598, -0.4281 -0.7148 0.2598, -0.4062 -0.7201 0.2598, -0.5332 -0.5788 0.2517, -0.5313 -0.6021 0.2517, -0.5259 -0.6249 0.2517, -0.5169 -0.6466 0.2517, -0.5047 -0.6665 0.2517, -0.4894 -0.6843 0.2517, -0.4716 -0.6996 0.2517, -0.4517 -0.7118 0.2517, -0.43 -0.7208 0.2517, -0.4072 -0.7262 0.2517, -0.5413 -0.5788 0.2454, -0.5394 -0.6034 0.2454, -0.5336 -0.6274 0.2454, -0.5242 -0.6503 0.2454, -0.5113 -0.6713 0.2454, -0.4952 -0.6901 0.2454, -0.4764 -0.7062 0.2454, -0.4554 -0.7191 0.2454, -0.4325 -0.7285 0.2454, -0.4085 -0.7343 0.2454, -0.5508 -0.5788 0.2415, -0.5488 -0.6049 0.2415, -0.5427 -0.6304 0.2415, -0.5326 -0.6546 0.2415, -0.5189 -0.6769 0.2415, -0.5019 -0.6968 0.2415, -0.482 -0.7138 0.2415, -0.4597 -0.7275 0.2415, -0.4355 -0.7376 0.2415, -0.41 -0.7437 0.2415, -0.561 -0.5788 0.2402, -0.5588 -0.6065 0.2402, -0.5524 -0.6335 0.2402, -0.5417 -0.6592 0.2402, -0.5272 -0.6829 0.2402, -0.5091 -0.704 0.2402, -0.488 -0.7221 0.2402, -0.4643 -0.7366 0.2402, -0.4386 -0.7473 0.2402, -0.4116 -0.7537 0.2402, 0.3839 0.7179 0.2693, 0.4056 0.7161 0.2693, 0.4269 0.711 0.2693, 0.447 0.7027 0.2693, 0.4656 0.6913 0.2693, 0.4822 0.6771 0.2693, 0.4964 0.6605 0.2693, 0.5078 0.6419 0.2693, 0.5162 0.6217 0.2693, 0.5213 0.6005 0.2693, 0.5252 0.6011 0.2598, 0.5199 0.6229 0.2598, 0.5113 0.6437 0.2598, 0.4996 0.6628 0.2598, 0.485 0.6799 0.2598, 0.468 0.6945 0.2598, 0.4488 0.7062 0.2598, 0.4281 0.7148 0.2598, 0.4062 0.72 0.2598, 0.3839 0.7218 0.2598, 0.5313 0.6021 0.2517, 0.5259 0.6249 0.2517, 0.5169 0.6465 0.2517, 0.5047 0.6665 0.2517, 0.4894 0.6843 0.2517, 0.4716 0.6995 0.2517, 0.4517 0.7118 0.2517, 0.43 0.7207 0.2517, 0.4072 0.7262 0.2517, 0.3839 0.728 0.2517, 0.5394 0.6034 0.2454, 0.5336 0.6274 0.2454, 0.5242 0.6502 0.2454, 0.5113 0.6713 0.2454, 0.4952 0.6901 0.2454, 0.4764 0.7061 0.2454, 0.4554 0.719 0.2454, 0.4325 0.7285 0.2454, 0.4085 0.7343 0.2454, 0.3839 0.7362 0.2454, 0.5488 0.6048 0.2415, 0.5427 0.6303 0.2415, 0.5326 0.6545 0.2415, 0.5189 0.6769 0.2415, 0.5019 0.6968 0.2415, 0.482 0.7138 0.2415, 0.4597 0.7275 0.2415, 0.4355 0.7375 0.2415, 0.41 0.7436 0.2415, 0.3839 0.7457 0.2415, 0.5588 0.6064 0.2402, 0.5524 0.6335 0.2402, 0.5417 0.6592 0.2402, 0.5272 0.6829 0.2402, 0.5091 0.704 0.2402, 0.488 0.7221 0.2402, 0.4643 0.7366 0.2402, 0.4386 0.7472 0.2402, 0.4116 0.7537 0.2402, 0.3839 0.7559 0.2402, -0.561 0.5787 0.2402, -0.5508 0.5787 0.2415, -0.5413 0.5787 0.2454, -0.5332 0.5787 0.2517, -0.5269 0.5787 0.2598, -0.523 0.5787 0.2693, -0.3839 0.7559 0.2402, -0.3839 0.7457 0.2415, -0.3839 0.7362 0.2454, -0.3839 0.728 0.2517, -0.3839 0.7218 0.2598, -0.3839 0.7179 0.2693, -0.5213 0.6005 0.2693, -0.5162 0.6217 0.2693, -0.5078 0.6419 0.2693, -0.4964 0.6605 0.2693, -0.4822 0.6771 0.2693, -0.4656 0.6913 0.2693, -0.447 0.7027 0.2693, -0.4269 0.711 0.2693, -0.4056 0.7161 0.2693, -0.4062 0.72 0.2598, -0.4281 0.7148 0.2598, -0.4488 0.7062 0.2598, -0.468 0.6945 0.2598, -0.485 0.6799 0.2598, -0.4996 0.6628 0.2598, -0.5113 0.6437 0.2598, -0.5199 0.6229 0.2598, -0.5252 0.6011 0.2598, -0.4072 0.7262 0.2517, -0.43 0.7207 0.2517, -0.4517 0.7118 0.2517, -0.4716 0.6995 0.2517, -0.4894 0.6843 0.2517, -0.5047 0.6665 0.2517, -0.5169 0.6465 0.2517, -0.5259 0.6249 0.2517, -0.5313 0.6021 0.2517, -0.4085 0.7343 0.2454, -0.4325 0.7285 0.2454, -0.4554 0.719 0.2454, -0.4764 0.7061 0.2454, -0.4952 0.6901 0.2454, -0.5113 0.6713 0.2454, -0.5242 0.6502 0.2454, -0.5336 0.6274 0.2454, -0.5394 0.6034 0.2454, -0.41 0.7436 0.2415, -0.4355 0.7375 0.2415, -0.4597 0.7275 0.2415, -0.482 0.7138 0.2415, -0.5019 0.6968 0.2415, -0.5189 0.6769 0.2415, -0.5326 0.6545 0.2415, -0.5427 0.6303 0.2415, -0.5488 0.6048 0.2415, -0.4116 0.7537 0.2402, -0.4386 0.7472 0.2402, -0.4643 0.7366 0.2402, -0.488 0.7221 0.2402, -0.5091 0.704 0.2402, -0.5272 0.6829 0.2402, -0.5417 0.6592 0.2402, -0.5524 0.6335 0.2402, -0.5588 0.6064 0.2402
            ]
        }
        coordIndex [
            0,1,2,-1,2,1,3,-1,4,5,6,-1,6,5,7,-1,8,9,10,-1,10,9,11,-1,12,13,14,-1,14,13,15,-1,16,17,18,-1,19,20,21,-1,21,20,22,-1,21,22,23,-1,23,24,21,-1,21,24,25,-1,21,25,18,-1,18,25,26,-1,18,26,16,-1,27,28,29,-1,29,28,18,-1,29,18,30,-1,30,18,17,-1,27,31,28,-1,28,31,32,-1,28,32,33,-1,34,35,36,-1,36,35,37,-1,33,38,28,-1,28,38,39,-1,28,39,36,-1,36,39,40,-1,36,40,34,-1,37,41,36,-1,36,41,42,-1,36,42,21,-1,21,42,43,-1,21,43,19,-1,5,4,44,-1,44,4,45,-1,44,45,46,-1,46,45,47,-1,46,47,48,-1,47,49,48,-1,48,49,50,-1,48,50,51,-1,51,50,52,-1,51,52,53,-1,53,52,54,-1,53,54,55,-1,55,54,56,-1,55,56,57,-1,57,56,58,-1,57,58,59,-1,58,60,59,-1,59,60,61,-1,59,61,62,-1,62,61,63,-1,62,63,64,-1,64,63,65,-1,64,65,66,-1,66,65,67,-1,66,67,11,-1,11,67,10,-1,36,21,68,-1,68,21,69,-1,68,69,70,-1,70,69,71,-1,70,71,72,-1,72,71,73,-1,72,73,74,-1,74,73,75,-1,74,75,76,-1,76,75,77,-1,76,77,78,-1,78,77,79,-1,78,79,80,-1,80,79,81,-1,80,81,82,-1,82,81,83,-1,82,83,84,-1,84,83,85,-1,84,85,86,-1,86,85,87,-1,86,87,88,-1,88,87,89,-1,88,89,5,-1,5,89,7,-1,1,0,90,-1,90,0,91,-1,90,91,92,-1,92,91,93,-1,92,93,94,-1,93,95,94,-1,94,95,96,-1,94,96,97,-1,97,96,98,-1,97,98,99,-1,99,98,100,-1,99,100,101,-1,101,100,102,-1,101,102,103,-1,103,102,104,-1,103,104,105,-1,104,106,105,-1,105,106,107,-1,105,107,108,-1,108,107,109,-1,108,109,110,-1,110,109,111,-1,110,111,112,-1,112,111,113,-1,112,113,7,-1,7,113,6,-1,114,115,116,-1,117,118,119,-1,120,121,122,-1,123,124,125,-1,5,44,126,-1,125,124,5,-1,82,84,123,-1,123,84,86,-1,123,86,124,-1,124,86,88,-1,124,88,5,-1,126,44,127,-1,80,82,128,-1,128,82,123,-1,128,123,129,-1,129,123,125,-1,129,125,130,-1,130,125,5,-1,78,80,131,-1,131,80,128,-1,131,128,132,-1,132,128,129,-1,132,129,133,-1,133,129,130,-1,133,130,134,-1,134,130,5,-1,44,46,127,-1,127,46,48,-1,127,48,135,-1,135,48,51,-1,135,51,136,-1,136,51,53,-1,136,53,137,-1,53,55,137,-1,137,55,57,-1,137,57,138,-1,138,57,59,-1,138,59,139,-1,76,140,74,-1,74,140,141,-1,74,141,72,-1,72,141,142,-1,72,142,70,-1,70,142,122,-1,121,36,122,-1,122,36,68,-1,122,68,70,-1,143,120,144,-1,144,120,122,-1,144,122,145,-1,145,122,142,-1,145,142,146,-1,146,142,141,-1,146,141,147,-1,147,141,140,-1,147,140,148,-1,149,143,150,-1,150,143,144,-1,150,144,151,-1,151,144,145,-1,151,145,152,-1,152,145,146,-1,152,146,153,-1,153,146,147,-1,153,147,154,-1,154,147,148,-1,154,148,155,-1,118,149,119,-1,119,149,150,-1,119,150,156,-1,156,150,151,-1,156,151,157,-1,157,151,152,-1,157,152,158,-1,158,152,153,-1,158,153,159,-1,159,153,154,-1,159,154,160,-1,160,154,155,-1,160,155,161,-1,162,117,163,-1,163,117,119,-1,163,119,164,-1,164,119,156,-1,164,156,165,-1,165,156,157,-1,165,157,166,-1,166,157,158,-1,166,158,167,-1,167,158,159,-1,167,159,168,-1,168,159,160,-1,168,160,169,-1,169,160,161,-1,169,161,170,-1,170,171,169,-1,169,171,172,-1,169,172,168,-1,168,172,173,-1,168,173,167,-1,167,173,174,-1,167,174,166,-1,166,174,175,-1,166,175,165,-1,165,175,176,-1,165,176,164,-1,164,176,177,-1,164,177,163,-1,163,177,178,-1,163,178,162,-1,162,178,179,-1,115,179,116,-1,116,179,178,-1,116,178,180,-1,180,178,177,-1,180,177,181,-1,181,177,176,-1,181,176,182,-1,182,176,175,-1,182,175,183,-1,183,175,174,-1,183,174,184,-1,184,174,173,-1,184,173,185,-1,185,173,172,-1,185,172,186,-1,186,172,171,-1,186,171,5,-1,170,5,171,-1,76,78,140,-1,140,78,131,-1,140,131,148,-1,148,131,132,-1,148,132,155,-1,155,132,133,-1,155,133,161,-1,161,133,134,-1,161,134,170,-1,170,134,5,-1,187,114,188,-1,188,114,116,-1,188,116,139,-1,139,116,180,-1,139,180,138,-1,138,180,181,-1,138,181,137,-1,137,181,182,-1,137,182,136,-1,136,182,183,-1,136,183,135,-1,135,183,184,-1,135,184,127,-1,127,184,185,-1,127,185,126,-1,126,185,186,-1,126,186,5,-1,59,62,139,-1,139,62,64,-1,139,64,188,-1,188,64,66,-1,188,66,187,-1,187,66,11,-1,189,190,191,-1,192,193,194,-1,195,196,197,-1,198,199,200,-1,7,89,201,-1,200,199,7,-1,105,108,198,-1,198,108,110,-1,198,110,199,-1,199,110,112,-1,199,112,7,-1,201,89,202,-1,103,105,203,-1,203,105,198,-1,203,198,204,-1,204,198,200,-1,204,200,205,-1,205,200,7,-1,101,103,206,-1,206,103,203,-1,206,203,207,-1,207,203,204,-1,207,204,208,-1,208,204,205,-1,208,205,209,-1,209,205,7,-1,89,87,202,-1,202,87,85,-1,202,85,210,-1,210,85,83,-1,210,83,211,-1,211,83,81,-1,211,81,212,-1,81,79,212,-1,212,79,77,-1,212,77,213,-1,213,77,75,-1,213,75,214,-1,99,215,97,-1,97,215,216,-1,97,216,94,-1,94,216,217,-1,94,217,92,-1,92,217,197,-1,196,1,197,-1,197,1,90,-1,197,90,92,-1,218,195,219,-1,219,195,197,-1,219,197,220,-1,220,197,217,-1,220,217,221,-1,221,217,216,-1,221,216,222,-1,222,216,215,-1,222,215,223,-1,224,218,225,-1,225,218,219,-1,225,219,226,-1,226,219,220,-1,226,220,227,-1,227,220,221,-1,227,221,228,-1,228,221,222,-1,228,222,229,-1,229,222,223,-1,229,223,230,-1,193,224,194,-1,194,224,225,-1,194,225,231,-1,231,225,226,-1,231,226,232,-1,232,226,227,-1,232,227,233,-1,233,227,228,-1,233,228,234,-1,234,228,229,-1,234,229,235,-1,235,229,230,-1,235,230,236,-1,237,192,238,-1,238,192,194,-1,238,194,239,-1,239,194,231,-1,239,231,240,-1,240,231,232,-1,240,232,241,-1,241,232,233,-1,241,233,242,-1,242,233,234,-1,242,234,243,-1,243,234,235,-1,243,235,244,-1,244,235,236,-1,244,236,245,-1,245,246,244,-1,244,246,247,-1,244,247,243,-1,243,247,248,-1,243,248,242,-1,242,248,249,-1,242,249,241,-1,241,249,250,-1,241,250,240,-1,240,250,251,-1,240,251,239,-1,239,251,252,-1,239,252,238,-1,238,252,253,-1,238,253,237,-1,237,253,254,-1,190,254,191,-1,191,254,253,-1,191,253,255,-1,255,253,252,-1,255,252,256,-1,256,252,251,-1,256,251,257,-1,257,251,250,-1,257,250,258,-1,258,250,249,-1,258,249,259,-1,259,249,248,-1,259,248,260,-1,260,248,247,-1,260,247,261,-1,261,247,246,-1,261,246,7,-1,245,7,246,-1,99,101,215,-1,215,101,206,-1,215,206,223,-1,223,206,207,-1,223,207,230,-1,230,207,208,-1,230,208,236,-1,236,208,209,-1,236,209,245,-1,245,209,7,-1,262,189,263,-1,263,189,191,-1,263,191,214,-1,214,191,255,-1,214,255,213,-1,213,255,256,-1,213,256,212,-1,212,256,257,-1,212,257,211,-1,211,257,258,-1,211,258,210,-1,210,258,259,-1,210,259,202,-1,202,259,260,-1,202,260,201,-1,201,260,261,-1,201,261,7,-1,75,73,214,-1,214,73,71,-1,214,71,263,-1,263,71,69,-1,263,69,262,-1,262,69,21,-1,9,8,264,-1,264,8,265,-1,264,265,266,-1,266,265,267,-1,266,267,268,-1,267,269,268,-1,268,269,270,-1,268,270,271,-1,271,270,272,-1,271,272,273,-1,273,272,274,-1,273,274,275,-1,275,274,276,-1,275,276,277,-1,277,276,278,-1,277,278,279,-1,278,280,279,-1,279,280,281,-1,279,281,282,-1,282,281,283,-1,282,283,284,-1,284,283,285,-1,284,285,286,-1,286,285,287,-1,286,287,15,-1,15,287,14,-1,11,9,187,-1,187,9,288,-1,187,288,114,-1,114,288,289,-1,114,289,115,-1,115,289,290,-1,115,290,179,-1,179,290,291,-1,179,291,162,-1,162,291,292,-1,162,292,117,-1,117,292,293,-1,117,293,118,-1,118,293,294,-1,118,294,149,-1,149,294,295,-1,149,295,143,-1,143,295,296,-1,143,296,120,-1,120,296,297,-1,120,297,121,-1,121,297,298,-1,121,298,36,-1,36,298,28,-1,21,18,262,-1,262,18,299,-1,262,299,189,-1,189,299,300,-1,189,300,190,-1,190,300,301,-1,190,301,254,-1,254,301,302,-1,254,302,237,-1,237,302,303,-1,237,303,192,-1,192,303,304,-1,192,304,193,-1,193,304,305,-1,193,305,224,-1,224,305,306,-1,224,306,218,-1,218,306,307,-1,218,307,195,-1,195,307,308,-1,195,308,196,-1,196,308,309,-1,196,309,1,-1,1,309,3,-1,13,12,310,-1,310,12,311,-1,310,311,312,-1,312,311,313,-1,312,313,314,-1,313,315,314,-1,314,315,316,-1,314,316,317,-1,317,316,318,-1,317,318,319,-1,319,318,320,-1,319,320,321,-1,321,320,322,-1,321,322,323,-1,323,322,324,-1,323,324,325,-1,324,326,325,-1,325,326,327,-1,325,327,328,-1,328,327,329,-1,328,329,330,-1,330,329,331,-1,330,331,332,-1,332,331,333,-1,332,333,3,-1,3,333,2,-1,334,335,336,-1,337,338,339,-1,340,341,342,-1,343,344,345,-1,9,264,346,-1,345,344,9,-1,291,290,343,-1,343,290,289,-1,343,289,344,-1,344,289,288,-1,344,288,9,-1,346,264,347,-1,292,291,348,-1,348,291,343,-1,348,343,349,-1,349,343,345,-1,349,345,350,-1,350,345,9,-1,293,292,351,-1,351,292,348,-1,351,348,352,-1,352,348,349,-1,352,349,353,-1,353,349,350,-1,353,350,354,-1,354,350,9,-1,264,266,347,-1,347,266,268,-1,347,268,355,-1,355,268,271,-1,355,271,356,-1,356,271,273,-1,356,273,357,-1,273,275,357,-1,357,275,277,-1,357,277,358,-1,358,277,279,-1,358,279,359,-1,294,360,295,-1,295,360,361,-1,295,361,296,-1,296,361,362,-1,296,362,297,-1,297,362,342,-1,341,28,342,-1,342,28,298,-1,342,298,297,-1,363,340,364,-1,364,340,342,-1,364,342,365,-1,365,342,362,-1,365,362,366,-1,366,362,361,-1,366,361,367,-1,367,361,360,-1,367,360,368,-1,369,363,370,-1,370,363,364,-1,370,364,371,-1,371,364,365,-1,371,365,372,-1,372,365,366,-1,372,366,373,-1,373,366,367,-1,373,367,374,-1,374,367,368,-1,374,368,375,-1,338,369,339,-1,339,369,370,-1,339,370,376,-1,376,370,371,-1,376,371,377,-1,377,371,372,-1,377,372,378,-1,378,372,373,-1,378,373,379,-1,379,373,374,-1,379,374,380,-1,380,374,375,-1,380,375,381,-1,382,337,383,-1,383,337,339,-1,383,339,384,-1,384,339,376,-1,384,376,385,-1,385,376,377,-1,385,377,386,-1,386,377,378,-1,386,378,387,-1,387,378,379,-1,387,379,388,-1,388,379,380,-1,388,380,389,-1,389,380,381,-1,389,381,390,-1,390,391,389,-1,389,391,392,-1,389,392,388,-1,388,392,393,-1,388,393,387,-1,387,393,394,-1,387,394,386,-1,386,394,395,-1,386,395,385,-1,385,395,396,-1,385,396,384,-1,384,396,397,-1,384,397,383,-1,383,397,398,-1,383,398,382,-1,382,398,399,-1,335,399,336,-1,336,399,398,-1,336,398,400,-1,400,398,397,-1,400,397,401,-1,401,397,396,-1,401,396,402,-1,402,396,395,-1,402,395,403,-1,403,395,394,-1,403,394,404,-1,404,394,393,-1,404,393,405,-1,405,393,392,-1,405,392,406,-1,406,392,391,-1,406,391,9,-1,390,9,391,-1,294,293,360,-1,360,293,351,-1,360,351,368,-1,368,351,352,-1,368,352,375,-1,375,352,353,-1,375,353,381,-1,381,353,354,-1,381,354,390,-1,390,354,9,-1,407,334,408,-1,408,334,336,-1,408,336,359,-1,359,336,400,-1,359,400,358,-1,358,400,401,-1,358,401,357,-1,357,401,402,-1,357,402,356,-1,356,402,403,-1,356,403,355,-1,355,403,404,-1,355,404,347,-1,347,404,405,-1,347,405,346,-1,346,405,406,-1,346,406,9,-1,279,282,359,-1,359,282,284,-1,359,284,408,-1,408,284,286,-1,408,286,407,-1,407,286,15,-1,409,410,411,-1,412,413,414,-1,415,416,417,-1,418,419,420,-1,3,309,421,-1,420,419,3,-1,325,328,418,-1,418,328,330,-1,418,330,419,-1,419,330,332,-1,419,332,3,-1,421,309,422,-1,323,325,423,-1,423,325,418,-1,423,418,424,-1,424,418,420,-1,424,420,425,-1,425,420,3,-1,321,323,426,-1,426,323,423,-1,426,423,427,-1,427,423,424,-1,427,424,428,-1,428,424,425,-1,428,425,429,-1,429,425,3,-1,309,308,422,-1,422,308,307,-1,422,307,430,-1,430,307,306,-1,430,306,431,-1,431,306,305,-1,431,305,432,-1,305,304,432,-1,432,304,303,-1,432,303,433,-1,433,303,302,-1,433,302,434,-1,319,435,317,-1,317,435,436,-1,317,436,314,-1,314,436,437,-1,314,437,312,-1,312,437,417,-1,416,13,417,-1,417,13,310,-1,417,310,312,-1,438,415,439,-1,439,415,417,-1,439,417,440,-1,440,417,437,-1,440,437,441,-1,441,437,436,-1,441,436,442,-1,442,436,435,-1,442,435,443,-1,444,438,445,-1,445,438,439,-1,445,439,446,-1,446,439,440,-1,446,440,447,-1,447,440,441,-1,447,441,448,-1,448,441,442,-1,448,442,449,-1,449,442,443,-1,449,443,450,-1,413,444,414,-1,414,444,445,-1,414,445,451,-1,451,445,446,-1,451,446,452,-1,452,446,447,-1,452,447,453,-1,453,447,448,-1,453,448,454,-1,454,448,449,-1,454,449,455,-1,455,449,450,-1,455,450,456,-1,457,412,458,-1,458,412,414,-1,458,414,459,-1,459,414,451,-1,459,451,460,-1,460,451,452,-1,460,452,461,-1,461,452,453,-1,461,453,462,-1,462,453,454,-1,462,454,463,-1,463,454,455,-1,463,455,464,-1,464,455,456,-1,464,456,465,-1,465,466,464,-1,464,466,467,-1,464,467,463,-1,463,467,468,-1,463,468,462,-1,462,468,469,-1,462,469,461,-1,461,469,470,-1,461,470,460,-1,460,470,471,-1,460,471,459,-1,459,471,472,-1,459,472,458,-1,458,472,473,-1,458,473,457,-1,457,473,474,-1,410,474,411,-1,411,474,473,-1,411,473,475,-1,475,473,472,-1,475,472,476,-1,476,472,471,-1,476,471,477,-1,477,471,470,-1,477,470,478,-1,478,470,469,-1,478,469,479,-1,479,469,468,-1,479,468,480,-1,480,468,467,-1,480,467,481,-1,481,467,466,-1,481,466,3,-1,465,3,466,-1,319,321,435,-1,435,321,426,-1,435,426,443,-1,443,426,427,-1,443,427,450,-1,450,427,428,-1,450,428,456,-1,456,428,429,-1,456,429,465,-1,465,429,3,-1,482,409,483,-1,483,409,411,-1,483,411,434,-1,434,411,475,-1,434,475,433,-1,433,475,476,-1,433,476,432,-1,432,476,477,-1,432,477,431,-1,431,477,478,-1,431,478,430,-1,430,478,479,-1,430,479,422,-1,422,479,480,-1,422,480,421,-1,421,480,481,-1,421,481,3,-1,302,301,434,-1,434,301,300,-1,434,300,483,-1,483,300,299,-1,483,299,482,-1,482,299,18,-1,18,28,482,-1,482,28,341,-1,482,341,409,-1,409,341,340,-1,409,340,410,-1,410,340,363,-1,410,363,474,-1,474,363,369,-1,474,369,457,-1,457,369,338,-1,457,338,412,-1,412,338,337,-1,412,337,413,-1,413,337,382,-1,413,382,444,-1,444,382,399,-1,444,399,438,-1,438,399,335,-1,438,335,415,-1,415,335,334,-1,415,334,416,-1,416,334,407,-1,416,407,13,-1,13,407,15,-1,484,2,485,-1,485,2,333,-1,485,333,486,-1,333,331,486,-1,486,331,329,-1,486,329,487,-1,329,327,487,-1,487,327,326,-1,487,326,488,-1,488,326,324,-1,488,324,489,-1,489,324,322,-1,489,322,490,-1,490,322,320,-1,490,320,491,-1,320,318,491,-1,491,318,316,-1,491,316,492,-1,12,493,311,-1,311,493,494,-1,311,494,313,-1,313,494,492,-1,313,492,315,-1,315,492,316,-1,493,495,494,-1,494,495,496,-1,494,496,492,-1,492,496,497,-1,492,497,491,-1,491,497,498,-1,491,498,490,-1,490,498,499,-1,490,499,489,-1,489,499,500,-1,489,500,488,-1,488,500,501,-1,488,501,487,-1,487,501,502,-1,487,502,486,-1,486,502,503,-1,486,503,485,-1,485,503,504,-1,485,504,484,-1,484,504,505,-1,495,506,496,-1,496,506,507,-1,496,507,497,-1,497,507,508,-1,497,508,498,-1,498,508,509,-1,498,509,499,-1,499,509,510,-1,499,510,500,-1,500,510,511,-1,500,511,501,-1,501,511,512,-1,501,512,502,-1,502,512,513,-1,502,513,503,-1,503,513,514,-1,503,514,504,-1,504,514,515,-1,504,515,505,-1,505,515,516,-1,506,517,507,-1,507,517,518,-1,507,518,508,-1,508,518,519,-1,508,519,509,-1,509,519,520,-1,509,520,510,-1,510,520,521,-1,510,521,511,-1,511,521,522,-1,511,522,512,-1,512,522,523,-1,512,523,513,-1,513,523,524,-1,513,524,514,-1,514,524,525,-1,514,525,515,-1,515,525,526,-1,515,526,516,-1,516,526,527,-1,517,528,518,-1,518,528,529,-1,518,529,519,-1,519,529,530,-1,519,530,520,-1,520,530,531,-1,520,531,521,-1,521,531,532,-1,521,532,522,-1,522,532,533,-1,522,533,523,-1,523,533,534,-1,523,534,524,-1,524,534,535,-1,524,535,525,-1,525,535,536,-1,525,536,526,-1,526,536,537,-1,526,537,527,-1,527,537,538,-1,528,539,529,-1,529,539,540,-1,529,540,530,-1,530,540,541,-1,530,541,531,-1,531,541,542,-1,531,542,532,-1,532,542,543,-1,532,543,533,-1,533,543,544,-1,533,544,534,-1,534,544,545,-1,534,545,535,-1,535,545,546,-1,535,546,536,-1,536,546,547,-1,536,547,537,-1,537,547,548,-1,537,548,538,-1,538,548,549,-1,550,539,551,-1,551,539,528,-1,551,528,552,-1,552,528,517,-1,552,517,553,-1,553,517,506,-1,553,506,554,-1,554,506,495,-1,554,495,555,-1,555,495,493,-1,555,493,14,-1,14,493,12,-1,549,556,538,-1,538,556,557,-1,538,557,527,-1,527,557,558,-1,527,558,516,-1,516,558,559,-1,516,559,505,-1,505,559,560,-1,505,560,484,-1,484,560,561,-1,484,561,2,-1,2,561,0,-1,555,14,562,-1,562,14,287,-1,562,287,563,-1,287,285,563,-1,563,285,283,-1,563,283,564,-1,283,281,564,-1,564,281,280,-1,564,280,565,-1,565,280,278,-1,565,278,566,-1,566,278,276,-1,566,276,567,-1,567,276,274,-1,567,274,568,-1,274,272,568,-1,568,272,270,-1,568,270,569,-1,8,570,265,-1,265,570,571,-1,265,571,267,-1,267,571,569,-1,267,569,269,-1,269,569,270,-1,570,572,571,-1,571,572,573,-1,571,573,569,-1,569,573,574,-1,569,574,568,-1,568,574,575,-1,568,575,567,-1,567,575,576,-1,567,576,566,-1,566,576,577,-1,566,577,565,-1,565,577,578,-1,565,578,564,-1,564,578,579,-1,564,579,563,-1,563,579,580,-1,563,580,562,-1,562,580,581,-1,562,581,555,-1,555,581,554,-1,572,582,573,-1,573,582,583,-1,573,583,574,-1,574,583,584,-1,574,584,575,-1,575,584,585,-1,575,585,576,-1,576,585,586,-1,576,586,577,-1,577,586,587,-1,577,587,578,-1,578,587,588,-1,578,588,579,-1,579,588,589,-1,579,589,580,-1,580,589,590,-1,580,590,581,-1,581,590,591,-1,581,591,554,-1,554,591,553,-1,582,592,583,-1,583,592,593,-1,583,593,584,-1,584,593,594,-1,584,594,585,-1,585,594,595,-1,585,595,586,-1,586,595,596,-1,586,596,587,-1,587,596,597,-1,587,597,588,-1,588,597,598,-1,588,598,589,-1,589,598,599,-1,589,599,590,-1,590,599,600,-1,590,600,591,-1,591,600,601,-1,591,601,553,-1,553,601,552,-1,592,602,593,-1,593,602,603,-1,593,603,594,-1,594,603,604,-1,594,604,595,-1,595,604,605,-1,595,605,596,-1,596,605,606,-1,596,606,597,-1,597,606,607,-1,597,607,598,-1,598,607,608,-1,598,608,599,-1,599,608,609,-1,599,609,600,-1,600,609,610,-1,600,610,601,-1,601,610,611,-1,601,611,552,-1,552,611,551,-1,602,612,603,-1,603,612,613,-1,603,613,604,-1,604,613,614,-1,604,614,605,-1,605,614,615,-1,605,615,606,-1,606,615,616,-1,606,616,607,-1,607,616,617,-1,607,617,608,-1,608,617,618,-1,608,618,609,-1,609,618,619,-1,609,619,610,-1,610,619,620,-1,610,620,611,-1,611,620,621,-1,611,621,551,-1,551,621,550,-1,622,6,623,-1,623,6,113,-1,623,113,624,-1,113,111,624,-1,624,111,109,-1,624,109,625,-1,109,107,625,-1,625,107,106,-1,625,106,626,-1,626,106,104,-1,626,104,627,-1,627,104,102,-1,627,102,628,-1,628,102,100,-1,628,100,629,-1,100,98,629,-1,629,98,96,-1,629,96,630,-1,0,561,91,-1,91,561,631,-1,91,631,93,-1,93,631,630,-1,93,630,95,-1,95,630,96,-1,561,560,631,-1,631,560,632,-1,631,632,630,-1,630,632,633,-1,630,633,629,-1,629,633,634,-1,629,634,628,-1,628,634,635,-1,628,635,627,-1,627,635,636,-1,627,636,626,-1,626,636,637,-1,626,637,625,-1,625,637,638,-1,625,638,624,-1,624,638,639,-1,624,639,623,-1,623,639,640,-1,623,640,622,-1,622,640,641,-1,560,559,632,-1,632,559,642,-1,632,642,633,-1,633,642,643,-1,633,643,634,-1,634,643,644,-1,634,644,635,-1,635,644,645,-1,635,645,636,-1,636,645,646,-1,636,646,637,-1,637,646,647,-1,637,647,638,-1,638,647,648,-1,638,648,639,-1,639,648,649,-1,639,649,640,-1,640,649,650,-1,640,650,641,-1,641,650,651,-1,559,558,642,-1,642,558,652,-1,642,652,643,-1,643,652,653,-1,643,653,644,-1,644,653,654,-1,644,654,645,-1,645,654,655,-1,645,655,646,-1,646,655,656,-1,646,656,647,-1,647,656,657,-1,647,657,648,-1,648,657,658,-1,648,658,649,-1,649,658,659,-1,649,659,650,-1,650,659,660,-1,650,660,651,-1,651,660,661,-1,558,557,652,-1,652,557,662,-1,652,662,653,-1,653,662,663,-1,653,663,654,-1,654,663,664,-1,654,664,655,-1,655,664,665,-1,655,665,656,-1,656,665,666,-1,656,666,657,-1,657,666,667,-1,657,667,658,-1,658,667,668,-1,658,668,659,-1,659,668,669,-1,659,669,660,-1,660,669,670,-1,660,670,661,-1,661,670,671,-1,557,556,662,-1,662,556,672,-1,662,672,663,-1,663,672,673,-1,663,673,664,-1,664,673,674,-1,664,674,665,-1,665,674,675,-1,665,675,666,-1,666,675,676,-1,666,676,667,-1,667,676,677,-1,667,677,668,-1,668,677,678,-1,668,678,669,-1,669,678,679,-1,669,679,670,-1,670,679,680,-1,670,680,671,-1,671,680,681,-1,682,612,683,-1,683,612,602,-1,683,602,684,-1,684,602,592,-1,684,592,685,-1,685,592,582,-1,685,582,686,-1,686,582,572,-1,686,572,687,-1,687,572,570,-1,687,570,10,-1,10,570,8,-1,681,688,671,-1,671,688,689,-1,671,689,661,-1,661,689,690,-1,661,690,651,-1,651,690,691,-1,651,691,641,-1,641,691,692,-1,641,692,622,-1,622,692,693,-1,622,693,6,-1,6,693,4,-1,687,10,694,-1,694,10,67,-1,694,67,695,-1,67,65,695,-1,695,65,63,-1,695,63,696,-1,63,61,696,-1,696,61,60,-1,696,60,697,-1,697,60,58,-1,697,58,698,-1,698,58,56,-1,698,56,699,-1,699,56,54,-1,699,54,700,-1,54,52,700,-1,700,52,50,-1,700,50,701,-1,4,693,45,-1,45,693,702,-1,45,702,47,-1,47,702,701,-1,47,701,49,-1,49,701,50,-1,693,692,702,-1,702,692,703,-1,702,703,701,-1,701,703,704,-1,701,704,700,-1,700,704,705,-1,700,705,699,-1,699,705,706,-1,699,706,698,-1,698,706,707,-1,698,707,697,-1,697,707,708,-1,697,708,696,-1,696,708,709,-1,696,709,695,-1,695,709,710,-1,695,710,694,-1,694,710,711,-1,694,711,687,-1,687,711,686,-1,692,691,703,-1,703,691,712,-1,703,712,704,-1,704,712,713,-1,704,713,705,-1,705,713,714,-1,705,714,706,-1,706,714,715,-1,706,715,707,-1,707,715,716,-1,707,716,708,-1,708,716,717,-1,708,717,709,-1,709,717,718,-1,709,718,710,-1,710,718,719,-1,710,719,711,-1,711,719,720,-1,711,720,686,-1,686,720,685,-1,691,690,712,-1,712,690,721,-1,712,721,713,-1,713,721,722,-1,713,722,714,-1,714,722,723,-1,714,723,715,-1,715,723,724,-1,715,724,716,-1,716,724,725,-1,716,725,717,-1,717,725,726,-1,717,726,718,-1,718,726,727,-1,718,727,719,-1,719,727,728,-1,719,728,720,-1,720,728,729,-1,720,729,685,-1,685,729,684,-1,690,689,721,-1,721,689,730,-1,721,730,722,-1,722,730,731,-1,722,731,723,-1,723,731,732,-1,723,732,724,-1,724,732,733,-1,724,733,725,-1,725,733,734,-1,725,734,726,-1,726,734,735,-1,726,735,727,-1,727,735,736,-1,727,736,728,-1,728,736,737,-1,728,737,729,-1,729,737,738,-1,729,738,684,-1,684,738,683,-1,689,688,730,-1,730,688,739,-1,730,739,731,-1,731,739,740,-1,731,740,732,-1,732,740,741,-1,732,741,733,-1,733,741,742,-1,733,742,734,-1,734,742,743,-1,734,743,735,-1,735,743,744,-1,735,744,736,-1,736,744,745,-1,736,745,737,-1,737,745,746,-1,737,746,738,-1,738,746,747,-1,738,747,683,-1,683,747,682,-1,
        ]
    }
}
Shape{
    appearance Appearance {
        material  Material 	{
            diffuseColor 0.0 0.0 0.0
            specularColor 0.0 0.0 0.0
            ambientIntensity 0.0
            transparency 0.0
            shininess 0.5
        }
    }
    geometry IndexedFaceSet {
        ccw TRUE
        solid FALSE
        coord DEF co Coordinate {
            point [
                0.128 0.2283 0.4882, 0.128 0.2283 0.4921, 0.1236 0.2614 0.4882, 0.1236 0.2614 0.4921, 0.1108 0.2923 0.4882, 0.1108 0.2923 0.4921, 0.0905 0.3188 0.4882, 0.0905 0.3188 0.4921, 0.064 0.3391 0.4882, 0.064 0.3391 0.4921, 0.0331 0.3519 0.4882, 0.0331 0.3519 0.4921, 0.0 0.3563 0.4882, 0.0 0.3563 0.4921, -0.0331 0.3519 0.4882, -0.0331 0.3519 0.4921, -0.064 0.3391 0.4882, -0.064 0.3391 0.4921, -0.0905 0.3188 0.4882, -0.0905 0.3188 0.4921, -0.1108 0.2923 0.4882, -0.1108 0.2923 0.4921, -0.1236 0.2614 0.4882, -0.1236 0.2614 0.4921, -0.128 0.2283 0.4882, -0.128 0.2283 0.4921, -0.1236 0.1952 0.4882, -0.1236 0.1952 0.4921, -0.1108 0.1644 0.4882, -0.1108 0.1644 0.4921, -0.0905 0.1379 0.4882, -0.0905 0.1379 0.4921, -0.064 0.1175 0.4882, -0.064 0.1175 0.4921, -0.0331 0.1047 0.4882, -0.0331 0.1047 0.4921, 0.0 0.1004 0.4882, 0.0 0.1004 0.4921, 0.0331 0.1047 0.4882, 0.0331 0.1047 0.4921, 0.064 0.1175 0.4882, 0.064 0.1175 0.4921, 0.0905 0.1379 0.4882, 0.0905 0.1379 0.4921, 0.1108 0.1644 0.4882, 0.1108 0.1644 0.4921, 0.1236 0.1952 0.4882, 0.1236 0.1952 0.4921, 0.0 0.2283 0.4882
            ]
        }
        coordIndex [
            0,1,2,-1,2,1,3,-1,2,3,4,-1,4,3,5,-1,4,5,6,-1,6,5,7,-1,6,7,8,-1,8,7,9,-1,8,9,10,-1,10,9,11,-1,10,11,12,-1,12,11,13,-1,12,13,14,-1,14,13,15,-1,14,15,16,-1,16,15,17,-1,16,17,18,-1,18,17,19,-1,18,19,20,-1,20,19,21,-1,20,21,22,-1,22,21,23,-1,22,23,24,-1,24,23,25,-1,24,25,26,-1,26,25,27,-1,26,27,28,-1,28,27,29,-1,28,29,30,-1,30,29,31,-1,30,31,32,-1,32,31,33,-1,32,33,34,-1,34,33,35,-1,34,35,36,-1,36,35,37,-1,36,37,38,-1,38,37,39,-1,38,39,40,-1,40,39,41,-1,40,41,42,-1,42,41,43,-1,42,43,44,-1,44,43,45,-1,44,45,46,-1,46,45,47,-1,46,47,0,-1,0,47,1,-1,44,46,48,-1,48,46,0,-1,48,0,2,-1,38,40,48,-1,48,40,42,-1,48,42,44,-1,32,34,48,-1,48,34,36,-1,48,36,38,-1,26,28,48,-1,48,28,30,-1,48,30,32,-1,20,22,48,-1,48,22,24,-1,48,24,26,-1,14,16,48,-1,48,16,18,-1,48,18,20,-1,8,10,48,-1,48,10,12,-1,48,12,14,-1,2,4,48,-1,48,4,6,-1,48,6,8,-1,
        ]
    }
}
Shape{
    appearance Appearance {
        material  Material 	{
            diffuseColor 0.9686274509803922 0.8784313725490196 0.6
            specularColor 0.6784313725490196 0.615686274509804 0.4196078431372549
            ambientIntensity 0.8737
            transparency 0.0
            shininess 0.5
        }
    }
    geometry IndexedFaceSet {
        ccw TRUE
        solid FALSE
        coord DEF co Coordinate {
            point [
                -0.5512 0.7086 0.0039, -0.5512 0.7086 0.0, -0.5512 0.4724 0.0039, -0.5512 0.4724 0.0, -0.1969 0.4724 0.0039, -0.1969 0.4724 0.0, -0.1969 0.7086 0.0039, -0.1969 0.7086 0.0, 0.5512 -0.4725 0.0039, 0.5512 -0.4725 0.0, 0.1969 -0.4725 0.0039, 0.1969 -0.4725 0.0, 0.1969 -0.6634 0.0039, 0.1969 -0.7087 0.0, 0.1969 -0.7087 0.0039, 0.5512 -0.7087 0.0039, 0.5512 -0.7087 0.0, 0.5512 -0.6634 0.0039, -0.5512 0.3149 0.0039, -0.5512 0.3149 0.0, -0.5512 0.0787 0.0039, -0.5512 0.0787 0.0, -0.1969 0.0787 0.0039, -0.1969 0.0787 0.0, -0.1969 0.3149 0.0039, -0.1969 0.3149 0.0, -0.5512 -0.0788 0.0039, -0.5512 -0.0788 0.0, -0.5512 -0.315 0.0039, -0.5512 -0.315 0.0, -0.1969 -0.315 0.0039, -0.1969 -0.315 0.0, -0.1969 -0.0788 0.0039, -0.1969 -0.0788 0.0, -0.5512 -0.4725 0.0039, -0.5512 -0.4725 0.0, -0.5512 -0.6634 0.0039, -0.5512 -0.7087 0.0, -0.5512 -0.7087 0.0039, -0.1969 -0.7087 0.0039, -0.1969 -0.7087 0.0, -0.1969 -0.6634 0.0039, -0.1969 -0.4725 0.0, -0.1969 -0.4725 0.0039, 0.5512 -0.0788 0.0039, 0.5512 -0.0788 0.0, 0.1969 -0.0788 0.0039, 0.1969 -0.0788 0.0, 0.1969 -0.315 0.0039, 0.1969 -0.315 0.0, 0.5512 -0.315 0.0039, 0.5512 -0.315 0.0, 0.5512 0.3149 0.0039, 0.5512 0.3149 0.0, 0.1969 0.3149 0.0039, 0.1969 0.3149 0.0, 0.1969 0.0787 0.0039, 0.1969 0.0787 0.0, 0.5512 0.0787 0.0039, 0.5512 0.0787 0.0, 0.5512 0.7086 0.0039, 0.5512 0.7086 0.0, 0.1969 0.7086 0.0039, 0.1969 0.7086 0.0, 0.1969 0.4724 0.0039, 0.1969 0.4724 0.0, 0.5512 0.4724 0.0039, 0.5512 0.4724 0.0, 0.0681 -0.5906 0.0, 0.069 -0.5834 0.0039, 0.069 -0.5834 0.0, 0.0717 -0.5768 0.0039, 0.0717 -0.5768 0.0, 0.0761 -0.5711 0.0039, 0.0761 -0.5711 0.0, 0.0818 -0.5667 0.0039, 0.0818 -0.5667 0.0, 0.0885 -0.5639 0.0039, 0.0885 -0.5639 0.0, 0.0956 -0.563 0.0039, 0.0956 -0.563 0.0, 0.1028 -0.5639 0.0039, 0.1028 -0.5639 0.0, 0.1094 -0.5667 0.0039, 0.1094 -0.5667 0.0, 0.1151 -0.5711 0.0039, 0.1151 -0.5711 0.0, 0.1195 -0.5768 0.0039, 0.1195 -0.5768 0.0, 0.1222 -0.5834 0.0039, 0.1222 -0.5834 0.0, 0.1232 -0.5906 0.0039, 0.1232 -0.5906 0.0, 0.1222 -0.5977 0.0039, 0.1222 -0.5977 0.0, 0.1195 -0.6044 0.0039, 0.1195 -0.6044 0.0, 0.1151 -0.6101 0.0039, 0.1151 -0.6101 0.0, 0.1094 -0.6144 0.0039, 0.1094 -0.6144 0.0, 0.1028 -0.6172 0.0039, 0.1028 -0.6172 0.0, 0.0956 -0.6181 0.0039, 0.0956 -0.6181 0.0, 0.0885 -0.6172 0.0039, 0.0885 -0.6172 0.0, 0.0818 -0.6144 0.0039, 0.0818 -0.6144 0.0, 0.0761 -0.6101 0.0039, 0.0761 -0.6101 0.0, 0.0717 -0.6044 0.0039, 0.0717 -0.6044 0.0, 0.069 -0.5977 0.0039, 0.069 -0.5977 0.0, 0.0681 -0.5906 0.0039, 0.0956 -0.5906 0.0
            ]
        }
        coordIndex [
            0,1,2,-1,2,1,3,-1,2,3,4,-1,4,3,5,-1,4,5,6,-1,6,5,7,-1,6,7,0,-1,0,7,1,-1,7,5,1,-1,1,5,3,-1,8,9,10,-1,10,9,11,-1,10,11,12,-1,12,11,13,-1,12,13,14,-1,14,13,15,-1,15,13,16,-1,15,16,17,-1,17,16,9,-1,17,9,8,-1,16,13,9,-1,9,13,11,-1,18,19,20,-1,20,19,21,-1,20,21,22,-1,22,21,23,-1,22,23,24,-1,24,23,25,-1,24,25,18,-1,18,25,19,-1,25,23,19,-1,19,23,21,-1,26,27,28,-1,28,27,29,-1,28,29,30,-1,30,29,31,-1,30,31,32,-1,32,31,33,-1,32,33,26,-1,26,33,27,-1,33,31,27,-1,27,31,29,-1,34,35,36,-1,36,35,37,-1,36,37,38,-1,38,37,39,-1,39,37,40,-1,39,40,41,-1,41,40,42,-1,41,42,43,-1,43,42,34,-1,34,42,35,-1,42,40,35,-1,35,40,37,-1,44,45,46,-1,46,45,47,-1,46,47,48,-1,48,47,49,-1,48,49,50,-1,50,49,51,-1,50,51,44,-1,44,51,45,-1,51,49,45,-1,45,49,47,-1,52,53,54,-1,54,53,55,-1,54,55,56,-1,56,55,57,-1,56,57,58,-1,58,57,59,-1,58,59,52,-1,52,59,53,-1,59,57,53,-1,53,57,55,-1,60,61,62,-1,62,61,63,-1,62,63,64,-1,64,63,65,-1,64,65,66,-1,66,65,67,-1,66,67,60,-1,60,67,61,-1,67,65,61,-1,61,65,63,-1,68,69,70,-1,70,69,71,-1,70,71,72,-1,72,71,73,-1,72,73,74,-1,74,73,75,-1,74,75,76,-1,76,75,77,-1,76,77,78,-1,78,77,79,-1,78,79,80,-1,80,79,81,-1,80,81,82,-1,82,81,83,-1,82,83,84,-1,84,83,85,-1,84,85,86,-1,86,85,87,-1,86,87,88,-1,88,87,89,-1,88,89,90,-1,90,89,91,-1,90,91,92,-1,92,91,93,-1,92,93,94,-1,94,93,95,-1,94,95,96,-1,96,95,97,-1,96,97,98,-1,98,97,99,-1,98,99,100,-1,100,99,101,-1,100,101,102,-1,102,101,103,-1,102,103,104,-1,104,103,105,-1,104,105,106,-1,106,105,107,-1,106,107,108,-1,108,107,109,-1,108,109,110,-1,110,109,111,-1,110,111,112,-1,112,111,113,-1,112,113,114,-1,114,113,115,-1,114,115,68,-1,68,115,69,-1,88,90,116,-1,116,90,92,-1,116,92,94,-1,82,84,116,-1,116,84,86,-1,116,86,88,-1,76,78,116,-1,116,78,80,-1,116,80,82,-1,70,72,116,-1,116,72,74,-1,116,74,76,-1,112,114,116,-1,116,114,68,-1,116,68,70,-1,106,108,116,-1,116,108,110,-1,116,110,112,-1,100,102,116,-1,116,102,104,-1,116,104,106,-1,94,96,116,-1,116,96,98,-1,116,98,100,-1,
        ]
    }
}
Shape{
    appearance Appearance {
        material  Material 	{
            diffuseColor 0.0 0.0 0.0
            specularColor 0.0 0.0 0.0
            ambientIntensity 0.0
            transparency 0.0
            shininess 0.5
        }
    }
    geometry IndexedFaceSet {
        ccw TRUE
        solid FALSE
        coord DEF co Coordinate {
            point [
                -0.0418 0.7874 0.1317, -0.0418 0.7874 0.1276, -0.0418 0.7874 0.1317, -0.0418 0.7874 0.1276, -0.0275 0.7874 0.1318, -0.0275 0.7874 0.1318, -0.0277 0.7874 0.1637, -0.0277 0.7874 0.1637, -0.0277 0.7874 0.1635, -0.023 0.7874 0.1637, -0.023 0.7874 0.1637, -0.0228 0.7874 0.1277, -0.0228 0.7874 0.1277, -0.023 0.7874 0.1635, -0.0703 0.7874 0.1289, -0.0703 0.7874 0.1289, -0.0696 0.7874 0.1286, -0.0603 0.7874 0.1268, -0.0603 0.7874 0.1268, -0.0614 0.7874 0.1269, -0.0658 0.7874 0.1273, -0.0658 0.7874 0.1273, -0.0687 0.7874 0.1283, -0.0696 0.7874 0.1286, -0.0703 0.7874 0.1333, -0.0703 0.7874 0.1333, -0.0687 0.7874 0.1326, -0.0667 0.7874 0.1318, -0.0667 0.7874 0.1318, -0.0626 0.7874 0.131, -0.0626 0.7874 0.131, -0.061 0.7874 0.131, -0.061 0.7874 0.131, -0.0574 0.7874 0.1314, -0.0574 0.7874 0.1314, -0.0548 0.7874 0.1324, -0.0548 0.7874 0.1324, -0.0525 0.7874 0.1341, -0.0525 0.7874 0.1341, -0.0517 0.7874 0.1348, -0.0517 0.7874 0.1348, -0.0502 0.7874 0.137, -0.0502 0.7874 0.137, -0.0489 0.7874 0.1399, -0.0489 0.7874 0.1399, -0.0483 0.7874 0.1434, -0.0483 0.7874 0.1434, -0.0483 0.7874 0.1451, -0.0483 0.7874 0.1451, -0.0489 0.7874 0.1501, -0.0489 0.7874 0.1501, -0.0501 0.7874 0.1532, -0.0501 0.7874 0.1532, -0.0519 0.7874 0.1557, -0.0519 0.7874 0.1557, -0.0521 0.7874 0.1559, -0.0521 0.7874 0.1559, -0.0543 0.7874 0.1577, -0.0543 0.7874 0.1577, -0.0571 0.7874 0.1591, -0.0571 0.7874 0.1591, -0.0602 0.7874 0.1598, -0.0602 0.7874 0.1598, -0.062 0.7874 0.1599, -0.062 0.7874 0.1599, -0.0705 0.7874 0.1577, -0.0705 0.7874 0.1577, -0.0701 0.7874 0.1579, -0.0664 0.7874 0.1593, -0.0664 0.7874 0.1593, -0.0687 0.7874 0.1584, -0.0701 0.7874 0.1579, -0.0705 0.7874 0.1625, -0.0705 0.7874 0.1625, -0.0671 0.7874 0.1635, -0.0667 0.7874 0.1637, -0.0687 0.7874 0.1631, -0.0667 0.7874 0.1637, -0.062 0.7874 0.1641, -0.062 0.7874 0.1641, -0.0567 0.7874 0.1635, -0.0574 0.7874 0.1635, -0.0567 0.7874 0.1635, -0.053 0.7874 0.162, -0.053 0.7874 0.162, -0.0496 0.7874 0.1597, -0.0496 0.7874 0.1597, -0.0487 0.7874 0.1589, -0.0487 0.7874 0.1589, -0.0461 0.7874 0.1555, -0.0461 0.7874 0.1555, -0.0448 0.7874 0.1525, -0.0443 0.7874 0.1515, -0.0443 0.7874 0.1515, -0.0435 0.7874 0.1468, -0.0435 0.7874 0.1468, -0.0434 0.7874 0.1449, -0.0434 0.7874 0.1449, -0.0441 0.7874 0.139, -0.0441 0.7874 0.139, -0.0448 0.7874 0.1372, -0.0455 0.7874 0.1352, -0.0455 0.7874 0.1352, -0.0476 0.7874 0.1322, -0.0476 0.7874 0.1322, -0.0479 0.7874 0.1318, -0.0479 0.7874 0.1318, -0.0584 0.7874 0.1269, -0.0581 0.7874 0.1269, -0.0581 0.7874 0.1269, -0.0542 0.7874 0.1278, -0.0542 0.7874 0.1278, -0.0508 0.7874 0.1294, -0.0508 0.7874 0.1294, -0.0969 0.7874 0.1313, -0.0968 0.7874 0.1272, -0.0969 0.7874 0.1313, -0.0968 0.7874 0.1272, -0.0821 0.7874 0.1314, -0.0821 0.7874 0.1314, -0.0916 0.7874 0.1313, -0.0822 0.7874 0.1435, -0.0822 0.7874 0.1435, -0.0951 0.7874 0.1434, -0.0951 0.7874 0.1434, -0.0916 0.7874 0.1434, -0.0951 0.7874 0.1475, -0.0951 0.7874 0.1475, -0.0823 0.7874 0.1476, -0.0823 0.7874 0.1476, -0.0916 0.7874 0.1476, -0.0823 0.7874 0.1592, -0.0823 0.7874 0.1592, -0.0962 0.7874 0.1591, -0.0962 0.7874 0.1591, -0.0916 0.7874 0.1591, -0.0963 0.7874 0.1632, -0.0963 0.7874 0.1632, -0.0777 0.7874 0.1633, -0.0777 0.7874 0.1633, -0.0916 0.7874 0.1632, -0.0775 0.7874 0.1273, -0.0775 0.7874 0.1273, -0.0916 0.7874 0.1272, -0.1276 0.7874 0.132, -0.1239 0.7874 0.1345, -0.1238 0.7874 0.1293, -0.1215 0.7874 0.1329, -0.1197 0.7874 0.1278, -0.1186 0.7874 0.1317, -0.1136 0.7874 0.1271, -0.1136 0.7874 0.1312, -0.1036 0.7874 0.1271, -0.1083 0.7874 0.1312, -0.1039 0.7874 0.1632, -0.1085 0.7874 0.159, -0.1142 0.7874 0.1631, -0.114 0.7874 0.1589, -0.1145 0.7874 0.1589, -0.1197 0.7874 0.1624, -0.119 0.7874 0.1583, -0.124 0.7874 0.1608, -0.1221 0.7874 0.1571, -0.1278 0.7874 0.1582, -0.1243 0.7874 0.1555, -0.129 0.7874 0.157, -0.1253 0.7874 0.1545, -0.1312 0.7874 0.1538, -0.1267 0.7874 0.1525, -0.1325 0.7874 0.1504, -0.1277 0.7874 0.1498, -0.1331 0.7874 0.1454, -0.1282 0.7874 0.1453, -0.133 0.7874 0.1431, -0.128 0.7874 0.1427, -0.1321 0.7874 0.1389, -0.1273 0.7874 0.1395, -0.1303 0.7874 0.1352, -0.126 0.7874 0.1369, -0.1243 0.7874 0.1348, -0.1136 0.7874 0.1271, -0.1036 0.7874 0.1271, -0.1197 0.7874 0.1278, -0.1238 0.7874 0.1293, -0.1276 0.7874 0.132, -0.1303 0.7874 0.1352, -0.1321 0.7874 0.1389, -0.133 0.7874 0.1431, -0.1331 0.7874 0.1454, -0.1325 0.7874 0.1504, -0.1312 0.7874 0.1538, -0.129 0.7874 0.157, -0.1278 0.7874 0.1582, -0.124 0.7874 0.1608, -0.1197 0.7874 0.1624, -0.1142 0.7874 0.1631, -0.1039 0.7874 0.1632, -0.114 0.7874 0.1589, -0.1085 0.7874 0.159, -0.1083 0.7874 0.1312, -0.1136 0.7874 0.1312, -0.1243 0.7874 0.1348, -0.1239 0.7874 0.1345, -0.1215 0.7874 0.1329, -0.1186 0.7874 0.1317, -0.1282 0.7874 0.1453, -0.128 0.7874 0.1427, -0.1273 0.7874 0.1395, -0.126 0.7874 0.1369, -0.1243 0.7874 0.1555, -0.1253 0.7874 0.1545, -0.1267 0.7874 0.1525, -0.1277 0.7874 0.1498, -0.1145 0.7874 0.1589, -0.119 0.7874 0.1583, -0.1221 0.7874 0.1571
            ]
        }
        coordIndex [
            0,1,2,-1,2,1,3,-1,4,0,5,-1,5,0,2,-1,6,7,8,-1,8,7,4,-1,8,4,5,-1,9,7,10,-1,10,7,6,-1,11,12,13,-1,13,12,9,-1,13,9,10,-1,1,12,3,-1,3,12,11,-1,7,9,4,-1,4,9,12,-1,4,12,0,-1,0,12,1,-1,14,15,16,-1,17,18,19,-1,17,19,20,-1,19,21,20,-1,20,21,22,-1,20,22,16,-1,16,22,23,-1,16,23,14,-1,24,15,25,-1,25,15,14,-1,24,25,26,-1,24,26,27,-1,26,28,27,-1,27,28,29,-1,27,29,30,-1,30,29,31,-1,30,31,32,-1,32,31,33,-1,32,33,34,-1,34,33,35,-1,34,35,36,-1,36,35,37,-1,36,37,38,-1,38,37,39,-1,38,39,40,-1,40,39,41,-1,40,41,42,-1,42,41,43,-1,42,43,44,-1,44,43,45,-1,44,45,46,-1,46,45,47,-1,46,47,48,-1,48,47,49,-1,48,49,50,-1,50,49,51,-1,50,51,52,-1,52,51,53,-1,52,53,54,-1,54,53,55,-1,54,55,56,-1,56,55,57,-1,56,57,58,-1,58,57,59,-1,58,59,60,-1,60,59,61,-1,60,61,62,-1,62,61,63,-1,62,63,64,-1,65,66,67,-1,64,63,68,-1,64,68,69,-1,69,68,70,-1,69,70,67,-1,67,70,71,-1,67,71,65,-1,72,66,73,-1,73,66,65,-1,74,75,76,-1,76,75,72,-1,76,72,73,-1,74,77,75,-1,75,77,78,-1,75,78,79,-1,80,79,81,-1,81,79,78,-1,81,82,80,-1,80,82,83,-1,80,83,84,-1,84,83,85,-1,84,85,86,-1,86,85,87,-1,86,87,88,-1,88,87,89,-1,88,89,90,-1,90,89,91,-1,90,91,92,-1,91,93,92,-1,92,93,94,-1,92,94,95,-1,95,94,96,-1,95,96,97,-1,97,96,98,-1,97,98,99,-1,99,98,100,-1,99,100,101,-1,100,102,101,-1,101,102,103,-1,101,103,104,-1,104,103,105,-1,104,105,106,-1,18,17,107,-1,107,17,108,-1,107,108,109,-1,109,108,110,-1,109,110,111,-1,111,110,112,-1,111,112,113,-1,113,112,106,-1,113,106,105,-1,58,60,80,-1,50,52,90,-1,90,52,88,-1,80,60,79,-1,60,62,79,-1,79,62,64,-1,79,64,75,-1,75,64,69,-1,75,69,72,-1,72,69,67,-1,72,67,66,-1,15,24,16,-1,16,24,27,-1,16,27,20,-1,20,27,30,-1,20,30,17,-1,17,30,32,-1,17,32,108,-1,108,32,34,-1,108,34,110,-1,110,34,36,-1,110,36,112,-1,112,36,38,-1,112,38,106,-1,106,38,40,-1,106,40,104,-1,104,40,42,-1,104,42,101,-1,97,48,95,-1,95,48,50,-1,95,50,92,-1,92,50,90,-1,52,54,88,-1,88,54,56,-1,88,56,86,-1,86,56,58,-1,86,58,84,-1,84,58,80,-1,101,42,99,-1,99,42,44,-1,99,44,97,-1,97,44,46,-1,97,46,48,-1,114,115,116,-1,116,115,117,-1,118,119,120,-1,120,119,114,-1,120,114,116,-1,121,119,122,-1,122,119,118,-1,123,124,125,-1,125,124,121,-1,125,121,122,-1,126,124,127,-1,127,124,123,-1,128,129,130,-1,130,129,126,-1,130,126,127,-1,131,129,132,-1,132,129,128,-1,133,134,135,-1,135,134,131,-1,135,131,132,-1,136,134,137,-1,137,134,133,-1,138,139,140,-1,140,139,136,-1,140,136,137,-1,141,139,142,-1,142,139,138,-1,117,115,143,-1,143,115,141,-1,143,141,142,-1,115,114,141,-1,141,114,119,-1,124,126,121,-1,121,126,129,-1,134,136,131,-1,131,136,139,-1,131,139,129,-1,129,139,141,-1,129,141,121,-1,121,141,119,-1,144,145,146,-1,146,145,147,-1,146,147,148,-1,148,147,149,-1,148,149,150,-1,150,149,151,-1,150,151,152,-1,152,151,153,-1,152,153,154,-1,154,153,155,-1,154,155,156,-1,155,157,156,-1,156,157,158,-1,156,158,159,-1,159,158,160,-1,159,160,161,-1,161,160,162,-1,161,162,163,-1,163,162,164,-1,163,164,165,-1,165,164,166,-1,165,166,167,-1,167,166,168,-1,167,168,169,-1,169,168,170,-1,169,170,171,-1,171,170,172,-1,171,172,173,-1,173,172,174,-1,173,174,175,-1,175,174,176,-1,175,176,177,-1,177,176,178,-1,177,178,144,-1,144,178,179,-1,144,179,145,-1,150,152,180,-1,180,152,181,-1,150,180,182,-1,150,182,148,-1,148,182,183,-1,148,183,146,-1,146,183,184,-1,146,184,144,-1,144,184,185,-1,144,185,177,-1,177,185,186,-1,177,186,175,-1,175,186,187,-1,175,187,173,-1,173,187,188,-1,173,188,171,-1,171,188,189,-1,171,189,169,-1,169,189,190,-1,169,190,167,-1,167,190,191,-1,167,191,165,-1,165,191,192,-1,165,192,163,-1,163,192,193,-1,163,193,161,-1,161,193,194,-1,161,194,159,-1,159,194,195,-1,159,195,156,-1,154,156,196,-1,196,156,195,-1,152,154,181,-1,181,154,196,-1,157,155,197,-1,197,155,198,-1,155,153,198,-1,198,153,199,-1,153,151,199,-1,199,151,200,-1,179,201,202,-1,179,202,145,-1,145,202,203,-1,145,203,147,-1,147,203,204,-1,147,204,149,-1,149,204,200,-1,149,200,151,-1,172,205,206,-1,172,206,174,-1,174,206,207,-1,174,207,176,-1,176,207,208,-1,176,208,178,-1,178,208,201,-1,178,201,179,-1,164,209,210,-1,164,210,166,-1,166,210,211,-1,166,211,168,-1,168,211,212,-1,168,212,170,-1,170,212,205,-1,170,205,172,-1,157,197,213,-1,157,213,158,-1,158,213,214,-1,158,214,160,-1,160,214,215,-1,160,215,162,-1,162,215,209,-1,162,209,164,-1,
        ]
    }
}
Shape{
    appearance Appearance {
        material  Material 	{
            diffuseColor 1.0 0.9725490196078431 0.7803921568627451
            specularColor 0.5019607843137255 0.48627450980392156 0.38823529411764707
            ambientIntensity 0.9589
            transparency 0.0
            shininess 0.5
        }
    }
    geometry IndexedFaceSet {
        ccw TRUE
        solid FALSE
        coord DEF co Coordinate {
            point [
                -0.1085 0.7874 0.159, -0.1083 0.7874 0.1312, -0.114 0.7874 0.1589, -0.1136 0.7874 0.1312, -0.1145 0.7874 0.1589, -0.1186 0.7874 0.1317, -0.1215 0.7874 0.1329, -0.1239 0.7874 0.1345, -0.1243 0.7874 0.1348, -0.126 0.7874 0.1369, -0.1282 0.7874 0.1453, -0.1243 0.7874 0.1555, -0.128 0.7874 0.1427, -0.1221 0.7874 0.1571, -0.1273 0.7874 0.1395, -0.119 0.7874 0.1583, -0.1277 0.7874 0.1498, -0.1267 0.7874 0.1525, -0.1253 0.7874 0.1545
            ]
        }
        coordIndex [
            0,1,2,-1,2,1,3,-1,2,3,4,-1,4,3,5,-1,4,5,6,-1,6,7,4,-1,4,7,8,-1,4,8,9,-1,10,11,12,-1,12,11,13,-1,9,14,4,-1,4,14,12,-1,4,12,15,-1,15,12,13,-1,16,17,10,-1,10,17,18,-1,10,18,11,-1,
        ]
    }
}
Shape{
    appearance Appearance {
        material  Material 	{
            diffuseColor 0.0 0.0 0.0
            specularColor 0.0 0.0 0.0
            ambientIntensity 0.0
            transparency 0.0
            shininess 0.5
        }
    }
    geometry IndexedFaceSet {
        ccw TRUE
        solid FALSE
        coord DEF co Coordinate {
            point [
                -0.1451 0.7874 0.1408, -0.1506 0.7874 0.1557, -0.149 0.7874 0.1628, -0.135 0.7874 0.1269, -0.1401 0.7874 0.1269, -0.1436 0.7874 0.1367, -0.151 0.7874 0.1568, -0.1513 0.7874 0.1582, -0.1539 0.7874 0.1628, -0.1514 0.7874 0.1582, -0.1516 0.7874 0.1567, -0.1519 0.7874 0.1557, -0.1572 0.7874 0.1407, -0.1674 0.7874 0.1267, -0.1623 0.7874 0.1267, -0.1587 0.7874 0.1366, -0.1539 0.7874 0.1628, -0.1673 0.7874 0.1269, -0.1674 0.7874 0.1267, -0.149 0.7874 0.1628, -0.135 0.7874 0.1269, -0.135 0.7874 0.1269, -0.145 0.7874 0.1526, -0.1401 0.7874 0.1269, -0.1436 0.7874 0.1367, -0.1401 0.7874 0.1269, -0.1587 0.7874 0.1366, -0.145 0.7874 0.1367, -0.1623 0.7874 0.1267, -0.1622 0.7874 0.1269, -0.1451 0.7874 0.1408, -0.1572 0.7874 0.1407, -0.1519 0.7874 0.1557, -0.1514 0.7874 0.1582, -0.1516 0.7874 0.1567, -0.1513 0.7874 0.1582, -0.1506 0.7874 0.1557, -0.151 0.7874 0.1568
            ]
        }
        coordIndex [
            0,1,2,-1,3,4,5,-1,1,6,2,-1,2,6,7,-1,2,7,8,-1,8,7,9,-1,8,9,10,-1,10,11,8,-1,8,11,12,-1,8,12,13,-1,14,13,15,-1,15,13,12,-1,15,12,5,-1,5,12,0,-1,5,0,3,-1,3,0,2,-1,16,8,17,-1,17,8,13,-1,17,13,18,-1,2,8,19,-1,19,8,16,-1,20,21,3,-1,20,3,22,-1,22,3,2,-1,22,2,19,-1,4,3,23,-1,23,3,21,-1,24,5,25,-1,25,5,4,-1,25,4,23,-1,26,15,27,-1,27,15,5,-1,27,5,24,-1,28,14,29,-1,29,14,15,-1,29,15,26,-1,13,14,18,-1,18,14,28,-1,0,12,30,-1,30,12,31,-1,12,11,31,-1,31,11,32,-1,9,33,34,-1,9,34,10,-1,10,34,32,-1,10,32,11,-1,9,7,33,-1,33,7,35,-1,1,36,37,-1,1,37,6,-1,6,37,35,-1,6,35,7,-1,1,0,36,-1,36,0,30,-1,
        ]
    }
}
Shape{
    appearance Appearance {
        material  Material 	{
            diffuseColor 1.0 0.9725490196078431 0.7803921568627451
            specularColor 0.5019607843137255 0.48627450980392156 0.38823529411764707
            ambientIntensity 0.9589
            transparency 0.0
            shininess 0.5
        }
    }
    geometry IndexedFaceSet {
        ccw TRUE
        solid FALSE
        coord DEF co Coordinate {
            point [
                -0.1514 0.7874 0.1582, -0.1513 0.7874 0.1582, -0.1516 0.7874 0.1567, -0.151 0.7874 0.1568, -0.1519 0.7874 0.1557, -0.1506 0.7874 0.1557, -0.1572 0.7874 0.1407, -0.1451 0.7874 0.1408
            ]
        }
        coordIndex [
            0,1,2,-1,2,1,3,-1,2,3,4,-1,4,3,5,-1,4,5,6,-1,6,5,7,-1,
        ]
    }
}
Shape{
    appearance Appearance {
        material  Material 	{
            diffuseColor 0.0 0.0 0.0
            specularColor 0.0 0.0 0.0
            ambientIntensity 0.0
            transparency 0.0
            shininess 0.5
        }
    }
    geometry IndexedFaceSet {
        ccw TRUE
        solid FALSE
        coord DEF co Coordinate {
            point [
                -0.0418 0.7874 0.0745, -0.0418 0.7874 0.0704, -0.0418 0.7874 0.0745, -0.0418 0.7874 0.0704, -0.0271 0.7874 0.0746, -0.0271 0.7874 0.0746, -0.0272 0.7874 0.0867, -0.0272 0.7874 0.0867, -0.04 0.7874 0.0866, -0.04 0.7874 0.0866, -0.0401 0.7874 0.0908, -0.0401 0.7874 0.0908, -0.0272 0.7874 0.0909, -0.0272 0.7874 0.0909, -0.0273 0.7874 0.1024, -0.0273 0.7874 0.1024, -0.0412 0.7874 0.1023, -0.0412 0.7874 0.1023, -0.0412 0.7874 0.1055, -0.0412 0.7874 0.1064, -0.0412 0.7874 0.1062, -0.0412 0.7874 0.1064, -0.0226 0.7874 0.1066, -0.0226 0.7874 0.1066, -0.0224 0.7874 0.0705, -0.0224 0.7874 0.0705, -0.0226 0.7874 0.1055, -0.0226 0.7874 0.1062, -0.0623 0.7874 0.0703, -0.0668 0.7874 0.0702, -0.0623 0.7874 0.0742, -0.0669 0.7874 0.0868, -0.0533 0.7874 0.0817, -0.0563 0.7874 0.0824, -0.0623 0.7874 0.0832, -0.0623 0.7874 0.0807, -0.0622 0.7874 0.0742, -0.0598 0.7874 0.0749, -0.0611 0.7874 0.0728, -0.0585 0.7874 0.0741, -0.0623 0.7874 0.0804, -0.062 0.7874 0.0784, -0.0613 0.7874 0.0768, -0.0604 0.7874 0.0755, -0.0607 0.7874 0.0963, -0.0598 0.7874 0.0924, -0.0625 0.7874 0.0956, -0.0606 0.7874 0.0919, -0.0524 0.7874 0.0812, -0.0624 0.7874 0.0866, -0.0622 0.7874 0.0886, -0.0665 0.7874 0.0906, -0.0618 0.7874 0.0902, -0.0657 0.7874 0.0925, -0.0612 0.7874 0.0912, -0.0648 0.7874 0.0939, -0.064 0.7874 0.0947, -0.0488 0.7874 0.0943, -0.0487 0.7874 0.0899, -0.0497 0.7874 0.0948, -0.0519 0.7874 0.0918, -0.0531 0.7874 0.0961, -0.0547 0.7874 0.0927, -0.0576 0.7874 0.0966, -0.0572 0.7874 0.093, -0.0587 0.7874 0.0928, -0.0516 0.7874 0.075, -0.0483 0.7874 0.0718, -0.052 0.7874 0.0746, -0.0498 0.7874 0.0707, -0.0529 0.7874 0.074, -0.0515 0.7874 0.07, -0.0539 0.7874 0.0736, -0.0542 0.7874 0.0697, -0.0554 0.7874 0.0734, -0.0567 0.7874 0.07, -0.0571 0.7874 0.0736, -0.0585 0.7874 0.0707, -0.0597 0.7874 0.0714, -0.0547 0.7874 0.0856, -0.051 0.7874 0.0847, -0.0519 0.7874 0.0809, -0.0492 0.7874 0.0837, -0.0514 0.7874 0.0802, -0.0479 0.7874 0.0825, -0.051 0.7874 0.0794, -0.0469 0.7874 0.081, -0.0508 0.7874 0.0783, -0.0464 0.7874 0.0794, -0.0507 0.7874 0.0776, -0.0461 0.7874 0.0773, -0.0508 0.7874 0.0766, -0.0463 0.7874 0.0752, -0.0511 0.7874 0.0757, -0.0469 0.7874 0.0737, -0.0478 0.7874 0.0723, -0.0576 0.7874 0.0966, -0.0531 0.7874 0.0961, -0.0497 0.7874 0.0948, -0.0488 0.7874 0.0943, -0.0487 0.7874 0.0899, -0.0519 0.7874 0.0918, -0.0547 0.7874 0.0927, -0.0572 0.7874 0.093, -0.0587 0.7874 0.0928, -0.0598 0.7874 0.0924, -0.0606 0.7874 0.0919, -0.0612 0.7874 0.0912, -0.0618 0.7874 0.0902, -0.0622 0.7874 0.0886, -0.0624 0.7874 0.0866, -0.0547 0.7874 0.0856, -0.051 0.7874 0.0847, -0.0492 0.7874 0.0837, -0.0479 0.7874 0.0825, -0.0469 0.7874 0.081, -0.0464 0.7874 0.0794, -0.0461 0.7874 0.0773, -0.0463 0.7874 0.0752, -0.0469 0.7874 0.0737, -0.0478 0.7874 0.0723, -0.0483 0.7874 0.0718, -0.0498 0.7874 0.0707, -0.0515 0.7874 0.07, -0.0542 0.7874 0.0697, -0.0567 0.7874 0.07, -0.0585 0.7874 0.0707, -0.0597 0.7874 0.0714, -0.0611 0.7874 0.0728, -0.0622 0.7874 0.0742, -0.0623 0.7874 0.0742, -0.0623 0.7874 0.0703, -0.0668 0.7874 0.0702, -0.0669 0.7874 0.0868, -0.0665 0.7874 0.0906, -0.0657 0.7874 0.0925, -0.0648 0.7874 0.0939, -0.064 0.7874 0.0947, -0.0625 0.7874 0.0956, -0.0607 0.7874 0.0963, -0.0519 0.7874 0.0809, -0.0524 0.7874 0.0812, -0.0533 0.7874 0.0817, -0.0563 0.7874 0.0824, -0.0507 0.7874 0.0776, -0.0508 0.7874 0.0783, -0.051 0.7874 0.0794, -0.0514 0.7874 0.0802, -0.052 0.7874 0.0746, -0.0516 0.7874 0.075, -0.0511 0.7874 0.0757, -0.0508 0.7874 0.0766, -0.0554 0.7874 0.0734, -0.0539 0.7874 0.0736, -0.0529 0.7874 0.074, -0.0604 0.7874 0.0755, -0.0598 0.7874 0.0749, -0.0585 0.7874 0.0741, -0.0571 0.7874 0.0736, -0.0623 0.7874 0.0807, -0.0623 0.7874 0.0804, -0.062 0.7874 0.0784, -0.0613 0.7874 0.0768, -0.0623 0.7874 0.0832
            ]
        }
        coordIndex [
            0,1,2,-1,2,1,3,-1,4,0,5,-1,5,0,2,-1,6,4,7,-1,7,4,5,-1,8,6,9,-1,9,6,7,-1,10,8,11,-1,11,8,9,-1,12,10,13,-1,13,10,11,-1,14,12,15,-1,15,12,13,-1,16,14,17,-1,17,14,15,-1,16,17,18,-1,16,18,19,-1,19,18,20,-1,19,20,21,-1,22,19,23,-1,23,19,21,-1,24,25,26,-1,26,25,22,-1,26,22,27,-1,27,22,23,-1,1,25,3,-1,3,25,24,-1,25,1,0,-1,0,4,25,-1,25,4,6,-1,25,6,22,-1,16,19,14,-1,14,19,22,-1,14,22,12,-1,12,22,6,-1,12,6,10,-1,10,6,8,-1,28,29,30,-1,30,29,31,-1,32,33,31,-1,31,33,34,-1,31,34,35,-1,36,37,38,-1,38,37,39,-1,35,40,31,-1,31,40,41,-1,31,41,30,-1,30,41,42,-1,30,42,36,-1,36,42,43,-1,36,43,37,-1,44,45,46,-1,46,45,47,-1,48,32,49,-1,49,32,31,-1,49,31,50,-1,50,31,51,-1,50,51,52,-1,52,51,53,-1,52,53,54,-1,54,53,55,-1,54,55,47,-1,47,55,56,-1,47,56,46,-1,57,58,59,-1,59,58,60,-1,59,60,61,-1,61,60,62,-1,61,62,63,-1,63,62,64,-1,63,64,44,-1,44,64,65,-1,44,65,45,-1,66,67,68,-1,68,67,69,-1,68,69,70,-1,70,69,71,-1,70,71,72,-1,72,71,73,-1,72,73,74,-1,74,73,75,-1,74,75,76,-1,76,75,77,-1,76,77,39,-1,39,77,78,-1,39,78,38,-1,49,79,48,-1,48,79,80,-1,48,80,81,-1,81,80,82,-1,81,82,83,-1,83,82,84,-1,83,84,85,-1,85,84,86,-1,85,86,87,-1,87,86,88,-1,87,88,89,-1,89,88,90,-1,89,90,91,-1,91,90,92,-1,91,92,93,-1,93,92,94,-1,93,94,66,-1,66,94,95,-1,66,95,67,-1,63,96,97,-1,63,97,61,-1,61,97,98,-1,61,98,59,-1,59,98,99,-1,59,99,57,-1,58,57,100,-1,100,57,99,-1,58,100,101,-1,58,101,60,-1,60,101,102,-1,60,102,62,-1,62,102,103,-1,62,103,64,-1,64,103,104,-1,64,104,65,-1,65,104,105,-1,65,105,45,-1,45,105,106,-1,45,106,47,-1,47,106,107,-1,47,107,54,-1,54,107,108,-1,54,108,52,-1,52,108,109,-1,52,109,50,-1,50,109,110,-1,50,110,49,-1,79,49,111,-1,111,49,110,-1,79,111,112,-1,79,112,80,-1,80,112,113,-1,80,113,82,-1,82,113,114,-1,82,114,84,-1,84,114,115,-1,84,115,86,-1,86,115,116,-1,86,116,88,-1,88,116,117,-1,88,117,90,-1,90,117,118,-1,90,118,92,-1,92,118,119,-1,92,119,94,-1,94,119,120,-1,94,120,95,-1,95,120,121,-1,95,121,67,-1,67,121,122,-1,67,122,69,-1,69,122,123,-1,69,123,71,-1,71,123,124,-1,71,124,73,-1,73,124,125,-1,73,125,75,-1,75,125,126,-1,75,126,77,-1,77,126,127,-1,77,127,78,-1,78,127,128,-1,78,128,38,-1,38,128,129,-1,38,129,36,-1,30,36,130,-1,130,36,129,-1,28,30,131,-1,131,30,130,-1,29,28,132,-1,132,28,131,-1,31,29,133,-1,133,29,132,-1,31,133,134,-1,31,134,51,-1,51,134,135,-1,51,135,53,-1,53,135,136,-1,53,136,55,-1,55,136,137,-1,55,137,56,-1,56,137,138,-1,56,138,46,-1,46,138,139,-1,46,139,44,-1,44,139,96,-1,44,96,63,-1,81,140,141,-1,81,141,48,-1,48,141,142,-1,48,142,32,-1,32,142,143,-1,32,143,33,-1,89,144,145,-1,89,145,87,-1,87,145,146,-1,87,146,85,-1,85,146,147,-1,85,147,83,-1,83,147,140,-1,83,140,81,-1,68,148,149,-1,68,149,66,-1,66,149,150,-1,66,150,93,-1,93,150,151,-1,93,151,91,-1,91,151,144,-1,91,144,89,-1,74,152,153,-1,74,153,72,-1,72,153,154,-1,72,154,70,-1,70,154,148,-1,70,148,68,-1,43,155,156,-1,43,156,37,-1,37,156,157,-1,37,157,39,-1,39,157,158,-1,39,158,76,-1,76,158,152,-1,76,152,74,-1,35,159,160,-1,35,160,40,-1,40,160,161,-1,40,161,41,-1,41,161,162,-1,41,162,42,-1,42,162,155,-1,42,155,43,-1,35,34,159,-1,159,34,163,-1,34,33,163,-1,163,33,143,-1,
        ]
    }
}
Shape{
    appearance Appearance {
        material  Material 	{
            diffuseColor 1.0 0.9725490196078431 0.7803921568627451
            specularColor 0.5019607843137255 0.48627450980392156 0.38823529411764707
            ambientIntensity 0.9589
            transparency 0.0
            shininess 0.5
        }
    }
    geometry IndexedFaceSet {
        ccw TRUE
        solid FALSE
        coord DEF co Coordinate {
            point [
                -0.0623 0.7874 0.0804, -0.0623 0.7874 0.0807, -0.0519 0.7874 0.0809, -0.0623 0.7874 0.0832, -0.0563 0.7874 0.0824, -0.0533 0.7874 0.0817, -0.0524 0.7874 0.0812, -0.062 0.7874 0.0784, -0.0514 0.7874 0.0802, -0.0613 0.7874 0.0768, -0.0516 0.7874 0.075, -0.052 0.7874 0.0746, -0.0598 0.7874 0.0749, -0.0511 0.7874 0.0757, -0.0585 0.7874 0.0741, -0.0571 0.7874 0.0736, -0.0554 0.7874 0.0734, -0.051 0.7874 0.0794, -0.0508 0.7874 0.0783, -0.0604 0.7874 0.0755, -0.0507 0.7874 0.0776, -0.0508 0.7874 0.0766, -0.0529 0.7874 0.074, -0.0539 0.7874 0.0736
            ]
        }
        coordIndex [
            0,1,2,-1,1,3,4,-1,4,5,1,-1,1,5,6,-1,1,6,2,-1,0,2,7,-1,7,2,8,-1,7,8,9,-1,10,11,12,-1,10,12,13,-1,14,12,15,-1,15,12,16,-1,8,17,9,-1,9,17,18,-1,9,18,19,-1,19,18,20,-1,19,20,12,-1,12,20,21,-1,12,21,13,-1,11,22,12,-1,12,22,23,-1,12,23,16,-1,
        ]
    }
}
Shape{
    appearance Appearance {
        material  Material 	{
            diffuseColor 0.0 0.0 0.0
            specularColor 0.0 0.0 0.0
            ambientIntensity 0.0
            transparency 0.0
            shininess 0.5
        }
    }
    geometry IndexedFaceSet {
        ccw TRUE
        solid FALSE
        coord DEF co Coordinate {
            point [
                -0.0729 0.7874 0.0757, -0.0729 0.7874 0.0757, -0.0748 0.7874 0.0746, -0.0803 0.7874 0.0732, -0.0803 0.7874 0.0732, -0.0776 0.7874 0.0735, -0.0776 0.7874 0.0735, -0.0752 0.7874 0.0744, -0.0748 0.7874 0.0746, -0.0729 0.7874 0.0711, -0.0729 0.7874 0.0711, -0.0799 0.7874 0.0695, -0.0799 0.7874 0.0695, -0.0755 0.7874 0.0701, -0.0752 0.7874 0.0702, -0.0755 0.7874 0.0701, -0.0839 0.7874 0.07, -0.0839 0.7874 0.07, -0.0863 0.7874 0.0709, -0.0863 0.7874 0.0709, -0.0874 0.7874 0.0715, -0.0874 0.7874 0.0715, -0.0887 0.7874 0.0726, -0.0887 0.7874 0.0726, -0.0895 0.7874 0.0738, -0.0895 0.7874 0.0738, -0.0901 0.7874 0.0753, -0.0901 0.7874 0.0753, -0.0903 0.7874 0.0771, -0.0903 0.7874 0.0771, -0.0901 0.7874 0.0787, -0.0901 0.7874 0.0787, -0.0897 0.7874 0.0801, -0.0897 0.7874 0.0801, -0.0888 0.7874 0.0813, -0.0888 0.7874 0.0813, -0.0878 0.7874 0.0823, -0.0878 0.7874 0.0823, -0.0848 0.7874 0.084, -0.0848 0.7874 0.084, -0.083 0.7874 0.0847, -0.083 0.7874 0.0847, -0.0802 0.7874 0.0859, -0.0802 0.7874 0.0859, -0.0787 0.7874 0.0869, -0.0787 0.7874 0.0869, -0.0782 0.7874 0.0874, -0.0782 0.7874 0.0874, -0.0779 0.7874 0.088, -0.0779 0.7874 0.088, -0.0777 0.7874 0.0887, -0.0777 0.7874 0.0887, -0.0777 0.7874 0.0893, -0.0777 0.7874 0.0893, -0.0778 0.7874 0.0901, -0.0778 0.7874 0.0901, -0.078 0.7874 0.0907, -0.078 0.7874 0.0907, -0.0784 0.7874 0.0912, -0.0784 0.7874 0.0912, -0.0791 0.7874 0.0918, -0.0791 0.7874 0.0918, -0.0801 0.7874 0.0924, -0.0801 0.7874 0.0924, -0.0813 0.7874 0.0927, -0.0813 0.7874 0.0927, -0.0826 0.7874 0.0928, -0.0826 0.7874 0.0928, -0.0854 0.7874 0.0925, -0.0854 0.7874 0.0925, -0.088 0.7874 0.0915, -0.088 0.7874 0.0915, -0.0892 0.7874 0.0909, -0.0892 0.7874 0.0909, -0.0892 0.7874 0.0953, -0.0892 0.7874 0.0953, -0.0863 0.7874 0.0961, -0.0863 0.7874 0.0961, -0.0831 0.7874 0.0964, -0.0831 0.7874 0.0964, -0.0795 0.7874 0.096, -0.0795 0.7874 0.096, -0.0771 0.7874 0.0951, -0.0771 0.7874 0.0951, -0.076 0.7874 0.0944, -0.076 0.7874 0.0944, -0.0746 0.7874 0.0932, -0.0752 0.7874 0.0937, -0.0746 0.7874 0.0932, -0.0738 0.7874 0.092, -0.0738 0.7874 0.092, -0.0732 0.7874 0.0906, -0.0732 0.7874 0.0906, -0.073 0.7874 0.089, -0.073 0.7874 0.089, -0.0732 0.7874 0.0872, -0.0732 0.7874 0.0872, -0.0737 0.7874 0.0858, -0.0737 0.7874 0.0858, -0.0743 0.7874 0.0849, -0.0743 0.7874 0.0849, -0.0798 0.7874 0.0814, -0.0798 0.7874 0.0814, -0.0771 0.7874 0.0827, -0.075 0.7874 0.0841, -0.075 0.7874 0.0841, -0.0752 0.7874 0.084, -0.0771 0.7874 0.0827, -0.0828 0.7874 0.0802, -0.0828 0.7874 0.0802, -0.0845 0.7874 0.0791, -0.0845 0.7874 0.0791, -0.0851 0.7874 0.0785, -0.0851 0.7874 0.0785, -0.0854 0.7874 0.0779, -0.0854 0.7874 0.0779, -0.0856 0.7874 0.0772, -0.0856 0.7874 0.0772, -0.0857 0.7874 0.0767, -0.0857 0.7874 0.0767, -0.0856 0.7874 0.0758, -0.0856 0.7874 0.0758, -0.0853 0.7874 0.0752, -0.0853 0.7874 0.0752, -0.0849 0.7874 0.0746, -0.0849 0.7874 0.0746, -0.0844 0.7874 0.0741, -0.0844 0.7874 0.0741, -0.084 0.7874 0.0739, -0.084 0.7874 0.0739, -0.0828 0.7874 0.0735, -0.0828 0.7874 0.0735, -0.0805 0.7874 0.0732, -0.0805 0.7874 0.0732, -0.1128 0.7874 0.0956, -0.1175 0.7874 0.0956, -0.1128 0.7874 0.0956, -0.1175 0.7874 0.0956, -0.1056 0.7874 0.0763, -0.1056 0.7874 0.0763, -0.1053 0.7874 0.0751, -0.1053 0.7874 0.0751, -0.1051 0.7874 0.0742, -0.1051 0.7874 0.0742, -0.105 0.7874 0.0742, -0.105 0.7874 0.0742, -0.1044 0.7874 0.0764, -0.1044 0.7874 0.0764, -0.0978 0.7874 0.0957, -0.0978 0.7874 0.0957, -0.1003 0.7874 0.0886, -0.0928 0.7874 0.0958, -0.0928 0.7874 0.0958, -0.1027 0.7874 0.07, -0.1027 0.7874 0.07, -0.1003 0.7874 0.0764, -0.1007 0.7874 0.0654, -0.1007 0.7874 0.0654, -0.1003 0.7874 0.0646, -0.0998 0.7874 0.0637, -0.0998 0.7874 0.0637, -0.0989 0.7874 0.0628, -0.0989 0.7874 0.0628, -0.0982 0.7874 0.0623, -0.0982 0.7874 0.0623, -0.0972 0.7874 0.0619, -0.0972 0.7874 0.0619, -0.096 0.7874 0.0618, -0.096 0.7874 0.0618, -0.0944 0.7874 0.062, -0.0944 0.7874 0.062, -0.0935 0.7874 0.0623, -0.0935 0.7874 0.0623, -0.0935 0.7874 0.0583, -0.0935 0.7874 0.0583, -0.0954 0.7874 0.0579, -0.0954 0.7874 0.0579, -0.0964 0.7874 0.0579, -0.0964 0.7874 0.0579, -0.0982 0.7874 0.0581, -0.0982 0.7874 0.0581, -0.1 0.7874 0.0588, -0.1 0.7874 0.0588, -0.1003 0.7874 0.059, -0.1016 0.7874 0.0599, -0.1016 0.7874 0.0599, -0.1019 0.7874 0.0601, -0.1019 0.7874 0.0601, -0.1035 0.7874 0.0621, -0.1035 0.7874 0.0621, -0.1056 0.7874 0.0661, -0.1056 0.7874 0.0661, -0.1416 0.7874 0.0738, -0.1416 0.7874 0.0697, -0.1416 0.7874 0.0738, -0.1416 0.7874 0.0697, -0.1269 0.7874 0.0739, -0.1269 0.7874 0.0739, -0.134 0.7874 0.0739, -0.1269 0.7874 0.086, -0.1269 0.7874 0.086, -0.1398 0.7874 0.0859, -0.1398 0.7874 0.0859, -0.134 0.7874 0.086, -0.1399 0.7874 0.0901, -0.1399 0.7874 0.0901, -0.127 0.7874 0.0902, -0.127 0.7874 0.0902, -0.134 0.7874 0.0901, -0.127 0.7874 0.1017, -0.127 0.7874 0.1017, -0.141 0.7874 0.1016, -0.141 0.7874 0.1016, -0.134 0.7874 0.1016, -0.141 0.7874 0.1057, -0.141 0.7874 0.1057, -0.141 0.7874 0.1055, -0.1224 0.7874 0.1059, -0.1224 0.7874 0.1059, -0.134 0.7874 0.1058, -0.1222 0.7874 0.0698, -0.1222 0.7874 0.0698, -0.1224 0.7874 0.1055, -0.134 0.7874 0.0698, -0.1723 0.7874 0.0745, -0.1686 0.7874 0.077, -0.1685 0.7874 0.0719, -0.1663 0.7874 0.0754, -0.1644 0.7874 0.0703, -0.1633 0.7874 0.0743, -0.1583 0.7874 0.0696, -0.1583 0.7874 0.0737, -0.1484 0.7874 0.0697, -0.153 0.7874 0.0737, -0.1486 0.7874 0.1057, -0.1532 0.7874 0.1015, -0.1589 0.7874 0.1056, -0.1587 0.7874 0.1015, -0.1592 0.7874 0.1015, -0.1644 0.7874 0.105, -0.1638 0.7874 0.1008, -0.1687 0.7874 0.1033, -0.1668 0.7874 0.0996, -0.1725 0.7874 0.1007, -0.1691 0.7874 0.098, -0.1737 0.7874 0.0995, -0.17 0.7874 0.097, -0.1759 0.7874 0.0963, -0.1714 0.7874 0.095, -0.1773 0.7874 0.0929, -0.1724 0.7874 0.0923, -0.1778 0.7874 0.0879, -0.1729 0.7874 0.0878, -0.1777 0.7874 0.0856, -0.1728 0.7874 0.0852, -0.1768 0.7874 0.0814, -0.172 0.7874 0.082, -0.175 0.7874 0.0777, -0.1707 0.7874 0.0794, -0.169 0.7874 0.0774, -0.1583 0.7874 0.0696, -0.1484 0.7874 0.0697, -0.1644 0.7874 0.0703, -0.1685 0.7874 0.0719, -0.1723 0.7874 0.0745, -0.175 0.7874 0.0777, -0.1768 0.7874 0.0814, -0.1777 0.7874 0.0856, -0.1778 0.7874 0.0879, -0.1773 0.7874 0.0929, -0.1759 0.7874 0.0963, -0.1737 0.7874 0.0995, -0.1725 0.7874 0.1007, -0.1589 0.7874 0.1056, -0.1596 0.7874 0.1055, -0.1644 0.7874 0.105, -0.1687 0.7874 0.1033, -0.1486 0.7874 0.1057, -0.1486 0.7874 0.1055, -0.1587 0.7874 0.1015, -0.1532 0.7874 0.1015, -0.153 0.7874 0.0737, -0.1583 0.7874 0.0737, -0.169 0.7874 0.0774, -0.1686 0.7874 0.077, -0.1663 0.7874 0.0754, -0.1633 0.7874 0.0743, -0.1729 0.7874 0.0878, -0.1728 0.7874 0.0852, -0.172 0.7874 0.082, -0.1707 0.7874 0.0794, -0.1691 0.7874 0.098, -0.17 0.7874 0.097, -0.1714 0.7874 0.095, -0.1724 0.7874 0.0923, -0.1592 0.7874 0.1015, -0.1638 0.7874 0.1008, -0.1668 0.7874 0.0996
            ]
        }
        coordIndex [
            0,1,2,-1,3,4,5,-1,3,5,6,-1,6,5,7,-1,6,7,2,-1,2,7,8,-1,2,8,0,-1,9,1,10,-1,10,1,0,-1,11,12,13,-1,9,10,14,-1,9,14,13,-1,13,14,15,-1,13,15,11,-1,12,11,16,-1,12,16,17,-1,17,16,18,-1,17,18,19,-1,19,18,20,-1,19,20,21,-1,21,20,22,-1,21,22,23,-1,23,22,24,-1,23,24,25,-1,25,24,26,-1,25,26,27,-1,27,26,28,-1,27,28,29,-1,29,28,30,-1,29,30,31,-1,31,30,32,-1,31,32,33,-1,33,32,34,-1,33,34,35,-1,35,34,36,-1,35,36,37,-1,37,36,38,-1,37,38,39,-1,39,38,40,-1,39,40,41,-1,41,40,42,-1,41,42,43,-1,43,42,44,-1,43,44,45,-1,45,44,46,-1,45,46,47,-1,47,46,48,-1,47,48,49,-1,49,48,50,-1,49,50,51,-1,51,50,52,-1,51,52,53,-1,53,52,54,-1,53,54,55,-1,55,54,56,-1,55,56,57,-1,57,56,58,-1,57,58,59,-1,59,58,60,-1,59,60,61,-1,61,60,62,-1,61,62,63,-1,63,62,64,-1,63,64,65,-1,65,64,66,-1,65,66,67,-1,67,66,68,-1,67,68,69,-1,69,68,70,-1,69,70,71,-1,71,70,72,-1,71,72,73,-1,74,73,75,-1,75,73,72,-1,74,75,76,-1,74,76,77,-1,77,76,78,-1,77,78,79,-1,79,78,80,-1,79,80,81,-1,81,80,82,-1,81,82,83,-1,83,82,84,-1,83,84,85,-1,86,85,87,-1,87,85,84,-1,87,88,86,-1,86,88,89,-1,86,89,90,-1,90,89,91,-1,90,91,92,-1,92,91,93,-1,92,93,94,-1,94,93,95,-1,94,95,96,-1,96,95,97,-1,96,97,98,-1,98,97,99,-1,98,99,100,-1,101,102,103,-1,100,99,104,-1,100,104,105,-1,105,104,106,-1,105,106,103,-1,103,106,107,-1,103,107,101,-1,102,101,108,-1,102,108,109,-1,109,108,110,-1,109,110,111,-1,111,110,112,-1,111,112,113,-1,113,112,114,-1,113,114,115,-1,115,114,116,-1,115,116,117,-1,117,116,118,-1,117,118,119,-1,119,118,120,-1,119,120,121,-1,121,120,122,-1,121,122,123,-1,123,122,124,-1,123,124,125,-1,125,124,126,-1,125,126,127,-1,127,126,128,-1,127,128,129,-1,129,128,130,-1,129,130,131,-1,131,130,132,-1,131,132,133,-1,133,132,4,-1,133,4,3,-1,59,61,83,-1,83,61,81,-1,109,41,102,-1,102,41,43,-1,19,21,125,-1,125,21,23,-1,125,23,123,-1,123,23,25,-1,123,25,121,-1,121,25,27,-1,121,27,119,-1,119,27,29,-1,119,29,117,-1,117,29,31,-1,117,31,115,-1,115,31,33,-1,115,33,113,-1,113,33,35,-1,113,35,111,-1,111,35,37,-1,111,37,109,-1,109,37,39,-1,109,39,41,-1,12,3,13,-1,13,3,6,-1,13,6,9,-1,9,6,2,-1,9,2,1,-1,61,63,81,-1,81,63,65,-1,81,65,79,-1,79,65,67,-1,79,67,77,-1,77,67,69,-1,77,69,74,-1,74,69,71,-1,74,71,73,-1,125,127,19,-1,19,127,129,-1,19,129,17,-1,17,129,131,-1,17,131,12,-1,12,131,133,-1,12,133,3,-1,83,85,59,-1,59,85,86,-1,59,86,57,-1,57,86,90,-1,57,90,55,-1,55,90,92,-1,55,92,53,-1,53,92,94,-1,53,94,51,-1,51,94,96,-1,51,96,49,-1,49,96,98,-1,49,98,47,-1,47,98,100,-1,47,100,45,-1,45,100,105,-1,45,105,43,-1,43,105,103,-1,43,103,102,-1,134,135,136,-1,136,135,137,-1,138,134,139,-1,139,134,136,-1,138,139,140,-1,138,140,141,-1,141,140,142,-1,141,142,143,-1,144,143,145,-1,145,143,142,-1,146,144,147,-1,147,144,145,-1,148,149,150,-1,150,149,146,-1,150,146,147,-1,151,149,152,-1,152,149,148,-1,153,154,155,-1,155,154,151,-1,155,151,152,-1,156,154,157,-1,157,154,153,-1,156,157,158,-1,156,158,159,-1,158,160,159,-1,159,160,161,-1,159,161,162,-1,162,161,163,-1,162,163,164,-1,164,163,165,-1,164,165,166,-1,166,165,167,-1,166,167,168,-1,168,167,169,-1,168,169,170,-1,170,169,171,-1,170,171,172,-1,173,172,174,-1,174,172,171,-1,173,174,175,-1,173,175,176,-1,176,175,177,-1,176,177,178,-1,178,177,179,-1,178,179,180,-1,180,179,181,-1,180,181,182,-1,182,181,183,-1,182,183,184,-1,183,185,184,-1,184,185,186,-1,184,186,187,-1,187,186,188,-1,187,188,189,-1,189,188,190,-1,189,190,191,-1,135,191,137,-1,137,191,190,-1,141,143,191,-1,135,134,191,-1,191,134,138,-1,191,138,141,-1,149,151,146,-1,146,151,154,-1,146,154,144,-1,172,173,170,-1,170,173,176,-1,170,176,168,-1,168,176,178,-1,168,178,166,-1,166,178,180,-1,166,180,164,-1,164,180,182,-1,164,182,162,-1,143,144,191,-1,191,144,154,-1,191,154,189,-1,154,156,189,-1,189,156,159,-1,189,159,187,-1,187,159,162,-1,187,162,184,-1,184,162,182,-1,192,193,194,-1,194,193,195,-1,196,197,198,-1,198,197,192,-1,198,192,194,-1,199,197,200,-1,200,197,196,-1,201,202,203,-1,203,202,199,-1,203,199,200,-1,204,202,205,-1,205,202,201,-1,206,207,208,-1,208,207,204,-1,208,204,205,-1,209,207,210,-1,210,207,206,-1,211,212,213,-1,213,212,209,-1,213,209,210,-1,214,215,216,-1,216,215,212,-1,216,212,211,-1,217,218,219,-1,219,218,215,-1,219,215,214,-1,220,221,222,-1,222,221,218,-1,222,218,217,-1,195,193,223,-1,223,193,221,-1,223,221,220,-1,221,193,192,-1,192,197,221,-1,221,197,199,-1,221,199,218,-1,212,215,209,-1,209,215,218,-1,209,218,207,-1,207,218,199,-1,207,199,204,-1,204,199,202,-1,224,225,226,-1,226,225,227,-1,226,227,228,-1,228,227,229,-1,228,229,230,-1,230,229,231,-1,230,231,232,-1,232,231,233,-1,232,233,234,-1,234,233,235,-1,234,235,236,-1,235,237,236,-1,236,237,238,-1,236,238,239,-1,239,238,240,-1,239,240,241,-1,241,240,242,-1,241,242,243,-1,243,242,244,-1,243,244,245,-1,245,244,246,-1,245,246,247,-1,247,246,248,-1,247,248,249,-1,249,248,250,-1,249,250,251,-1,251,250,252,-1,251,252,253,-1,253,252,254,-1,253,254,255,-1,255,254,256,-1,255,256,257,-1,257,256,258,-1,257,258,224,-1,224,258,259,-1,224,259,225,-1,230,232,260,-1,260,232,261,-1,230,260,262,-1,230,262,228,-1,228,262,263,-1,228,263,226,-1,226,263,264,-1,226,264,224,-1,224,264,265,-1,224,265,257,-1,257,265,266,-1,257,266,255,-1,255,266,267,-1,255,267,253,-1,253,267,268,-1,253,268,251,-1,251,268,269,-1,251,269,249,-1,249,269,270,-1,249,270,247,-1,247,270,271,-1,247,271,245,-1,245,271,272,-1,245,272,243,-1,273,236,274,-1,274,236,239,-1,274,239,275,-1,275,239,241,-1,275,241,276,-1,276,241,243,-1,276,243,272,-1,234,236,277,-1,277,236,273,-1,261,232,278,-1,278,232,234,-1,278,234,277,-1,237,235,279,-1,279,235,280,-1,235,233,280,-1,280,233,281,-1,233,231,281,-1,281,231,282,-1,259,283,284,-1,259,284,225,-1,225,284,285,-1,225,285,227,-1,227,285,286,-1,227,286,229,-1,229,286,282,-1,229,282,231,-1,252,287,288,-1,252,288,254,-1,254,288,289,-1,254,289,256,-1,256,289,290,-1,256,290,258,-1,258,290,283,-1,258,283,259,-1,244,291,292,-1,244,292,246,-1,246,292,293,-1,246,293,248,-1,248,293,294,-1,248,294,250,-1,250,294,287,-1,250,287,252,-1,237,279,295,-1,237,295,238,-1,238,295,296,-1,238,296,240,-1,240,296,297,-1,240,297,242,-1,242,297,291,-1,242,291,244,-1,
        ]
    }
}
Shape{
    appearance Appearance {
        material  Material 	{
            diffuseColor 1.0 0.9725490196078431 0.7803921568627451
            specularColor 0.5019607843137255 0.48627450980392156 0.38823529411764707
            ambientIntensity 0.9589
            transparency 0.0
            shininess 0.5
        }
    }
    geometry IndexedFaceSet {
        ccw TRUE
        solid FALSE
        coord DEF co Coordinate {
            point [
                -0.1532 0.7874 0.1015, -0.153 0.7874 0.0737, -0.1587 0.7874 0.1015, -0.1583 0.7874 0.0737, -0.1592 0.7874 0.1015, -0.1633 0.7874 0.0743, -0.1663 0.7874 0.0754, -0.1686 0.7874 0.077, -0.169 0.7874 0.0774, -0.1707 0.7874 0.0794, -0.1729 0.7874 0.0878, -0.1691 0.7874 0.098, -0.1728 0.7874 0.0852, -0.1668 0.7874 0.0996, -0.172 0.7874 0.082, -0.1638 0.7874 0.1008, -0.1724 0.7874 0.0923, -0.1714 0.7874 0.095, -0.17 0.7874 0.097
            ]
        }
        coordIndex [
            0,1,2,-1,2,1,3,-1,2,3,4,-1,4,3,5,-1,4,5,6,-1,6,7,4,-1,4,7,8,-1,4,8,9,-1,10,11,12,-1,12,11,13,-1,9,14,4,-1,4,14,12,-1,4,12,15,-1,15,12,13,-1,16,17,10,-1,10,17,18,-1,10,18,11,-1,
        ]
    }
}
Shape{
    appearance Appearance {
        material  Material 	{
            diffuseColor 0.0 0.0 0.0
            specularColor 0.0 0.0 0.0
            ambientIntensity 0.0
            transparency 0.0
            shininess 0.5
        }
    }
    geometry IndexedFaceSet {
        ccw TRUE
        solid FALSE
        coord DEF co Coordinate {
            point [
                -0.1899 0.7874 0.0833, -0.1954 0.7874 0.0982, -0.1937 0.7874 0.1054, -0.1797 0.7874 0.0694, -0.1848 0.7874 0.0694, -0.1884 0.7874 0.0792, -0.1957 0.7874 0.0993, -0.196 0.7874 0.1007, -0.1986 0.7874 0.1053, -0.1961 0.7874 0.1007, -0.1964 0.7874 0.0992, -0.1966 0.7874 0.0982, -0.202 0.7874 0.0832, -0.2121 0.7874 0.0692, -0.207 0.7874 0.0692, -0.2034 0.7874 0.0791, -0.1986 0.7874 0.1053, -0.2121 0.7874 0.0692, -0.1937 0.7874 0.1054, -0.1797 0.7874 0.0694, -0.1848 0.7874 0.0694, -0.1884 0.7874 0.0792, -0.2034 0.7874 0.0791, -0.207 0.7874 0.0692, -0.1899 0.7874 0.0833, -0.202 0.7874 0.0832, -0.1966 0.7874 0.0982, -0.1961 0.7874 0.1007, -0.1964 0.7874 0.0992, -0.196 0.7874 0.1007, -0.1954 0.7874 0.0982, -0.1957 0.7874 0.0993
            ]
        }
        coordIndex [
            0,1,2,-1,3,4,5,-1,1,6,2,-1,2,6,7,-1,2,7,8,-1,8,7,9,-1,8,9,10,-1,10,11,8,-1,8,11,12,-1,8,12,13,-1,14,13,15,-1,15,13,12,-1,15,12,5,-1,5,12,0,-1,5,0,3,-1,3,0,2,-1,8,13,16,-1,16,13,17,-1,2,8,18,-1,18,8,16,-1,3,2,19,-1,19,2,18,-1,4,3,20,-1,20,3,19,-1,5,4,21,-1,21,4,20,-1,15,5,22,-1,22,5,21,-1,14,15,23,-1,23,15,22,-1,13,14,17,-1,17,14,23,-1,0,12,24,-1,24,12,25,-1,12,11,25,-1,25,11,26,-1,9,27,28,-1,9,28,10,-1,10,28,26,-1,10,26,11,-1,9,7,27,-1,27,7,29,-1,1,30,31,-1,1,31,6,-1,6,31,29,-1,6,29,7,-1,1,0,30,-1,30,0,24,-1,
        ]
    }
}
Shape{
    appearance Appearance {
        material  Material 	{
            diffuseColor 1.0 0.9725490196078431 0.7803921568627451
            specularColor 0.5019607843137255 0.48627450980392156 0.38823529411764707
            ambientIntensity 0.9589
            transparency 0.0
            shininess 0.5
        }
    }
    geometry IndexedFaceSet {
        ccw TRUE
        solid FALSE
        coord DEF co Coordinate {
            point [
                -0.1961 0.7874 0.1007, -0.196 0.7874 0.1007, -0.1964 0.7874 0.0992, -0.1957 0.7874 0.0993, -0.1966 0.7874 0.0982, -0.1954 0.7874 0.0982, -0.202 0.7874 0.0832, -0.1899 0.7874 0.0833
            ]
        }
        coordIndex [
            0,1,2,-1,2,1,3,-1,2,3,4,-1,4,3,5,-1,4,5,6,-1,6,5,7,-1,
        ]
    }
}
Shape{
    appearance Appearance {
        material  Material 	{
            diffuseColor 0.0 0.0 0.0
            specularColor 0.0 0.0 0.0
            ambientIntensity 0.0
            transparency 0.0
            shininess 0.5
        }
    }
    geometry IndexedFaceSet {
        ccw TRUE
        solid FALSE
        coord DEF co Coordinate {
            point [
                0.1368 0.7874 0.0666, 0.133 0.7874 0.0618, 0.1389 0.7874 0.0892, 0.0533 0.7874 0.1012, 0.0611 0.7874 0.1148, 0.0956 0.7874 0.0971, 0.1133 0.7874 0.0897, 0.1109 0.7874 0.0889, 0.143 0.7874 0.1338, 0.1373 0.7874 0.1368, 0.1384 0.7874 0.1526, 0.1226 0.7874 0.1532, 0.1148 0.7874 0.1344, 0.1108 0.7874 0.1425, 0.1445 0.7874 0.0927, 0.1428 0.7874 0.0732, 0.1393 0.7874 0.0721, 0.1285 0.7874 0.1537, 0.1088 0.7874 0.0875, 0.1071 0.7874 0.0857, 0.0893 0.7874 0.0825, 0.1059 0.7874 0.0837, 0.1053 0.7874 0.0813, 0.0893 0.7874 0.0799, 0.1052 0.7874 0.0788, 0.1175 0.7874 0.0896, 0.1208 0.7874 0.1053, 0.1197 0.7874 0.0887, 0.1265 0.7874 0.1031, 0.1217 0.7874 0.0874, 0.1318 0.7874 0.0995, 0.1232 0.7874 0.0858, 0.1361 0.7874 0.0947, 0.1244 0.7874 0.0836, 0.1251 0.7874 0.0812, 0.1054 0.7874 0.1042, 0.1116 0.7874 0.1058, 0.1147 0.7874 0.106, 0.0446 0.7874 0.1265, 0.0426 0.7874 0.1265, 0.032 0.7874 0.1402, 0.0377 0.7874 0.1258, 0.0307 0.7874 0.1398, 0.0333 0.7874 0.1241, 0.0231 0.7874 0.136, 0.0162 0.7874 0.13, 0.1173 0.7874 0.1593, 0.105 0.7874 0.1493, 0.1112 0.7874 0.1644, 0.0981 0.7874 0.1543, 0.1035 0.7874 0.1689, 0.131 0.7874 0.1382, 0.1283 0.7874 0.1384, 0.1255 0.7874 0.1535, 0.1223 0.7874 0.1376, 0.1166 0.7874 0.1354, 0.1218 0.7874 0.0724, 0.1197 0.7874 0.071, 0.128 0.7874 0.058, 0.1173 0.7874 0.0701, 0.0165 0.7874 0.0822, 0.0284 0.7874 0.0925, 0.0235 0.7874 0.0764, 0.0322 0.7874 0.0894, 0.0314 0.7874 0.0726, 0.0367 0.7874 0.0873, 0.0399 0.7874 0.0709, 0.0413 0.7874 0.0865, 0.055 0.7874 0.071, 0.0529 0.7874 0.0866, 0.0565 0.7874 0.0712, 0.1151 0.7874 0.0898, 0.1 0.7874 0.1012, 0.0293 0.7874 0.1213, 0.0264 0.7874 0.118, 0.011 0.7874 0.1227, 0.024 0.7874 0.1135, 0.008 0.7874 0.1149, 0.0229 0.7874 0.1086, 0.0069 0.7874 0.1065, 0.0228 0.7874 0.1064, 0.0081 0.7874 0.0974, 0.0234 0.7874 0.1014, 0.0114 0.7874 0.0893, 0.0252 0.7874 0.0968, 0.028 0.7874 0.0928, 0.0457 0.7874 0.1606, 0.0558 0.7874 0.1488, 0.0367 0.7874 0.1498, 0.05 0.7874 0.1419, 0.0462 0.7874 0.1336, 0.1533 0.7874 0.1191, 0.1702 0.7874 0.1151, 0.1541 0.7874 0.1129, 0.1703 0.7874 0.1125, 0.1539 0.7874 0.109, 0.1691 0.7874 0.1026, 0.1521 0.7874 0.1027, 0.1656 0.7874 0.093, 0.149 0.7874 0.0975, 0.1597 0.7874 0.0845, 0.152 0.7874 0.0778, 0.1234 0.7874 0.0742, 0.1245 0.7874 0.0763, 0.1251 0.7874 0.0787, 0.0916 0.7874 0.173, 0.0897 0.7874 0.1576, 0.0804 0.7874 0.1741, 0.0803 0.7874 0.1588, 0.0679 0.7874 0.1725, 0.0716 0.7874 0.1576, 0.0553 0.7874 0.1674, 0.0636 0.7874 0.1545, 0.0564 0.7874 0.1495, 0.148 0.7874 0.149, 0.1562 0.7874 0.1434, 0.1475 0.7874 0.1299, 0.158 0.7874 0.1416, 0.1511 0.7874 0.1248, 0.1642 0.7874 0.1339, 0.1684 0.7874 0.1247, 0.0542 0.7874 0.0868, 0.0604 0.7874 0.0737, 0.0598 0.7874 0.0731, 0.0534 0.7874 0.0867, 0.0582 0.7874 0.0719, 0.1221 0.7874 0.0555, 0.1161 0.7874 0.0545, 0.1152 0.7874 0.0699, 0.1151 0.7874 0.0545, 0.1129 0.7874 0.0701, 0.1089 0.7874 0.0552, 0.1106 0.7874 0.071, 0.1032 0.7874 0.0574, 0.1086 0.7874 0.0723, 0.098 0.7874 0.0609, 0.107 0.7874 0.0741, 0.0941 0.7874 0.0653, 0.1058 0.7874 0.0764, 0.091 0.7874 0.071, 0.0894 0.7874 0.0773, 0.0624 0.7874 0.079, 0.0622 0.7874 0.0771, 0.0615 0.7874 0.0753, 0.0564 0.7874 0.0866, 0.0581 0.7874 0.0859, 0.0623 0.7874 0.08, 0.0597 0.7874 0.0848, 0.0608 0.7874 0.0837, 0.0618 0.7874 0.0819, 0.0544 0.7874 0.0868, 0.0069 0.7874 0.1065, 0.008 0.7874 0.1149, 0.014 0.7874 0.1269, 0.0087 0.7874 0.1166, 0.011 0.7874 0.1227, 0.0162 0.7874 0.13, 0.0231 0.7874 0.136, 0.0307 0.7874 0.1398, 0.032 0.7874 0.1402, 0.0367 0.7874 0.1498, 0.0457 0.7874 0.1606, 0.0804 0.7874 0.1741, 0.0499 0.7874 0.1635, 0.0553 0.7874 0.1674, 0.0596 0.7874 0.1691, 0.0679 0.7874 0.1725, 0.1112 0.7874 0.1644, 0.0916 0.7874 0.173, 0.1029 0.7874 0.1691, 0.1035 0.7874 0.1689, 0.1226 0.7874 0.1532, 0.1122 0.7874 0.1635, 0.1173 0.7874 0.1593, 0.1255 0.7874 0.1535, 0.1285 0.7874 0.1537, 0.1384 0.7874 0.1526, 0.148 0.7874 0.149, 0.1562 0.7874 0.1434, 0.158 0.7874 0.1416, 0.1703 0.7874 0.1125, 0.1642 0.7874 0.1339, 0.1673 0.7874 0.1269, 0.1684 0.7874 0.1247, 0.1699 0.7874 0.1166, 0.1702 0.7874 0.1151, 0.1695 0.7874 0.1055, 0.1695 0.7874 0.1062, 0.1691 0.7874 0.1026, 0.1656 0.7874 0.093, 0.1597 0.7874 0.0845, 0.152 0.7874 0.0778, 0.1428 0.7874 0.0732, 0.1393 0.7874 0.0721, 0.1368 0.7874 0.0666, 0.133 0.7874 0.0618, 0.128 0.7874 0.058, 0.1221 0.7874 0.0555, 0.1161 0.7874 0.0545, 0.1151 0.7874 0.0545, 0.1089 0.7874 0.0552, 0.1032 0.7874 0.0574, 0.098 0.7874 0.0609, 0.0941 0.7874 0.0653, 0.091 0.7874 0.071, 0.0894 0.7874 0.0773, 0.0893 0.7874 0.0799, 0.0893 0.7874 0.0825, 0.0533 0.7874 0.1012, 0.0558 0.7874 0.1055, 0.0562 0.7874 0.1062, 0.0611 0.7874 0.1148, 0.0792 0.7874 0.1055, 0.0956 0.7874 0.0971, 0.0779 0.7874 0.1062, 0.1147 0.7874 0.106, 0.1 0.7874 0.1012, 0.1054 0.7874 0.1042, 0.1106 0.7874 0.1055, 0.1116 0.7874 0.1058, 0.1187 0.7874 0.1055, 0.1208 0.7874 0.1053, 0.1265 0.7874 0.1031, 0.1318 0.7874 0.0995, 0.1361 0.7874 0.0947, 0.1389 0.7874 0.0892, 0.1531 0.7874 0.1062, 0.1529 0.7874 0.1055, 0.1521 0.7874 0.1027, 0.149 0.7874 0.0975, 0.1445 0.7874 0.0927, 0.1539 0.7874 0.109, 0.1541 0.7874 0.1129, 0.1536 0.7874 0.1166, 0.1533 0.7874 0.1191, 0.1511 0.7874 0.1248, 0.1496 0.7874 0.1269, 0.1475 0.7874 0.1299, 0.143 0.7874 0.1338, 0.1373 0.7874 0.1368, 0.131 0.7874 0.1382, 0.1283 0.7874 0.1384, 0.1223 0.7874 0.1376, 0.1166 0.7874 0.1354, 0.1148 0.7874 0.1344, 0.1108 0.7874 0.1425, 0.105 0.7874 0.1493, 0.0981 0.7874 0.1543, 0.0897 0.7874 0.1576, 0.0803 0.7874 0.1588, 0.0446 0.7874 0.1265, 0.0447 0.7874 0.1269, 0.0462 0.7874 0.1336, 0.05 0.7874 0.1419, 0.0558 0.7874 0.1488, 0.0564 0.7874 0.1495, 0.0636 0.7874 0.1545, 0.0716 0.7874 0.1576, 0.0426 0.7874 0.1265, 0.0377 0.7874 0.1258, 0.0333 0.7874 0.1241, 0.0293 0.7874 0.1213, 0.0264 0.7874 0.118, 0.0257 0.7874 0.1166, 0.024 0.7874 0.1135, 0.0229 0.7874 0.1086, 0.0228 0.7874 0.1064, 0.0228 0.7874 0.1062, 0.0229 0.7874 0.1055, 0.0234 0.7874 0.1014, 0.0252 0.7874 0.0968, 0.028 0.7874 0.0928, 0.0284 0.7874 0.0925, 0.0322 0.7874 0.0894, 0.0367 0.7874 0.0873, 0.0413 0.7874 0.0865, 0.0529 0.7874 0.0866, 0.0534 0.7874 0.0867, 0.0542 0.7874 0.0868, 0.0544 0.7874 0.0868, 0.0564 0.7874 0.0866, 0.0581 0.7874 0.0859, 0.0597 0.7874 0.0848, 0.0608 0.7874 0.0837, 0.0618 0.7874 0.0819, 0.0623 0.7874 0.08, 0.0624 0.7874 0.079, 0.0622 0.7874 0.0771, 0.0615 0.7874 0.0753, 0.0604 0.7874 0.0737, 0.0598 0.7874 0.0731, 0.0582 0.7874 0.0719, 0.0565 0.7874 0.0712, 0.055 0.7874 0.071, 0.0399 0.7874 0.0709, 0.0314 0.7874 0.0726, 0.0235 0.7874 0.0764, 0.0165 0.7874 0.0822, 0.0114 0.7874 0.0893, 0.0081 0.7874 0.0974, 0.007 0.7874 0.1055, 0.0069 0.7874 0.1062, 0.1151 0.7874 0.0898, 0.1133 0.7874 0.0897, 0.1109 0.7874 0.0889, 0.1088 0.7874 0.0875, 0.1071 0.7874 0.0857, 0.1059 0.7874 0.0837, 0.1053 0.7874 0.0813, 0.1052 0.7874 0.0788, 0.1058 0.7874 0.0764, 0.107 0.7874 0.0741, 0.1086 0.7874 0.0723, 0.1106 0.7874 0.071, 0.1129 0.7874 0.0701, 0.1152 0.7874 0.0699, 0.1173 0.7874 0.0701, 0.1197 0.7874 0.071, 0.1218 0.7874 0.0724, 0.1234 0.7874 0.0742, 0.1245 0.7874 0.0763, 0.1251 0.7874 0.0787, 0.1251 0.7874 0.0812, 0.1244 0.7874 0.0836, 0.1232 0.7874 0.0858, 0.1217 0.7874 0.0874, 0.1197 0.7874 0.0887, 0.1175 0.7874 0.0896
            ]
        }
        coordIndex [
            0,1,2,-1,3,4,5,-1,6,7,3,-1,8,9,10,-1,11,12,13,-1,14,15,2,-1,2,15,16,-1,2,16,0,-1,10,9,17,-1,7,18,3,-1,3,18,19,-1,3,19,20,-1,19,21,20,-1,20,21,22,-1,20,22,23,-1,23,22,24,-1,25,26,27,-1,27,26,28,-1,27,28,29,-1,29,28,30,-1,29,30,31,-1,31,30,32,-1,31,32,33,-1,33,32,2,-1,33,2,34,-1,35,36,25,-1,25,36,37,-1,25,37,26,-1,38,39,40,-1,40,39,41,-1,40,41,42,-1,42,41,43,-1,42,43,44,-1,44,43,45,-1,11,13,46,-1,46,13,47,-1,46,47,48,-1,48,47,49,-1,48,49,50,-1,9,51,17,-1,17,51,52,-1,17,52,53,-1,53,52,54,-1,53,54,11,-1,11,54,55,-1,11,55,12,-1,56,1,57,-1,57,1,58,-1,57,58,59,-1,60,61,62,-1,62,61,63,-1,62,63,64,-1,64,63,65,-1,64,65,66,-1,66,65,67,-1,66,67,68,-1,68,67,69,-1,68,69,70,-1,6,3,71,-1,71,3,5,-1,71,5,25,-1,25,5,72,-1,25,72,35,-1,43,73,45,-1,45,73,74,-1,45,74,75,-1,75,74,76,-1,75,76,77,-1,77,76,78,-1,77,78,79,-1,79,78,80,-1,79,80,81,-1,81,80,82,-1,81,82,83,-1,83,82,84,-1,83,84,60,-1,60,84,85,-1,60,85,61,-1,86,87,88,-1,88,87,89,-1,88,89,40,-1,40,89,90,-1,40,90,38,-1,91,92,93,-1,93,92,94,-1,93,94,95,-1,95,94,96,-1,95,96,97,-1,97,96,98,-1,97,98,99,-1,99,98,100,-1,99,100,14,-1,14,100,101,-1,14,101,15,-1,56,102,1,-1,1,102,103,-1,1,103,2,-1,2,103,104,-1,2,104,34,-1,50,49,105,-1,105,49,106,-1,105,106,107,-1,107,106,108,-1,107,108,109,-1,109,108,110,-1,109,110,111,-1,111,110,112,-1,111,112,86,-1,86,112,113,-1,86,113,87,-1,10,114,8,-1,8,114,115,-1,8,115,116,-1,116,115,117,-1,116,117,118,-1,118,117,119,-1,118,119,91,-1,91,119,120,-1,91,120,92,-1,121,122,123,-1,69,124,70,-1,70,124,121,-1,70,121,125,-1,125,121,123,-1,58,126,59,-1,59,126,127,-1,59,127,128,-1,128,127,129,-1,128,129,130,-1,130,129,131,-1,130,131,132,-1,132,131,133,-1,132,133,134,-1,134,133,135,-1,134,135,136,-1,136,135,137,-1,136,137,138,-1,138,137,139,-1,138,139,24,-1,24,139,140,-1,24,140,23,-1,141,142,121,-1,121,142,143,-1,121,143,122,-1,144,145,146,-1,145,147,146,-1,146,147,148,-1,146,148,149,-1,141,121,146,-1,146,121,150,-1,146,150,144,-1,79,151,152,-1,153,45,75,-1,79,152,77,-1,77,152,154,-1,77,154,75,-1,75,154,155,-1,75,155,153,-1,153,156,45,-1,45,156,157,-1,45,157,44,-1,44,157,158,-1,44,158,42,-1,42,158,159,-1,42,159,40,-1,40,159,160,-1,40,160,88,-1,88,160,161,-1,88,161,86,-1,162,107,109,-1,86,161,163,-1,86,163,111,-1,163,164,111,-1,111,164,165,-1,111,165,109,-1,109,165,166,-1,109,166,162,-1,167,48,50,-1,107,162,168,-1,107,168,105,-1,105,168,169,-1,105,169,50,-1,50,169,170,-1,50,170,167,-1,171,11,46,-1,48,167,172,-1,48,172,46,-1,46,172,173,-1,46,173,171,-1,11,171,174,-1,11,174,53,-1,53,174,175,-1,53,175,17,-1,17,175,176,-1,17,176,10,-1,10,176,177,-1,10,177,114,-1,114,177,178,-1,114,178,115,-1,115,178,179,-1,115,179,117,-1,180,94,92,-1,117,179,181,-1,117,181,119,-1,119,181,182,-1,119,182,120,-1,182,183,120,-1,120,183,184,-1,120,184,92,-1,92,184,185,-1,92,185,180,-1,186,96,187,-1,187,96,94,-1,187,94,180,-1,186,188,96,-1,96,188,189,-1,96,189,98,-1,98,189,190,-1,98,190,100,-1,100,190,191,-1,100,191,101,-1,101,191,192,-1,101,192,15,-1,15,192,193,-1,15,193,16,-1,16,193,194,-1,16,194,0,-1,0,194,195,-1,0,195,1,-1,1,195,196,-1,1,196,58,-1,58,196,197,-1,58,197,126,-1,126,197,198,-1,126,198,127,-1,127,198,199,-1,127,199,129,-1,129,199,200,-1,129,200,131,-1,131,200,201,-1,131,201,133,-1,133,201,202,-1,133,202,135,-1,135,202,203,-1,135,203,137,-1,137,203,204,-1,137,204,139,-1,139,204,205,-1,139,205,140,-1,140,205,206,-1,140,206,23,-1,20,23,207,-1,207,23,206,-1,3,20,208,-1,208,20,207,-1,3,208,209,-1,209,210,3,-1,3,210,211,-1,3,211,4,-1,212,213,5,-1,212,5,214,-1,214,5,4,-1,214,4,211,-1,215,37,36,-1,5,213,216,-1,5,216,72,-1,72,216,217,-1,72,217,35,-1,35,217,218,-1,35,218,36,-1,36,218,219,-1,36,219,215,-1,26,37,220,-1,220,37,215,-1,220,221,26,-1,26,221,222,-1,26,222,28,-1,28,222,223,-1,28,223,30,-1,30,223,224,-1,30,224,32,-1,32,224,225,-1,32,225,2,-1,226,95,227,-1,227,95,97,-1,227,97,228,-1,228,97,99,-1,228,99,229,-1,229,99,14,-1,229,14,230,-1,230,14,2,-1,230,2,225,-1,226,231,95,-1,95,231,232,-1,95,232,93,-1,91,93,233,-1,233,93,232,-1,233,234,91,-1,91,234,235,-1,91,235,118,-1,118,235,236,-1,118,236,116,-1,236,237,116,-1,116,237,238,-1,116,238,8,-1,8,238,239,-1,8,239,9,-1,9,239,240,-1,9,240,51,-1,51,240,241,-1,51,241,52,-1,52,241,242,-1,52,242,54,-1,54,242,243,-1,54,243,55,-1,55,243,244,-1,55,244,12,-1,12,244,245,-1,12,245,13,-1,13,245,246,-1,13,246,47,-1,47,246,247,-1,47,247,49,-1,49,247,248,-1,49,248,106,-1,106,248,249,-1,106,249,108,-1,250,38,251,-1,251,38,90,-1,251,90,252,-1,252,90,89,-1,252,89,253,-1,253,89,87,-1,253,87,254,-1,254,87,113,-1,254,113,255,-1,255,113,112,-1,255,112,256,-1,256,112,110,-1,256,110,257,-1,257,110,108,-1,257,108,249,-1,39,38,258,-1,258,38,250,-1,39,258,259,-1,39,259,41,-1,41,259,260,-1,41,260,43,-1,43,260,261,-1,43,261,73,-1,73,261,262,-1,73,262,74,-1,74,262,263,-1,74,263,76,-1,263,264,76,-1,76,264,265,-1,76,265,78,-1,78,265,266,-1,78,266,80,-1,266,267,80,-1,80,267,268,-1,80,268,82,-1,268,269,82,-1,82,269,270,-1,82,270,84,-1,84,270,271,-1,84,271,85,-1,85,271,272,-1,85,272,61,-1,61,272,273,-1,61,273,63,-1,63,273,274,-1,63,274,65,-1,65,274,275,-1,65,275,67,-1,69,67,276,-1,276,67,275,-1,69,276,277,-1,69,277,124,-1,124,277,278,-1,124,278,121,-1,121,278,279,-1,121,279,150,-1,150,279,280,-1,150,280,144,-1,144,280,281,-1,144,281,145,-1,145,281,282,-1,145,282,147,-1,147,282,283,-1,147,283,148,-1,148,283,284,-1,148,284,149,-1,149,284,285,-1,149,285,146,-1,146,285,286,-1,146,286,141,-1,141,286,287,-1,141,287,142,-1,142,287,288,-1,142,288,143,-1,143,288,289,-1,143,289,122,-1,122,289,290,-1,122,290,123,-1,123,290,291,-1,123,291,125,-1,125,291,292,-1,125,292,70,-1,70,292,293,-1,70,293,68,-1,66,68,294,-1,294,68,293,-1,66,294,295,-1,66,295,64,-1,64,295,296,-1,64,296,62,-1,62,296,297,-1,62,297,60,-1,60,297,298,-1,60,298,83,-1,83,298,299,-1,83,299,81,-1,81,299,300,-1,81,300,79,-1,79,300,301,-1,79,301,151,-1,71,302,303,-1,71,303,6,-1,6,303,304,-1,6,304,7,-1,7,304,305,-1,7,305,18,-1,18,305,306,-1,18,306,19,-1,19,306,307,-1,19,307,21,-1,21,307,308,-1,21,308,22,-1,22,308,309,-1,22,309,24,-1,24,309,310,-1,24,310,138,-1,138,310,311,-1,138,311,136,-1,136,311,312,-1,136,312,134,-1,134,312,313,-1,134,313,132,-1,132,313,314,-1,132,314,130,-1,130,314,315,-1,130,315,128,-1,128,315,316,-1,128,316,59,-1,59,316,317,-1,59,317,57,-1,57,317,318,-1,57,318,56,-1,56,318,319,-1,56,319,102,-1,102,319,320,-1,102,320,103,-1,103,320,321,-1,103,321,104,-1,104,321,322,-1,104,322,34,-1,34,322,323,-1,34,323,33,-1,33,323,324,-1,33,324,31,-1,31,324,325,-1,31,325,29,-1,29,325,326,-1,29,326,27,-1,27,326,327,-1,27,327,25,-1,25,327,302,-1,25,302,71,-1,
        ]
    }
}
Shape{
    appearance Appearance {
        material  Material 	{
            diffuseColor 1.0 0.9725490196078431 0.7803921568627451
            specularColor 0.5019607843137255 0.48627450980392156 0.38823529411764707
            ambientIntensity 0.9589
            transparency 0.0
            shininess 0.5
        }
    }
    geometry IndexedFaceSet {
        ccw TRUE
        solid FALSE
        coord DEF co Coordinate {
            point [
                0.1129 0.7874 0.0701, 0.1133 0.7874 0.0897, 0.1152 0.7874 0.0699, 0.1151 0.7874 0.0898, 0.1175 0.7874 0.0896, 0.1197 0.7874 0.0887, 0.1217 0.7874 0.0874, 0.1232 0.7874 0.0858, 0.1245 0.7874 0.0763, 0.1234 0.7874 0.0742, 0.1218 0.7874 0.0724, 0.1086 0.7874 0.0723, 0.1071 0.7874 0.0857, 0.1088 0.7874 0.0875, 0.1197 0.7874 0.071, 0.1173 0.7874 0.0701, 0.1106 0.7874 0.071, 0.1109 0.7874 0.0889, 0.1244 0.7874 0.0836, 0.1251 0.7874 0.0812, 0.1251 0.7874 0.0787, 0.1058 0.7874 0.0764, 0.1052 0.7874 0.0788, 0.107 0.7874 0.0741, 0.1053 0.7874 0.0813, 0.1059 0.7874 0.0837
            ]
        }
        coordIndex [
            0,1,2,-1,2,1,3,-1,2,3,4,-1,4,5,2,-1,2,5,6,-1,2,6,7,-1,8,9,7,-1,7,9,10,-1,11,12,13,-1,10,14,7,-1,7,14,15,-1,7,15,2,-1,0,16,1,-1,1,16,11,-1,1,11,17,-1,17,11,13,-1,18,19,7,-1,7,19,20,-1,7,20,8,-1,21,22,23,-1,23,22,24,-1,23,24,11,-1,11,24,25,-1,11,25,12,-1,
        ]
    }
}