#VRML V2.0 utf8
# 3D model generated by easyeda2kicad.py (https://github.com/uPesy/easyeda2kicad.py)

Shape{
    appearance Appearance {
        material  Material 	{
            diffuseColor 0.25098039215686274 0.25098039215686274 0.25098039215686274
            specularColor 0.12549019607843137 0.12549019607843137 0.12549019607843137
            ambientIntensity 0.251
            transparency 0.0
            shininess 0.5
        }
    }
    geometry IndexedFaceSet {
        ccw TRUE
        solid FALSE
        coord DEF co Coordinate {
            point [
                -1.2502 1.5092 1.7913, -1.3424 1.5092 1.7913, -1.3424 1.2825 1.7913, 0.3595 1.5445 1.7913, 0.3696 1.5457 1.7913, 0.2612 1.5457 1.7913, -1.7099 -0.0626 1.7913, -1.7087 -0.0597 1.7913, -1.7087 1.2057 1.7913, 1.3668 1.2825 1.7913, 1.3647 1.2825 1.7913, 1.3655 1.2749 1.7913, 0.8435 1.5445 1.7913, 0.8536 1.5457 1.7913, 0.7087 1.5457 1.7913, -1.5573 1.4067 1.7913, -1.5776 1.3972 1.7913, -1.5776 1.3963 1.7913, -1.5657 1.535 1.7913, -1.5481 1.5245 1.7913, -1.4745 1.5457 1.7913, -1.5569 1.3917 1.7913, -1.5405 1.3837 1.7913, -1.5427 1.419 1.7913, -1.5268 1.3722 1.7913, -1.5163 1.3575 1.7913, -1.51 1.341 1.7913, -1.5076 1.3197 1.7913, -1.4745 1.2825 1.7913, -1.7087 1.5457 1.7913, -1.6125 1.5437 1.7913, -1.586 1.5413 1.7913, -1.5368 1.5134 1.7913, -1.5291 1.501 1.7913, -1.5244 1.4867 1.7913, -1.5229 1.4714 1.7913, -1.5253 1.4515 1.7913, -1.5316 1.4349 1.7913, -1.5103 1.2963 1.7913, -1.5154 1.2825 1.7913, -1.4745 1.2057 1.7913, -1.5169 1.2785 1.7913, -1.5282 1.262 1.7913, -1.5452 1.2469 1.7913, -1.5659 1.2362 1.7913, -1.5934 1.2297 1.7913, -1.6099 1.2288 1.7913, -1.7035 1.2288 1.7913, -1.7087 1.2825 1.7913, -1.7035 1.2825 1.7913, -1.7035 1.5437 1.7913, -0.8495 1.5457 1.7913, -0.8465 1.5476 1.7913, -0.9756 2.5923 1.7913, -0.937 1.4608 1.7913, -0.9429 1.4592 1.7913, -0.9756 1.2825 1.7913, -0.87 1.2825 1.7913, -0.87 1.4963 1.7913, -0.8991 1.4768 1.7913, -0.9429 1.4976 1.7913, -0.9756 1.5457 1.7913, -0.8924 1.5181 1.7913, -0.87 1.2288 1.7913, -0.9756 1.2057 1.7913, -0.7759 1.2057 1.7913, -0.7759 2.5923 1.7913, -0.8316 1.5476 1.7913, -0.7759 1.5457 1.7913, -0.8316 1.5457 1.7913, -0.7759 1.2825 1.7913, -0.8316 1.2825 1.7913, -0.8316 1.2288 1.7913, -0.144 2.5923 1.7913, -0.3286 1.5476 1.7913, -0.311 1.5457 1.7913, -0.5679 1.5457 1.7913, -0.6412 1.5359 1.7913, -0.6149 1.545 1.7913, -0.608 1.5457 1.7913, -0.5889 1.5476 1.7913, -0.7021 1.4675 1.7913, -0.6835 1.4997 1.7913, -0.663 1.5215 1.7913, -0.7074 1.2889 1.7913, -0.7176 1.3288 1.7913, -0.7202 1.3676 1.7913, -0.7151 1.4244 1.7913, -0.5745 1.2335 1.7913, -0.596 1.2268 1.7913, -0.2482 1.2057 1.7913, -0.6171 1.2249 1.7913, -0.6441 1.2283 1.7913, -0.6628 1.2356 1.7913, -0.6799 1.2478 1.7913, -0.6939 1.2637 1.7913, -0.704 1.2825 1.7913, -0.4276 1.2556 1.7913, -0.5265 1.2825 1.7913, -0.4018 1.2392 1.7913, -0.5276 1.2795 1.7913, -0.3722 1.229 1.7913, -0.5402 1.26 1.7913, -0.5563 1.2444 1.7913, -0.2829 1.232 1.7913, -0.308 1.2266 1.7913, -0.3337 1.2249 1.7913, -0.5836 1.426 1.7913, -0.5648 1.4195 1.7913, -0.5358 1.5005 1.7913, -0.3509 1.5457 1.7913, -0.5614 1.5451 1.7913, -0.5358 1.5351 1.7913, -0.4237 1.5183 1.7913, -0.3946 1.5353 1.7913, -0.5433 1.5393 1.7913, -0.3628 1.5446 1.7913, -0.4502 1.279 1.7913, -0.4523 1.2825 1.7913, -0.4677 1.3084 1.7913, -0.4777 1.428 1.7913, -0.4661 1.4645 1.7913, -0.4482 1.494 1.7913, -0.4783 1.3425 1.7913, -0.5166 1.3308 1.7913, -0.5196 1.3023 1.7913, -0.6804 1.3836 1.7913, -0.6794 1.3836 1.7913, -0.678 1.4171 1.7913, -0.6678 1.4015 1.7913, -0.6684 1.4533 1.7913, -0.6551 1.4138 1.7913, -0.6558 1.4769 1.7913, -0.6401 1.4224 1.7913, -0.6405 1.4941 1.7913, -0.6236 1.4271 1.7913, -0.6249 1.5047 1.7913, -0.6072 1.4285 1.7913, -0.5612 1.5098 1.7913, -0.5881 1.513 1.7913, -0.6084 1.5107 1.7913, -0.5475 1.4079 1.7913, -0.5339 1.3927 1.7913, -0.482 1.3825 1.7913, -0.5239 1.3737 1.7913, -0.5176 1.3483 1.7913, 0.0135 1.2825 1.7913, 0.0565 1.2825 1.7913, 0.0531 1.2889 1.7913, 0.1525 1.5457 1.7913, 0.0135 1.5457 1.7913, 0.1456 1.545 1.7913, 0.1193 1.5359 1.7913, 0.0584 1.4675 1.7913, 0.077 1.4997 1.7913, 0.0975 1.5215 1.7913, 0.0429 1.3288 1.7913, 0.0403 1.3676 1.7913, 0.0454 1.4244 1.7913, 0.2042 1.2444 1.7913, 0.1861 1.2335 1.7913, 0.2612 1.2057 1.7913, 0.0977 1.2356 1.7913, 0.0806 1.2478 1.7913, 0.0135 1.2057 1.7913, 0.0666 1.2637 1.7913, 0.1645 1.2268 1.7913, 0.1435 1.2249 1.7913, 0.1164 1.2283 1.7913, 0.2409 1.3023 1.7913, 0.234 1.2825 1.7913, 0.2612 1.2825 1.7913, 0.2329 1.2795 1.7913, 0.2203 1.26 1.7913, 0.2247 1.5005 1.7913, 0.1991 1.5451 1.7913, 0.2172 1.5393 1.7913, 0.2247 1.5351 1.7913, 0.1769 1.426 1.7913, 0.1957 1.4195 1.7913, 0.213 1.4079 1.7913, 0.2266 1.3927 1.7913, 0.2366 1.3737 1.7913, 0.2429 1.3483 1.7913, 0.2439 1.3308 1.7913, 0.0801 1.3836 1.7913, 0.0812 1.3836 1.7913, 0.0826 1.4171 1.7913, 0.0927 1.4015 1.7913, 0.0921 1.4533 1.7913, 0.1054 1.4138 1.7913, 0.1048 1.4769 1.7913, 0.1205 1.4224 1.7913, 0.1201 1.4941 1.7913, 0.1369 1.4271 1.7913, 0.1356 1.5047 1.7913, 0.1533 1.4285 1.7913, 0.1993 1.5098 1.7913, 0.1724 1.513 1.7913, 0.1521 1.5107 1.7913, 0.6549 1.5476 1.7913, 0.7087 2.5923 1.7913, 0.64 1.5476 1.7913, 0.5147 2.5923 1.7913, 0.637 1.5457 1.7913, 0.6165 1.2825 1.7913, 0.6165 1.4963 1.7913, 0.5874 1.4768 1.7913, 0.5435 1.4592 1.7913, 0.5435 1.4976 1.7913, 0.5147 1.5457 1.7913, 0.5941 1.5181 1.7913, 0.5494 1.4608 1.7913, 0.5147 1.2825 1.7913, 0.6165 1.2288 1.7913, 0.5147 1.2057 1.7913, 0.7087 1.2057 1.7913, 0.6549 1.5457 1.7913, 0.7087 1.2825 1.7913, 0.6549 1.2825 1.7913, 0.6549 1.2288 1.7913, 0.9115 1.5387 1.7913, 0.9987 1.5457 1.7913, 0.8929 1.5452 1.7913, 0.8883 1.5457 1.7913, 0.9279 1.5278 1.7913, 0.9405 1.514 1.7913, 0.9537 1.4903 1.7913, 0.965 1.4502 1.7913, 0.9699 1.3876 1.7913, 0.9987 1.2825 1.7913, 0.9651 1.3292 1.7913, 0.9987 2.5923 1.7913, 0.87 1.5476 1.7913, 0.7816 1.4898 1.7913, 0.7949 1.5121 1.7913, 0.8097 1.5275 1.7913, 0.8243 1.5372 1.7913, 0.7772 1.2868 1.7913, 0.7661 1.3288 1.7913, 0.7624 1.3801 1.7913, 0.7675 1.4431 1.7913, 0.9235 1.246 1.7913, 0.906 1.2343 1.7913, 0.9987 1.2057 1.7913, 0.9534 1.2885 1.7913, 0.95 1.2825 1.7913, 0.939 1.2629 1.7913, 0.8223 1.2339 1.7913, 0.8065 1.2443 1.7913, 0.791 1.2613 1.7913, 0.7795 1.2825 1.7913, 0.8862 1.2274 1.7913, 0.8629 1.2249 1.7913, 0.8405 1.2274 1.7913, 1.2368 1.5457 1.7913, 1.2503 1.5437 1.7913, 1.2963 1.5437 1.7913, 1.556 1.2904 1.7913, 1.5597 1.3057 1.7913, 1.4807 1.5437 1.7913, 1.6228 1.5437 1.7913, 1.3638 1.2911 1.7913, 1.3682 1.2911 1.7913, 1.3604 1.307 1.7913, 1.3724 1.307 1.7913, 1.4423 1.5437 1.7913, 1.5482 1.3049 1.7913, 1.5516 1.29 1.7913, 1.5548 1.2825 1.7913, 1.5526 1.2825 1.7913, 1.5537 1.2749 1.7913, 1.3267 1.2825 1.7913, 1.2368 1.2825 1.7913, 1.3424 1.2288 1.7913, 1.2368 1.2057 1.7913, 1.3885 1.2288 1.7913, 1.8282 1.5457 1.7913, 1.6651 1.5437 1.7913, 1.8282 1.2825 1.7913, 1.5918 1.2825 1.7913, 1.8282 1.2057 1.7913, 1.5767 1.2288 1.7913, 1.5306 1.2288 1.7913, 1.4615 1.49 1.7913, 1.4577 1.49 1.7913, 1.4632 1.4734 1.7913, 1.4557 1.4736 1.7913, 1.4666 1.4572 1.7913, 1.452 1.4576 1.7913, 1.5156 1.2825 1.7913, 1.4035 1.2825 1.7913, -1.5355 0.0097 1.7913, -1.5108 -0.0092 1.7913, -1.698 -0.0339 1.7913, -1.6791 -0.0092 1.7913, -1.6545 0.0097 1.7913, -1.6791 -0.1775 1.7913, -1.7087 -0.4866 1.7913, -1.6545 -0.1964 1.7913, -1.6258 -0.2083 1.7913, -1.6258 0.0216 1.7913, -1.595 0.0256 1.7913, -1.5642 0.0216 1.7913, -1.4919 -0.0339 1.7913, -1.48 -0.0626 1.7913, -1.476 -0.0934 1.7913, -1.48 -0.1242 1.7913, -1.4745 -0.4866 1.7913, -1.4919 -0.1529 1.7913, -1.5108 -0.1775 1.7913, -1.5355 -0.1964 1.7913, -1.5642 -0.2083 1.7913, -1.595 -0.2124 1.7913, -1.698 -0.1529 1.7913, -1.7087 -0.1271 1.7913, -1.8282 -0.4866 1.7913, -1.7099 -0.1242 1.7913, -1.714 -0.0934 1.7913, -1.8282 1.2057 1.7913, 1.1736 1.4067 1.7913, 1.1534 1.3972 1.7913, 1.1534 1.3963 1.7913, 1.2234 1.3197 1.7913, 1.2207 1.2963 1.7913, 1.1652 1.535 1.7913, 1.1828 1.5245 1.7913, 1.1741 1.3917 1.7913, 1.1904 1.3837 1.7913, 1.1882 1.419 1.7913, 1.2041 1.3722 1.7913, 1.2147 1.3575 1.7913, 1.2209 1.341 1.7913, 1.1185 1.5437 1.7913, 1.1449 1.5413 1.7913, 1.1942 1.5134 1.7913, 1.2018 1.501 1.7913, 1.2066 1.4867 1.7913, 1.208 1.4714 1.7913, 1.2057 1.4515 1.7913, 1.1993 1.4349 1.7913, 1.1857 1.2469 1.7913, 1.165 1.2362 1.7913, 1.2156 1.2825 1.7913, 1.2141 1.2785 1.7913, 1.2028 1.262 1.7913, 1.1376 1.2297 1.7913, 1.121 1.2288 1.7913, 1.0275 1.2288 1.7913, 1.0275 1.2825 1.7913, 1.0275 1.5437 1.7913, 0.4043 1.5457 1.7913, 0.409 1.5452 1.7913, 0.4275 1.5387 1.7913, 0.4439 1.5278 1.7913, 0.4859 1.3876 1.7913, 0.4812 1.3292 1.7913, 0.4566 1.514 1.7913, 0.4698 1.4903 1.7913, 0.4811 1.4502 1.7913, 0.2612 2.5923 1.7913, 0.1926 1.5457 1.7913, 0.386 1.5476 1.7913, 0.2976 1.4898 1.7913, 0.3109 1.5121 1.7913, 0.3257 1.5275 1.7913, 0.3403 1.5372 1.7913, 0.2932 1.2868 1.7913, 0.2821 1.3288 1.7913, 0.2785 1.3801 1.7913, 0.2835 1.4431 1.7913, 0.4395 1.246 1.7913, 0.422 1.2343 1.7913, 0.4694 1.2885 1.7913, 0.4661 1.2825 1.7913, 0.455 1.2629 1.7913, 0.3383 1.2339 1.7913, 0.3225 1.2443 1.7913, 0.307 1.2613 1.7913, 0.2955 1.2825 1.7913, 0.4023 1.2274 1.7913, 0.379 1.2249 1.7913, 0.3565 1.2274 1.7913, -0.144 1.2057 1.7913, -0.1821 1.2057 1.7913, -0.1555 1.1865 1.7913, -0.2146 1.2825 1.7913, -0.2236 1.2695 1.7913, -0.2336 1.2597 1.7913, -0.2446 1.2509 1.7913, -0.144 1.5457 1.7913, -0.2334 1.5144 1.7913, -0.21 1.4881 1.7913, -0.2905 1.5434 1.7913, -0.2608 1.5328 1.7913, -0.1824 1.39 1.7913, -0.1884 1.3366 1.7913, -0.144 1.2825 1.7913, -0.2008 1.3026 1.7913, -0.1936 1.4566 1.7913, -0.1847 1.4215 1.7913, -1.058 1.4067 1.7913, -1.0782 1.3972 1.7913, -1.0782 1.3963 1.7913, -1.0169 1.3575 1.7913, -1.0107 1.341 1.7913, -1.0664 1.535 1.7913, -1.0488 1.5245 1.7913, -1.0576 1.3917 1.7913, -1.0412 1.3837 1.7913, -1.0434 1.419 1.7913, -1.0275 1.3722 1.7913, -1.0082 1.3197 1.7913, -1.2272 1.5457 1.7913, -1.1132 1.5437 1.7913, -1.0867 1.5413 1.7913, -1.0375 1.5134 1.7913, -1.0298 1.501 1.7913, -1.025 1.4867 1.7913, -1.0236 1.4714 1.7913, -1.026 1.4515 1.7913, -1.0323 1.4349 1.7913, -1.0109 1.2963 1.7913, -1.016 1.2825 1.7913, -1.0175 1.2785 1.7913, -1.0288 1.262 1.7913, -1.0459 1.2469 1.7913, -1.0666 1.2362 1.7913, -1.094 1.2297 1.7913, -1.1106 1.2288 1.7913, -1.2272 1.2057 1.7913, -1.2041 1.2288 1.7913, -1.2272 1.2825 1.7913, -1.2041 1.2825 1.7913, -1.2041 1.5437 1.7913, -1.3847 1.5092 1.7913, -1.473 1.5092 1.7913, -1.473 1.5437 1.7913, -1.2502 1.5437 1.7913, -1.3424 1.2288 1.7913, -1.3847 1.2288 1.7913, -1.3847 1.2825 1.7913, 1.2368 2.5923 1.7913, 1.8282 2.5923 1.7913, 0.0135 2.5923 1.7913, 0.1717 1.5476 1.7913, -1.2272 2.5923 1.7913, -1.4745 2.5923 1.7913, -1.7087 2.5923 1.7913, -0.1325 1.367 1.7913, -0.0134 1.367 1.7913, -0.0134 1.3363 1.7913, -0.1325 1.3363 1.7913, -1.8282 2.5923 1.7913, -1.8282 1.5457 1.7913, -1.8282 1.2825 1.7913, -0.2228 1.1865 1.7913, -0.7759 -0.4866 1.7913, -0.144 -0.4866 1.7913, 0.0135 -0.4866 1.7913, 0.2612 -0.4866 1.7913, 0.5147 -0.4866 1.7913, 0.7087 -0.4866 1.7913, 0.9987 -0.4866 1.7913, 1.2368 -0.4866 1.7913, 1.8282 -0.4866 1.7913, -1.2272 -0.4866 1.7913, -0.9756 -0.4866 1.7913, -1.9961 2.9843 0.0394, -1.9921 2.9843 0.0394, -1.9921 2.9803 0.0394, -0.1103 -0.0434 0.0394, -0.0568 -0.0434 0.0394, -0.0376 -0.0446 0.0394, -0.0568 0.1534 0.0394, -1.9961 -0.0446 0.0394, -1.565 0.315 0.0394, -1.565 2.9803 0.0394, -0.2296 -0.0434 0.0394, -0.2054 0.0105 0.0394, -0.1941 -0.0071 0.0394, -0.1408 0.1504 0.0394, -0.1638 0.1423 0.0394, -0.304 0.1534 0.0394, -0.1852 0.128 0.0394, -0.1123 0.1534 0.0394, -0.0376 0.315 0.0394, -0.3785 -0.0434 0.0394, -0.4073 -0.0434 0.0394, -0.3304 0.1534 0.0394, -0.1779 -0.0226 0.0394, -0.1573 -0.0345 0.0394, -0.1347 -0.0413 0.0394, -0.1854 0.1278 0.0394, -0.1994 0.1123 0.0394, -0.2085 0.0954 0.0394, -0.2138 0.076 0.0394, -0.2152 0.0575 0.0394, -0.2125 0.0312 0.0394, -0.2584 -0.0434 0.0394, -0.2772 0.0118 0.0394, -0.3585 0.0118 0.0394, 0.0873 0.1534 0.0394, 0.1257 -0.0116 0.0394, 0.0873 -0.0434 0.0394, 0.1257 -0.0332 0.0394, -0.0184 -0.0218 0.0394, -0.0184 -0.0434 0.0394, -0.0136 0.1534 0.0394, -0.0136 0.1318 0.0394, 1.9921 2.9843 0.0394, 1.9961 2.9843 0.0394, 1.9921 2.9803 0.0394, 1.9961 -0.0446 0.0394, 1.565 2.9803 0.0394, 1.565 0.315 0.0394, 0.0609 0.0454 0.0394, 0.0609 -0.0218 0.0394, -0.0088 0.0454 0.0394, -0.0088 0.067 0.0394, 0.0609 0.067 0.0394, 0.0609 0.1318 0.0394, 0.3897 -0.0434 0.0394, 0.1914 -0.0446 0.0394, 0.2889 -0.0434 0.0394, 0.2041 -0.0433 0.0394, 0.2232 -0.0367 0.0394, 0.1912 0.1321 0.0394, 0.2059 0.1267 0.0394, 0.1292 -0.0136 0.0394, 0.2195 0.1176 0.0394, 0.2314 0.1045 0.0394, 0.2457 0.0529 0.0394, 0.2437 0.0316 0.0394, 0.2384 0.0147 0.0394, 0.1946 -0.0221 0.0394, 0.1762 -0.0242 0.0394, 0.2089 -0.0169 0.0394, 0.221 -0.0087 0.0394, 0.2302 0.001 0.0394, 0.1501 -0.0213 0.0394, 0.2395 0.0893 0.0394, 0.2448 0.0682 0.0394, 0.2617 0.1016 0.0394, 0.2502 0.12 0.0394, 0.3633 0.1534 0.0394, 0.2324 0.1371 0.0394, 0.1257 0.148 0.0394, 0.1257 0.1216 0.0394, 0.1478 0.1311 0.0394, 0.1718 0.1342 0.0394, 0.239 -0.0266 0.0394, 0.2538 -0.011 0.0394, 0.2889 -0.0218 0.0394, 0.2643 0.0077 0.0394, 0.3633 -0.0218 0.0394, 0.2137 0.1479 0.0394, 0.1918 0.1542 0.0394, 0.2702 0.0285 0.0394, 0.2721 0.0513 0.0394, 0.2693 0.0793 0.0394, 0.172 0.1558 0.0394, 0.1484 0.1542 0.0394, 0.1665 -0.0446 0.0394, 0.1745 -0.0457 0.0394, -0.0376 -0.5676 0.0394, 0.1798 -0.0458 0.0394, 0.3897 0.1534 0.0394, 1.9961 -0.5676 0.0394, -1.9961 -0.5676 0.0394, 0.1467 -0.0418 0.0394, -0.2756 -0.6065 1.0984, -0.2756 -0.5823 1.2953, -0.7244 -0.5823 1.2953, 1.9464 -0.6181 1.0039, -0.7244 -0.6065 1.0984, -1.9464 -0.6181 1.0039, -1.2756 -0.6065 1.0984, -1.8674 -0.5258 1.7561, -1.2756 -0.5823 1.2953, -1.8673 -0.5257 1.7568, 1.8673 -0.5257 1.7568, 0.2756 -0.5823 1.2953, 1.2756 -0.5823 1.2953, 1.2756 -0.6065 1.0984, 0.7244 -0.6065 1.0984, 1.8674 -0.5258 1.7561, 0.7244 -0.5823 1.2953, 0.2756 -0.6065 1.0984
            ]
        }
        coordIndex [
            0,1,2,-1,3,4,5,-1,6,7,8,-1,9,10,11,-1,12,13,14,-1,15,16,17,-1,18,19,20,-1,17,21,15,-1,15,21,22,-1,15,22,23,-1,23,22,24,-1,23,24,25,-1,26,27,28,-1,29,30,20,-1,20,30,31,-1,20,31,18,-1,19,32,20,-1,20,32,33,-1,20,33,34,-1,34,35,20,-1,20,35,36,-1,20,36,25,-1,25,36,37,-1,25,37,23,-1,27,38,28,-1,28,38,39,-1,28,39,40,-1,40,39,41,-1,41,42,40,-1,40,42,43,-1,40,43,44,-1,44,45,40,-1,40,45,46,-1,40,46,8,-1,8,46,47,-1,8,47,48,-1,48,47,49,-1,48,49,29,-1,29,49,50,-1,29,50,30,-1,51,52,53,-1,54,55,56,-1,57,58,59,-1,55,60,61,-1,61,60,62,-1,61,62,51,-1,59,54,57,-1,57,54,56,-1,57,56,63,-1,63,56,64,-1,63,64,65,-1,53,52,66,-1,66,52,67,-1,66,67,68,-1,68,67,69,-1,68,69,70,-1,70,69,71,-1,70,71,65,-1,65,71,72,-1,65,72,63,-1,73,74,75,-1,73,66,76,-1,77,78,68,-1,68,78,79,-1,68,79,66,-1,66,79,80,-1,66,80,76,-1,81,82,68,-1,68,82,83,-1,68,83,77,-1,84,85,70,-1,70,85,86,-1,70,86,68,-1,68,86,87,-1,68,87,81,-1,88,89,90,-1,90,89,91,-1,90,91,65,-1,65,91,92,-1,65,92,93,-1,93,94,65,-1,65,94,95,-1,65,95,70,-1,70,95,96,-1,70,96,84,-1,97,98,99,-1,99,98,100,-1,99,100,101,-1,101,100,102,-1,101,102,90,-1,90,102,103,-1,90,103,88,-1,104,105,90,-1,90,105,106,-1,90,106,101,-1,107,108,109,-1,74,73,110,-1,110,73,76,-1,110,76,111,-1,112,113,114,-1,111,115,110,-1,110,115,112,-1,110,112,116,-1,116,112,114,-1,97,117,98,-1,98,117,118,-1,98,118,119,-1,108,120,109,-1,109,120,121,-1,109,121,112,-1,112,121,122,-1,112,122,113,-1,123,124,119,-1,119,124,125,-1,119,125,98,-1,126,127,128,-1,128,127,129,-1,128,129,130,-1,130,129,131,-1,130,131,132,-1,132,131,133,-1,132,133,134,-1,134,133,135,-1,134,135,136,-1,136,135,137,-1,109,138,107,-1,107,138,139,-1,107,139,137,-1,137,139,140,-1,137,140,136,-1,108,141,120,-1,120,141,142,-1,120,142,143,-1,143,142,144,-1,143,144,123,-1,123,144,145,-1,123,145,124,-1,146,147,148,-1,149,150,151,-1,151,150,152,-1,153,154,150,-1,150,154,155,-1,150,155,152,-1,148,156,146,-1,146,156,157,-1,146,157,150,-1,150,157,158,-1,150,158,153,-1,159,160,161,-1,162,163,164,-1,164,163,165,-1,160,166,161,-1,161,166,167,-1,161,167,164,-1,164,167,168,-1,164,168,162,-1,169,170,171,-1,171,170,172,-1,171,172,161,-1,161,172,173,-1,161,173,159,-1,174,171,5,-1,175,176,5,-1,5,176,177,-1,5,177,174,-1,178,179,174,-1,174,179,180,-1,174,180,181,-1,181,182,174,-1,174,182,183,-1,174,183,171,-1,171,183,184,-1,171,184,169,-1,185,186,187,-1,187,186,188,-1,187,188,189,-1,189,188,190,-1,189,190,191,-1,191,190,192,-1,191,192,193,-1,193,192,194,-1,193,194,195,-1,195,194,196,-1,174,197,178,-1,178,197,198,-1,178,198,196,-1,196,198,199,-1,196,199,195,-1,200,201,202,-1,202,201,203,-1,202,203,204,-1,205,206,207,-1,208,209,210,-1,210,209,211,-1,207,212,205,-1,205,212,213,-1,205,213,214,-1,214,213,215,-1,214,215,216,-1,14,217,218,-1,218,217,219,-1,218,219,216,-1,216,219,220,-1,216,220,214,-1,221,222,223,-1,223,222,224,-1,221,225,222,-1,222,225,226,-1,222,226,227,-1,227,228,222,-1,222,228,229,-1,222,229,230,-1,230,229,231,-1,232,233,224,-1,233,232,13,-1,13,232,201,-1,13,201,14,-1,14,201,200,-1,14,200,217,-1,14,234,235,-1,235,236,14,-1,14,236,237,-1,14,237,12,-1,238,239,218,-1,218,239,240,-1,218,240,14,-1,14,240,241,-1,14,241,234,-1,242,243,244,-1,231,245,230,-1,230,245,246,-1,230,246,244,-1,244,246,247,-1,244,247,242,-1,248,249,216,-1,216,249,250,-1,216,250,218,-1,218,250,251,-1,218,251,238,-1,243,252,244,-1,244,252,253,-1,244,253,216,-1,216,253,254,-1,216,254,248,-1,255,256,257,-1,258,259,260,-1,260,259,261,-1,10,9,262,-1,262,9,263,-1,262,263,264,-1,264,263,265,-1,264,265,257,-1,257,265,266,-1,257,266,255,-1,260,267,258,-1,258,267,268,-1,258,268,269,-1,269,268,270,-1,269,270,271,-1,256,255,272,-1,272,255,273,-1,272,273,274,-1,274,273,275,-1,274,275,276,-1,266,260,255,-1,255,260,261,-1,255,261,277,-1,277,261,278,-1,277,278,279,-1,279,278,280,-1,279,280,281,-1,281,280,282,-1,281,282,283,-1,284,285,286,-1,286,285,287,-1,286,287,288,-1,288,287,289,-1,288,289,290,-1,290,289,291,-1,290,291,283,-1,283,291,276,-1,283,276,281,-1,281,276,275,-1,292,293,40,-1,7,294,8,-1,8,294,295,-1,8,295,296,-1,297,298,299,-1,299,298,300,-1,296,301,8,-1,8,301,302,-1,8,302,40,-1,40,302,303,-1,40,303,292,-1,293,304,40,-1,40,304,305,-1,40,305,306,-1,306,307,308,-1,308,307,309,-1,308,309,310,-1,310,311,308,-1,308,311,312,-1,308,312,298,-1,298,312,313,-1,298,313,300,-1,297,314,298,-1,298,314,315,-1,298,315,316,-1,315,317,316,-1,316,317,318,-1,316,318,319,-1,320,321,322,-1,323,324,273,-1,325,326,255,-1,322,327,320,-1,320,327,328,-1,320,328,329,-1,329,328,330,-1,329,330,331,-1,323,273,332,-1,332,273,255,-1,332,255,331,-1,222,333,255,-1,255,333,334,-1,255,334,325,-1,326,335,255,-1,255,335,336,-1,255,336,337,-1,337,338,255,-1,255,338,339,-1,255,339,331,-1,331,339,340,-1,331,340,329,-1,341,342,275,-1,324,343,273,-1,273,343,344,-1,273,344,275,-1,275,344,345,-1,275,345,341,-1,342,346,275,-1,275,346,347,-1,275,347,244,-1,244,347,348,-1,244,348,230,-1,230,348,349,-1,230,349,222,-1,222,349,350,-1,222,350,333,-1,351,352,210,-1,210,352,353,-1,210,353,354,-1,355,356,213,-1,354,357,210,-1,210,357,358,-1,210,358,359,-1,212,208,213,-1,213,208,210,-1,213,210,355,-1,355,210,359,-1,4,360,5,-1,5,360,361,-1,5,361,175,-1,211,204,210,-1,210,204,203,-1,210,203,351,-1,351,203,360,-1,351,360,362,-1,362,360,4,-1,5,363,364,-1,364,365,5,-1,5,365,366,-1,5,366,3,-1,367,368,171,-1,171,368,369,-1,171,369,5,-1,5,369,370,-1,5,370,363,-1,371,372,215,-1,356,373,213,-1,213,373,374,-1,213,374,215,-1,215,374,375,-1,215,375,371,-1,376,377,161,-1,161,377,378,-1,161,378,171,-1,171,378,379,-1,171,379,367,-1,372,380,215,-1,215,380,381,-1,215,381,161,-1,161,381,382,-1,161,382,376,-1,383,384,385,-1,386,387,383,-1,383,387,384,-1,384,387,388,-1,384,388,389,-1,390,391,392,-1,75,393,390,-1,390,393,394,-1,390,394,391,-1,395,396,397,-1,397,396,398,-1,397,398,386,-1,392,399,390,-1,390,399,400,-1,390,400,395,-1,401,402,403,-1,61,404,405,-1,406,407,61,-1,403,408,401,-1,401,408,409,-1,401,409,410,-1,410,409,411,-1,410,411,404,-1,55,61,56,-1,56,61,405,-1,56,405,412,-1,413,414,61,-1,61,414,415,-1,61,415,406,-1,407,416,61,-1,61,416,417,-1,61,417,418,-1,418,419,61,-1,61,419,420,-1,61,420,404,-1,404,420,421,-1,404,421,410,-1,412,422,56,-1,56,422,423,-1,56,423,64,-1,64,423,424,-1,424,425,64,-1,64,425,426,-1,64,426,427,-1,427,428,64,-1,64,428,429,-1,64,429,430,-1,430,429,431,-1,430,431,432,-1,432,431,433,-1,432,433,413,-1,413,433,434,-1,413,434,414,-1,435,436,28,-1,28,436,20,-1,28,20,26,-1,26,20,25,-1,436,437,20,-1,20,437,438,-1,20,438,413,-1,413,438,0,-1,413,0,432,-1,432,0,2,-1,432,2,430,-1,430,2,439,-1,430,439,40,-1,40,439,440,-1,40,440,28,-1,28,440,441,-1,28,441,435,-1,224,222,232,-1,232,222,255,-1,232,255,442,-1,442,255,277,-1,442,277,443,-1,75,390,73,-1,73,390,150,-1,73,150,444,-1,444,150,149,-1,444,149,360,-1,360,149,445,-1,360,445,361,-1,51,53,61,-1,61,53,446,-1,61,446,413,-1,413,446,447,-1,413,447,20,-1,20,447,448,-1,20,448,29,-1,395,397,390,-1,390,397,449,-1,390,449,150,-1,150,449,450,-1,150,450,146,-1,146,450,451,-1,146,451,397,-1,397,451,452,-1,397,452,449,-1,386,383,397,-1,397,383,164,-1,397,164,146,-1,146,164,165,-1,146,165,147,-1,448,453,29,-1,29,453,454,-1,29,454,48,-1,48,454,455,-1,48,455,8,-1,8,455,319,-1,8,319,6,-1,6,319,318,-1,456,457,385,-1,385,457,458,-1,385,458,383,-1,383,458,459,-1,383,459,164,-1,164,459,460,-1,164,460,161,-1,161,460,461,-1,161,461,215,-1,215,461,462,-1,215,462,216,-1,216,462,463,-1,216,463,244,-1,244,463,464,-1,244,464,275,-1,275,464,465,-1,275,465,281,-1,306,308,40,-1,40,308,466,-1,40,466,430,-1,430,466,467,-1,430,467,64,-1,64,467,457,-1,64,457,65,-1,65,457,456,-1,65,456,90,-1,468,469,470,-1,471,472,473,-1,473,472,474,-1,475,468,476,-1,476,468,470,-1,476,470,477,-1,478,479,480,-1,481,482,483,-1,483,482,484,-1,485,476,474,-1,474,476,486,-1,474,486,473,-1,487,473,488,-1,488,473,475,-1,488,475,489,-1,489,475,476,-1,489,476,483,-1,483,476,485,-1,483,485,481,-1,480,490,478,-1,478,490,491,-1,478,491,492,-1,484,493,483,-1,483,493,494,-1,483,494,495,-1,495,496,483,-1,483,496,497,-1,483,497,478,-1,478,497,498,-1,478,498,479,-1,492,471,478,-1,478,471,473,-1,478,473,499,-1,499,473,487,-1,499,487,500,-1,500,487,501,-1,502,503,504,-1,504,503,505,-1,486,506,473,-1,473,506,507,-1,473,507,504,-1,502,508,486,-1,486,508,509,-1,486,509,506,-1,510,511,512,-1,512,511,513,-1,512,513,514,-1,514,513,515,-1,516,517,518,-1,518,517,506,-1,518,506,519,-1,519,506,509,-1,519,509,520,-1,520,509,521,-1,522,523,524,-1,524,523,525,-1,524,525,526,-1,527,528,529,-1,529,528,530,-1,529,530,531,-1,532,533,529,-1,529,533,534,-1,535,536,537,-1,537,536,538,-1,534,539,529,-1,529,539,538,-1,529,538,540,-1,540,538,536,-1,531,541,529,-1,529,541,542,-1,529,542,532,-1,543,544,545,-1,545,544,546,-1,486,547,502,-1,502,547,548,-1,502,548,503,-1,503,548,549,-1,503,549,529,-1,529,549,550,-1,529,550,527,-1,526,551,524,-1,524,551,552,-1,524,552,553,-1,553,552,554,-1,553,554,555,-1,556,557,486,-1,554,558,555,-1,555,558,559,-1,555,559,545,-1,545,559,560,-1,545,560,543,-1,557,561,486,-1,486,561,562,-1,486,562,547,-1,563,564,565,-1,565,564,566,-1,565,566,523,-1,546,556,545,-1,545,556,486,-1,545,486,567,-1,567,486,515,-1,567,515,522,-1,522,515,513,-1,522,513,523,-1,523,513,568,-1,523,568,565,-1,569,475,565,-1,565,475,473,-1,565,473,563,-1,563,473,504,-1,563,504,570,-1,570,504,505,-1,571,572,573,-1,574,575,576,-1,576,575,577,-1,576,577,578,-1,578,577,579,-1,578,579,580,-1,580,579,573,-1,580,573,581,-1,581,573,572,-1,581,572,582,-1,583,584,574,-1,574,584,585,-1,574,586,583,-1,583,586,581,-1,583,581,587,-1,587,581,582,-1,587,582,585,-1,585,582,588,-1,585,588,574,-1,574,588,571,-1,574,571,575,-1,575,571,573,-1,
        ]
    }
}
Shape{
    appearance Appearance {
        material  Material 	{
            diffuseColor 1.0 1.0 1.0
            specularColor 0.5019607843137255 0.5019607843137255 0.5019607843137255
            ambientIntensity 1.0
            transparency 0.0
            shininess 0.5
        }
    }
    geometry IndexedFaceSet {
        ccw TRUE
        solid FALSE
        coord DEF co Coordinate {
            point [
                -0.8425 -1.6535 0.7835, -0.8425 -1.8504 0.7835, -0.8425 -1.6535 0.3937, -0.8425 -1.8504 0.3937, -0.8425 -1.6634 0.3061, -0.8425 -1.8571 0.3428, -0.8425 -1.6925 0.2229, -0.8425 -1.8768 0.2953, -0.8425 -1.7394 0.1482, -0.8425 -1.9081 0.2545, -0.8425 -2.5591 0.1969, -0.8425 -2.5591 0.0, -0.8425 -2.0472 0.1969, -0.8425 -2.0472 0.0, -0.8425 -1.9963 0.2036, -0.8425 -1.9596 0.0099, -0.8425 -1.9488 0.2232, -0.8425 -1.8764 0.039, -0.8425 -1.8018 0.0859, -1.1575 -1.8768 0.2953, -1.1575 -1.7394 0.1482, -1.1575 -1.9081 0.2545, -1.1575 -1.8018 0.0859, -1.1575 -1.9488 0.2232, -1.1575 -1.8764 0.039, -1.1575 -1.9963 0.2036, -1.1575 -1.9596 0.0099, -1.1575 -2.0472 0.1969, -1.1575 -2.0472 0.0, -1.1575 -2.5591 0.1969, -1.1575 -2.5591 0.0, -1.1575 -1.8504 0.7835, -1.1575 -1.6535 0.7835, -1.1575 -1.8504 0.3937, -1.1575 -1.6535 0.3937, -1.1575 -1.8571 0.3428, -1.1575 -1.6634 0.3061, -1.1575 -1.6925 0.2229, 1.1575 -1.6535 0.7835, 1.1575 -1.8504 0.7835, 1.1575 -1.6535 0.3937, 1.1575 -1.8504 0.3937, 1.1575 -1.6634 0.3061, 1.1575 -1.8571 0.3428, 1.1575 -1.6925 0.2229, 1.1575 -1.8768 0.2953, 1.1575 -1.7394 0.1482, 1.1575 -1.9081 0.2545, 1.1575 -2.5591 0.1969, 1.1575 -2.5591 0.0, 1.1575 -2.0472 0.1969, 1.1575 -2.0472 0.0, 1.1575 -1.9963 0.2036, 1.1575 -1.9596 0.0099, 1.1575 -1.9488 0.2232, 1.1575 -1.8764 0.039, 1.1575 -1.8018 0.0859, 0.8425 -1.8768 0.2953, 0.8425 -1.7394 0.1482, 0.8425 -1.9081 0.2545, 0.8425 -1.8018 0.0859, 0.8425 -1.9488 0.2232, 0.8425 -1.8764 0.039, 0.8425 -1.9963 0.2036, 0.8425 -1.9596 0.0099, 0.8425 -2.0472 0.1969, 0.8425 -2.0472 0.0, 0.8425 -2.5591 0.1969, 0.8425 -2.5591 0.0, 0.8425 -1.8504 0.7835, 0.8425 -1.6535 0.7835, 0.8425 -1.8504 0.3937, 0.8425 -1.6535 0.3937, 0.8425 -1.8571 0.3428, 0.8425 -1.6634 0.3061, 0.8425 -1.6925 0.2229, -1.9921 2.9803 0.0394, -1.9921 2.9803 0.0, -1.565 2.9803 0.0394, -1.565 2.9803 0.0, 1.9921 2.9803 0.0, 1.9921 2.9803 0.0394, 1.565 2.9803 0.0, 1.565 2.9803 0.0394
            ]
        }
        coordIndex [
            0,1,2,-1,2,1,3,-1,2,3,4,-1,4,3,5,-1,4,5,6,-1,6,5,7,-1,6,7,8,-1,8,7,9,-1,10,11,12,-1,12,11,13,-1,12,13,14,-1,14,13,15,-1,14,15,16,-1,16,15,17,-1,16,17,9,-1,9,17,18,-1,9,18,8,-1,19,20,21,-1,21,20,22,-1,21,22,23,-1,23,22,24,-1,23,24,25,-1,25,24,26,-1,25,26,27,-1,27,26,28,-1,27,28,29,-1,29,28,30,-1,31,32,33,-1,33,32,34,-1,33,34,35,-1,35,34,36,-1,35,36,19,-1,19,36,37,-1,19,37,20,-1,38,39,40,-1,40,39,41,-1,40,41,42,-1,42,41,43,-1,42,43,44,-1,44,43,45,-1,44,45,46,-1,46,45,47,-1,48,49,50,-1,50,49,51,-1,50,51,52,-1,52,51,53,-1,52,53,54,-1,54,53,55,-1,54,55,47,-1,47,55,56,-1,47,56,46,-1,57,58,59,-1,59,58,60,-1,59,60,61,-1,61,60,62,-1,61,62,63,-1,63,62,64,-1,63,64,65,-1,65,64,66,-1,65,66,67,-1,67,66,68,-1,69,70,71,-1,71,70,72,-1,71,72,73,-1,73,72,74,-1,73,74,57,-1,57,74,75,-1,57,75,58,-1,76,77,78,-1,78,77,79,-1,80,81,82,-1,82,81,83,-1,
        ]
    }
}
Shape{
    appearance Appearance {
        material  Material 	{
            diffuseColor 0.25098039215686274 0.25098039215686274 0.25098039215686274
            specularColor 0.12549019607843137 0.12549019607843137 0.12549019607843137
            ambientIntensity 0.251
            transparency 0.0
            shininess 0.5
        }
    }
    geometry IndexedFaceSet {
        ccw TRUE
        solid FALSE
        coord DEF co Coordinate {
            point [
                1.9961 2.9843 0.0394, 1.9921 2.9843 0.0394, 1.9921 2.9843 0.5, -1.9961 2.9843 0.5315, -1.994 2.9843 0.5512, 1.9961 2.9843 0.5315, 1.994 2.9843 0.5512, -1.9921 2.9843 0.0394, -1.9961 2.9843 0.0394, -1.9921 2.9843 0.5, 1.9961 -0.0446 0.0394, 1.9961 -0.5934 0.5315, 1.9961 -0.5676 0.0394, -1.9961 -0.5934 0.5315, -1.9961 -0.0446 0.0394, -1.9961 -0.5676 0.0394, 1.8895 2.8622 1.5452, -1.8895 2.8622 1.5452, -1.8869 2.8606 1.5586, -1.8765 2.858 1.5798, 1.8765 2.858 1.5798, -1.882 2.859 1.5709, 1.882 2.859 1.5709, 1.8869 2.8606 1.5586, 1.9464 -0.6181 1.0039, -1.9464 -0.6181 1.0039, -0.0376 -0.5676 0.0394, 1.8674 2.5923 1.7561, 1.8674 -0.5258 1.7561, -1.8674 2.5923 1.7561, -1.8674 -0.5258 1.7561, -1.8282 2.6166 1.783, 1.8282 2.6166 1.783, -1.8468 2.8431 1.606, 1.8468 2.8431 1.606, 1.8608 -0.5192 1.774, 1.8631 -0.5215 1.7701, 1.8652 2.5923 1.7654, 1.865 -0.5234 1.766, 1.8652 -0.5236 1.7654, 1.8653 2.5923 1.7652, 1.8665 -0.5249 1.7612, 1.8673 -0.5257 1.7568, 1.861 2.5923 1.7738, 1.8608 2.5923 1.774, 1.8606 -0.519 1.7744, 1.8545 -0.5129 1.7812, 1.8547 2.5923 1.7811, 1.8545 2.5923 1.7812, 1.8543 -0.5127 1.7815, 1.8467 -0.5051 1.7867, 1.8467 2.5923 1.7867, 1.8378 2.5923 1.7902, 1.8377 -0.4961 1.7902, 1.8468 2.5923 1.7867, 1.8465 -0.5049 1.7868, 1.8282 2.5923 1.7913, 1.8282 1.5457 1.7913, 1.8377 2.5923 1.7902, 1.8282 1.2825 1.7913, 1.8376 -0.496 1.7902, 1.8282 1.2057 1.7913, 1.8282 -0.4866 1.7913, -1.8377 -0.4961 1.7902, -1.8465 -0.5049 1.7868, -1.865 -0.5234 1.766, -1.8652 -0.5236 1.7654, -1.8665 -0.5249 1.7612, -1.8673 -0.5257 1.7568, -1.8606 -0.519 1.7744, -1.8608 -0.5192 1.774, -1.8631 -0.5215 1.7701, -1.8543 -0.5127 1.7815, -1.8545 -0.5129 1.7812, -1.8467 -0.5051 1.7867, -1.8376 -0.496 1.7902, 1.2368 -0.4866 1.7913, 0.9987 -0.4866 1.7913, 0.7087 -0.4866 1.7913, 0.5147 -0.4866 1.7913, 0.2612 -0.4866 1.7913, 0.0135 -0.4866 1.7913, -0.144 -0.4866 1.7913, -0.7759 -0.4866 1.7913, -0.9756 -0.4866 1.7913, -1.2272 -0.4866 1.7913, -1.4745 -0.4866 1.7913, -1.7087 -0.4866 1.7913, -1.8282 -0.4866 1.7913, 1.8282 2.6091 1.7874, 1.8282 2.6019 1.7902, 1.8307 2.6016 1.7902, 1.8365 2.5971 1.7902, 1.835 2.5991 1.7902, 1.8375 2.5948 1.7902, 1.833 2.6006 1.7902, 1.8469 2.6127 1.78, 1.8428 2.6139 1.7811, 1.8469 2.6111 1.7811, 1.8345 2.6158 1.7826, 1.833 2.6103 1.7867, 1.8378 2.6153 1.7824, 1.8375 2.6084 1.7867, 1.8572 2.607 1.7738, 1.8557 2.6081 1.7751, 1.8511 2.6056 1.7811, 1.8548 2.6088 1.7759, 1.8481 2.6121 1.7794, 1.8538 2.5992 1.7811, 1.8599 2.6008 1.7738, 1.8611 2.6039 1.7702, 1.8629 2.6015 1.7674, 1.8643 2.5997 1.7651, 1.8654 2.5983 1.7635, 1.8282 2.601 1.7903, 1.8282 2.6109 1.7867, 1.8413 2.6055 1.7867, 1.8443 2.6016 1.7867, 1.8462 2.5971 1.7867, 1.8411 2.6144 1.7816, -1.8282 2.5923 1.7913, -1.7087 2.5923 1.7913, -1.8282 2.601 1.7903, -1.4745 2.5923 1.7913, -1.2272 2.5923 1.7913, -0.9756 2.5923 1.7913, -0.7759 2.5923 1.7913, -0.144 2.5923 1.7913, -1.8282 2.6109 1.7867, -1.8282 2.6091 1.7874, -1.8282 2.6019 1.7902, 0.0135 2.5923 1.7913, 0.2612 2.5923 1.7913, 0.5147 2.5923 1.7913, 0.7087 2.5923 1.7913, 0.9987 2.5923 1.7913, 1.2368 2.5923 1.7913, -1.8653 2.5923 1.7652, -1.8282 1.2057 1.7913, -1.8282 1.2825 1.7913, -1.8377 2.5923 1.7902, -1.8282 1.5457 1.7913, -1.8652 2.5923 1.7654, -1.861 2.5923 1.7738, -1.8608 2.5923 1.774, -1.8547 2.5923 1.7811, -1.8545 2.5923 1.7812, -1.8468 2.5923 1.7867, -1.8467 2.5923 1.7867, -1.8378 2.5923 1.7902, 1.855 2.8486 1.6005, 1.8571 2.85 1.5991, 1.8626 2.8527 1.5941, 1.8666 2.8546 1.5905, 1.8701 2.8563 1.5873, 1.8752 2.8576 1.5813, -1.8378 2.6153 1.7824, -1.8391 2.615 1.7821, -1.8363 2.6091 1.7867, -1.8428 2.6139 1.7811, -1.8447 2.613 1.7811, -1.8398 2.6069 1.7867, -1.8611 2.6039 1.7702, -1.8638 2.6004 1.766, -1.8601 2.5996 1.7738, -1.8578 2.6065 1.7732, -1.8572 2.607 1.7738, -1.8574 2.6063 1.7737, -1.8548 2.6088 1.7759, -1.852 2.6038 1.7811, -1.8513 2.6105 1.7777, -1.845 2.6132 1.7805, -1.8469 2.6127 1.78, -1.8489 2.6088 1.7811, -1.8375 2.5945 1.7902, -1.8303 2.6017 1.7902, -1.8463 2.5965 1.7867, -1.8342 2.5998 1.7902, -1.8324 2.601 1.7902, -1.8336 2.6159 1.7827, -1.8323 2.6105 1.7867, -1.854 2.5982 1.7811, -1.8368 2.5965 1.7902, -1.8357 2.5983 1.7902, -1.8449 2.6004 1.7867, -1.8427 2.6039 1.7867, -1.8643 2.5997 1.7651, -1.8654 2.5983 1.7635, -1.8701 2.8563 1.5873, -1.855 2.8486 1.6005, -1.8626 2.8527 1.5941, -1.8571 2.85 1.5991, -1.8666 2.8546 1.5905, -1.8752 2.8576 1.5813
            ]
        }
        coordIndex [
            0,1,2,-1,3,4,5,-1,5,4,6,-1,7,8,9,-1,9,8,3,-1,9,3,2,-1,2,3,5,-1,2,5,0,-1,0,5,10,-1,10,5,11,-1,10,11,12,-1,3,8,13,-1,13,8,14,-1,13,14,15,-1,6,4,16,-1,16,4,17,-1,16,17,18,-1,19,20,21,-1,21,20,22,-1,21,22,18,-1,18,22,23,-1,18,23,16,-1,11,24,25,-1,13,15,26,-1,13,26,25,-1,25,26,12,-1,25,12,11,-1,11,5,6,-1,6,16,27,-1,11,6,24,-1,24,6,27,-1,24,27,28,-1,29,17,4,-1,30,29,25,-1,25,29,4,-1,25,4,13,-1,13,4,3,-1,31,32,33,-1,33,32,34,-1,35,36,37,-1,36,38,37,-1,37,38,39,-1,37,39,40,-1,40,39,41,-1,40,41,27,-1,27,41,42,-1,27,42,28,-1,37,43,35,-1,35,43,44,-1,35,44,45,-1,45,44,46,-1,44,47,46,-1,46,47,48,-1,46,48,49,-1,49,48,50,-1,51,52,53,-1,48,54,50,-1,50,54,51,-1,50,51,55,-1,55,51,53,-1,56,57,58,-1,58,57,59,-1,52,58,53,-1,53,58,59,-1,53,59,60,-1,60,59,61,-1,60,61,62,-1,63,64,55,-1,39,38,65,-1,39,65,41,-1,41,65,66,-1,41,66,42,-1,42,66,67,-1,42,67,68,-1,35,45,69,-1,35,69,36,-1,36,69,70,-1,36,70,38,-1,38,70,71,-1,38,71,65,-1,46,49,72,-1,46,72,45,-1,45,72,73,-1,45,73,69,-1,55,64,50,-1,50,64,49,-1,49,64,74,-1,49,74,72,-1,63,55,75,-1,75,55,53,-1,75,53,60,-1,60,62,76,-1,76,77,60,-1,60,77,78,-1,60,78,79,-1,79,80,60,-1,60,80,81,-1,60,81,75,-1,75,81,82,-1,82,83,75,-1,75,83,84,-1,75,84,85,-1,85,86,75,-1,75,86,87,-1,75,87,88,-1,89,90,91,-1,56,92,93,-1,94,92,56,-1,56,95,91,-1,96,97,98,-1,99,100,101,-1,101,100,102,-1,103,104,105,-1,105,104,106,-1,105,106,98,-1,98,106,107,-1,98,107,96,-1,105,108,103,-1,103,108,109,-1,103,109,110,-1,110,109,111,-1,43,37,112,-1,112,37,40,-1,112,40,113,-1,113,40,27,-1,90,114,91,-1,91,114,56,-1,93,95,56,-1,58,94,56,-1,99,32,100,-1,100,32,115,-1,100,115,89,-1,89,91,100,-1,100,91,95,-1,100,95,102,-1,102,95,93,-1,102,93,116,-1,116,93,92,-1,116,92,117,-1,117,92,94,-1,117,94,118,-1,58,52,94,-1,94,52,51,-1,94,51,118,-1,118,51,54,-1,118,54,48,-1,48,108,118,-1,118,108,105,-1,118,105,117,-1,117,105,98,-1,117,98,116,-1,116,98,97,-1,116,97,102,-1,102,97,119,-1,102,119,101,-1,112,111,43,-1,43,111,109,-1,43,109,44,-1,44,109,108,-1,44,108,47,-1,47,108,48,-1,120,121,122,-1,122,121,123,-1,122,123,124,-1,124,125,122,-1,122,125,126,-1,122,126,127,-1,32,31,115,-1,115,31,128,-1,115,128,89,-1,89,128,129,-1,89,129,90,-1,90,129,130,-1,90,130,114,-1,114,130,122,-1,114,122,131,-1,131,122,127,-1,131,132,114,-1,114,132,133,-1,114,133,134,-1,134,135,114,-1,114,135,136,-1,114,136,56,-1,137,29,30,-1,138,139,140,-1,140,139,141,-1,140,141,120,-1,30,68,137,-1,137,68,67,-1,137,67,142,-1,142,67,66,-1,142,66,143,-1,66,65,143,-1,143,65,71,-1,143,71,144,-1,144,71,70,-1,144,70,145,-1,145,70,69,-1,145,69,146,-1,146,69,73,-1,146,73,147,-1,147,73,72,-1,147,72,148,-1,148,72,74,-1,148,74,149,-1,149,74,64,-1,149,64,140,-1,140,64,63,-1,140,63,138,-1,138,63,75,-1,138,75,88,-1,34,32,150,-1,150,32,99,-1,150,99,151,-1,151,99,101,-1,151,101,152,-1,101,119,152,-1,152,119,97,-1,152,97,153,-1,153,97,96,-1,153,96,154,-1,154,96,107,-1,154,107,155,-1,155,107,106,-1,155,106,20,-1,106,104,20,-1,20,104,103,-1,20,103,22,-1,112,23,111,-1,111,23,22,-1,111,22,110,-1,110,22,103,-1,112,113,23,-1,23,113,27,-1,23,27,16,-1,156,157,158,-1,159,160,161,-1,162,163,164,-1,162,164,165,-1,166,167,168,-1,168,167,169,-1,168,169,170,-1,171,172,173,-1,174,149,140,-1,175,120,122,-1,149,174,148,-1,148,174,176,-1,148,176,147,-1,177,178,161,-1,161,178,158,-1,161,158,159,-1,159,158,157,-1,179,156,180,-1,180,156,158,-1,180,158,175,-1,175,158,178,-1,175,178,120,-1,177,120,178,-1,31,179,128,-1,128,179,180,-1,128,180,129,-1,129,180,175,-1,129,175,130,-1,130,175,122,-1,147,176,146,-1,146,176,181,-1,146,181,145,-1,182,183,184,-1,184,183,185,-1,184,185,169,-1,169,185,173,-1,169,173,170,-1,170,173,172,-1,159,171,160,-1,160,171,173,-1,160,173,161,-1,161,173,185,-1,161,185,177,-1,177,185,183,-1,177,183,120,-1,182,120,183,-1,145,181,144,-1,144,181,164,-1,144,164,143,-1,143,164,163,-1,143,163,142,-1,142,163,186,-1,142,186,137,-1,137,186,187,-1,137,187,29,-1,166,165,167,-1,167,165,164,-1,167,164,169,-1,169,164,181,-1,169,181,184,-1,184,181,176,-1,184,176,182,-1,182,176,174,-1,182,174,120,-1,140,120,174,-1,155,20,19,-1,153,154,188,-1,34,150,33,-1,33,150,189,-1,152,190,191,-1,189,150,191,-1,191,150,151,-1,191,151,152,-1,153,188,152,-1,152,188,192,-1,152,192,190,-1,155,19,154,-1,154,19,193,-1,154,193,188,-1,17,29,187,-1,17,187,18,-1,18,187,186,-1,18,186,21,-1,186,163,21,-1,21,163,162,-1,21,162,19,-1,19,162,165,-1,19,165,193,-1,165,166,193,-1,193,166,168,-1,193,168,188,-1,188,168,170,-1,188,170,192,-1,170,172,192,-1,192,172,171,-1,192,171,190,-1,190,171,159,-1,190,159,191,-1,31,33,179,-1,179,33,189,-1,179,189,156,-1,156,189,191,-1,156,191,157,-1,157,191,159,-1,
        ]
    }
}
Shape{
    appearance Appearance {
        material  Material 	{
            diffuseColor 1.0 1.0 1.0
            specularColor 0.5019607843137255 0.5019607843137255 0.5019607843137255
            ambientIntensity 1.0
            transparency 0.0
            shininess 0.5
        }
    }
    geometry IndexedFaceSet {
        ccw TRUE
        solid FALSE
        coord DEF co Coordinate {
            point [
                1.9921 2.9843 0.5, 1.9921 3.3721 0.5, 1.5 3.5039 0.5, -1.9921 2.9843 0.5, -1.5 3.5039 0.5, -1.9921 3.3721 0.5, 1.9921 2.9803 0.0394, 1.9921 2.9803 0.0, 1.9921 2.9843 0.0394, 1.9921 3.3721 0.0, -1.9921 2.9803 0.0, -1.9921 2.9803 0.0394, -1.9921 2.9843 0.0394, -1.9921 3.3721 0.0, -1.5 3.5039 0.0, 1.5 3.5039 0.0, 1.565 2.9803 0.0, -1.565 0.315 0.0, -1.565 2.9803 0.0, 1.565 0.315 0.0, -1.565 2.9803 0.0394, -1.565 0.315 0.0394, 1.565 0.315 0.0394, 1.565 2.9803 0.0394, -0.0376 0.315 0.0394, 0.7244 -0.6065 1.0984, 1.2756 -0.6065 1.0984, 0.7244 -1.4567 1.0984, 1.2756 -1.4567 1.0984, 0.7244 -1.4567 1.2953, 1.2756 -1.4567 1.2953, 0.7244 -0.5823 1.2953, 1.2756 -0.5823 1.2953, 0.7244 -1.5586 1.2819, 1.2756 -1.5586 1.2819, 0.7244 -1.6535 1.2425, 1.2756 -1.6535 1.2425, 0.7244 -1.7351 1.18, 1.2756 -1.7351 1.18, 0.7244 -1.7976 1.0984, 1.2756 -1.7976 1.0984, 0.7244 -1.837 1.0035, 1.2756 -1.837 1.0035, 0.7244 -1.8504 0.9016, 1.2756 -1.8504 0.9016, 0.8425 -1.8504 0.3937, 1.1575 -1.8504 0.3937, 0.8425 -1.8504 0.7835, 1.1575 -1.8504 0.7835, 1.1575 -1.8571 0.3428, 0.8425 -1.8571 0.3428, 1.1575 -1.8768 0.2953, 0.8425 -1.8768 0.2953, 1.1575 -1.9081 0.2545, 0.8425 -1.9081 0.2545, 1.1575 -1.9488 0.2232, 0.8425 -1.9488 0.2232, 1.1575 -1.9963 0.2036, 0.8425 -1.9963 0.2036, 1.1575 -2.0472 0.1969, 0.8425 -2.0472 0.1969, 1.1575 -2.5591 0.1969, 0.8425 -2.5591 0.1969, 1.1575 -2.5591 0.0, 0.8425 -2.5591 0.0, 1.1575 -2.0472 0.0, 0.8425 -2.0472 0.0, 0.8425 -1.9453 0.0134, 1.1575 -1.9453 0.0134, 0.8425 -1.8504 0.0527, 1.1575 -1.8504 0.0527, 0.8425 -1.7689 0.1153, 1.1575 -1.7689 0.1153, 0.8425 -1.7063 0.1969, 1.1575 -1.7063 0.1969, 0.8425 -1.667 0.2918, 1.1575 -1.667 0.2918, 0.8425 -1.6535 0.3937, 1.1575 -1.6535 0.3937, 1.1575 -1.6535 0.7835, 0.8425 -1.6535 0.7835, 1.2756 -1.6535 0.9016, 0.7244 -1.6535 0.9016, 1.2756 -1.6468 0.9525, 0.7244 -1.6468 0.9525, 1.2756 -1.6272 1.0, 0.7244 -1.6272 1.0, 1.2756 -1.5959 1.0408, 0.7244 -1.5959 1.0408, 1.2756 -1.5551 1.0721, 0.7244 -1.5551 1.0721, 1.2756 -1.5076 1.0917, 0.7244 -1.5076 1.0917, -0.2756 -1.2283 1.0984, -0.2756 -0.6065 1.0984, 0.2756 -1.2283 1.0984, 0.2756 -0.6065 1.0984, 0.2756 -0.5823 1.2953, -0.2756 -0.5823 1.2953, 0.2756 -1.2283 1.2953, -0.2756 -1.2283 1.2953, -1.2756 -0.6065 1.0984, -0.7244 -0.6065 1.0984, -1.2756 -1.4567 1.0984, -0.7244 -1.4567 1.0984, -1.2756 -1.4567 1.2953, -0.7244 -1.4567 1.2953, -1.2756 -0.5823 1.2953, -0.7244 -0.5823 1.2953, -1.2756 -1.5586 1.2819, -0.7244 -1.5586 1.2819, -1.2756 -1.6535 1.2425, -0.7244 -1.6535 1.2425, -1.2756 -1.7351 1.18, -0.7244 -1.7351 1.18, -1.2756 -1.7976 1.0984, -0.7244 -1.7976 1.0984, -1.2756 -1.837 1.0035, -0.7244 -1.837 1.0035, -1.2756 -1.8504 0.9016, -0.7244 -1.8504 0.9016, -1.1575 -1.8504 0.7835, -1.1575 -1.8504 0.3937, -0.8425 -1.8504 0.3937, -0.8425 -1.8504 0.7835, -0.8425 -1.8571 0.3428, -1.1575 -1.8571 0.3428, -0.8425 -1.8768 0.2953, -1.1575 -1.8768 0.2953, -0.8425 -1.9081 0.2545, -1.1575 -1.9081 0.2545, -0.8425 -1.9488 0.2232, -1.1575 -1.9488 0.2232, -0.8425 -1.9963 0.2036, -1.1575 -1.9963 0.2036, -0.8425 -2.0472 0.1969, -1.1575 -2.0472 0.1969, -0.8425 -2.5591 0.1969, -1.1575 -2.5591 0.1969, -0.8425 -2.5591 0.0, -1.1575 -2.5591 0.0, -0.8425 -2.0472 0.0, -1.1575 -2.0472 0.0, -1.1575 -1.9453 0.0134, -0.8425 -1.9453 0.0134, -1.1575 -1.8504 0.0527, -0.8425 -1.8504 0.0527, -1.1575 -1.7689 0.1153, -0.8425 -1.7689 0.1153, -1.1575 -1.7063 0.1969, -0.8425 -1.7063 0.1969, -1.1575 -1.667 0.2918, -0.8425 -1.667 0.2918, -1.1575 -1.6535 0.3937, -0.8425 -1.6535 0.3937, -0.8425 -1.6535 0.7835, -1.1575 -1.6535 0.7835, -0.7244 -1.6535 0.9016, -1.2756 -1.6535 0.9016, -0.7244 -1.6468 0.9525, -1.2756 -1.6468 0.9525, -0.7244 -1.6272 1.0, -1.2756 -1.6272 1.0, -0.7244 -1.5959 1.0408, -1.2756 -1.5959 1.0408, -0.7244 -1.5551 1.0721, -1.2756 -1.5551 1.0721, -0.7244 -1.5076 1.0917, -1.2756 -1.5076 1.0917
            ]
        }
        coordIndex [
            0,1,2,-1,0,2,3,-1,3,2,4,-1,3,4,5,-1,6,7,8,-1,8,7,9,-1,8,9,0,-1,0,9,1,-1,10,11,12,-1,3,5,12,-1,12,5,13,-1,12,13,10,-1,4,14,5,-1,5,14,13,-1,2,15,4,-1,4,15,14,-1,1,9,2,-1,2,9,15,-1,9,7,16,-1,17,18,19,-1,19,18,16,-1,10,13,18,-1,18,13,14,-1,18,14,16,-1,16,14,15,-1,16,15,9,-1,18,17,20,-1,20,17,21,-1,19,16,22,-1,22,16,23,-1,21,17,24,-1,24,17,19,-1,24,19,22,-1,25,26,27,-1,27,26,28,-1,29,30,31,-1,31,30,32,-1,30,29,33,-1,30,33,34,-1,34,33,35,-1,34,35,36,-1,36,35,37,-1,36,37,38,-1,38,37,39,-1,38,39,40,-1,40,39,41,-1,40,41,42,-1,42,41,43,-1,42,43,44,-1,45,46,47,-1,47,46,48,-1,47,48,43,-1,43,48,44,-1,46,45,49,-1,49,45,50,-1,49,50,51,-1,51,50,52,-1,51,52,53,-1,53,52,54,-1,53,54,55,-1,55,54,56,-1,55,56,57,-1,57,56,58,-1,57,58,59,-1,59,58,60,-1,61,59,62,-1,62,59,60,-1,63,61,64,-1,64,61,62,-1,65,63,66,-1,66,63,64,-1,65,66,67,-1,65,67,68,-1,68,67,69,-1,68,69,70,-1,70,69,71,-1,70,71,72,-1,72,71,73,-1,72,73,74,-1,74,73,75,-1,74,75,76,-1,76,75,77,-1,76,77,78,-1,78,77,79,-1,79,77,80,-1,79,80,81,-1,81,80,82,-1,81,82,83,-1,83,82,84,-1,83,84,85,-1,85,84,86,-1,85,86,87,-1,87,86,88,-1,87,88,89,-1,89,88,90,-1,89,90,91,-1,91,90,92,-1,91,92,28,-1,28,92,27,-1,82,43,84,-1,84,43,41,-1,84,41,86,-1,86,41,39,-1,86,39,88,-1,88,39,37,-1,88,37,90,-1,90,37,35,-1,90,35,92,-1,92,35,33,-1,92,33,27,-1,27,33,29,-1,27,29,25,-1,25,29,31,-1,26,32,28,-1,28,32,30,-1,28,30,91,-1,91,30,34,-1,91,34,89,-1,89,34,36,-1,89,36,87,-1,87,36,38,-1,87,38,85,-1,85,38,40,-1,85,40,83,-1,83,40,42,-1,83,42,81,-1,81,42,44,-1,93,94,95,-1,95,94,96,-1,97,98,99,-1,99,98,100,-1,101,102,103,-1,103,102,104,-1,105,106,107,-1,107,106,108,-1,106,105,109,-1,106,109,110,-1,110,109,111,-1,110,111,112,-1,112,111,113,-1,112,113,114,-1,114,113,115,-1,114,115,116,-1,116,115,117,-1,116,117,118,-1,118,117,119,-1,118,119,120,-1,120,119,121,-1,122,123,121,-1,121,123,124,-1,121,124,120,-1,123,122,125,-1,125,122,126,-1,125,126,127,-1,127,126,128,-1,127,128,129,-1,129,128,130,-1,129,130,131,-1,131,130,132,-1,131,132,133,-1,133,132,134,-1,133,134,135,-1,135,134,136,-1,137,135,138,-1,138,135,136,-1,139,137,140,-1,140,137,138,-1,141,139,142,-1,142,139,140,-1,141,142,143,-1,141,143,144,-1,144,143,145,-1,144,145,146,-1,146,145,147,-1,146,147,148,-1,148,147,149,-1,148,149,150,-1,150,149,151,-1,150,151,152,-1,152,151,153,-1,152,153,154,-1,154,153,155,-1,155,153,156,-1,155,156,157,-1,157,156,158,-1,157,158,159,-1,159,158,160,-1,159,160,161,-1,161,160,162,-1,161,162,163,-1,163,162,164,-1,163,164,165,-1,165,164,166,-1,165,166,167,-1,167,166,168,-1,167,168,104,-1,104,168,103,-1,100,98,93,-1,93,98,94,-1,96,97,95,-1,95,97,99,-1,158,119,160,-1,160,119,117,-1,160,117,162,-1,162,117,115,-1,162,115,164,-1,164,115,113,-1,164,113,166,-1,166,113,111,-1,166,111,168,-1,168,111,109,-1,168,109,103,-1,103,109,105,-1,103,105,101,-1,101,105,107,-1,102,108,104,-1,104,108,106,-1,104,106,167,-1,167,106,110,-1,167,110,165,-1,165,110,112,-1,165,112,163,-1,163,112,114,-1,163,114,161,-1,161,114,116,-1,161,116,159,-1,159,116,118,-1,159,118,157,-1,157,118,120,-1,
        ]
    }
}
Shape{
    appearance Appearance {
        material  Material 	{
            diffuseColor 0.0 0.0 0.0
            specularColor 0.0 0.0 0.0
            ambientIntensity 0.0
            transparency 0.0
            shininess 0.5
        }
    }
    geometry IndexedFaceSet {
        ccw TRUE
        solid FALSE
        coord DEF co Coordinate {
            point [
                -1.698 -0.0339 1.7909, -1.7087 -0.0597 1.7913, -1.7099 -0.0626 1.7909, -1.7099 -0.0626 1.7913, -1.714 -0.0934 1.7909, -1.714 -0.0934 1.7913, -1.7099 -0.1242 1.7909, -1.7099 -0.1242 1.7913, -1.7087 -0.1271 1.7913, -1.698 -0.1529 1.7909, -1.698 -0.1529 1.7913, -1.6791 -0.1775 1.7909, -1.6791 -0.1775 1.7913, -1.6545 -0.1964 1.7909, -1.6545 -0.1964 1.7913, -1.6258 -0.2083 1.7909, -1.6258 -0.2083 1.7913, -1.595 -0.2124 1.7909, -1.595 -0.2124 1.7913, -1.5642 -0.2083 1.7909, -1.5642 -0.2083 1.7913, -1.5355 -0.1964 1.7909, -1.5355 -0.1964 1.7913, -1.5108 -0.1775 1.7909, -1.5108 -0.1775 1.7913, -1.4919 -0.1529 1.7909, -1.4919 -0.1529 1.7913, -1.48 -0.1242 1.7909, -1.48 -0.1242 1.7913, -1.476 -0.0934 1.7909, -1.476 -0.0934 1.7913, -1.48 -0.0626 1.7909, -1.48 -0.0626 1.7913, -1.4919 -0.0339 1.7909, -1.4919 -0.0339 1.7913, -1.5108 -0.0092 1.7909, -1.5108 -0.0092 1.7913, -1.5355 0.0097 1.7909, -1.5355 0.0097 1.7913, -1.5642 0.0216 1.7909, -1.5642 0.0216 1.7913, -1.595 0.0256 1.7909, -1.595 0.0256 1.7913, -1.6258 0.0216 1.7909, -1.6258 0.0216 1.7913, -1.6545 0.0097 1.7909, -1.6545 0.0097 1.7913, -1.6791 -0.0092 1.7909, -1.6791 -0.0092 1.7913, -1.698 -0.0339 1.7913, -1.595 -0.0934 1.7909, -0.3304 0.1534 0.0398, -0.4073 -0.0434 0.0398, -0.3304 0.1534 0.0394, -0.4073 -0.0434 0.0394, -0.3785 -0.0434 0.0398, -0.3785 -0.0434 0.0394, -0.3585 0.0118 0.0398, -0.3585 0.0118 0.0394, -0.2772 0.0118 0.0398, -0.2772 0.0118 0.0394, -0.2584 -0.0434 0.0398, -0.2584 -0.0434 0.0394, -0.2296 -0.0434 0.0398, -0.2296 -0.0434 0.0394, -0.304 0.1534 0.0398, -0.304 0.1534 0.0394, -0.2839 0.0334 0.0398, -0.3497 0.0334 0.0398, -0.3132 0.1156 0.0398, -0.3151 0.1225 0.0398, -0.3164 0.1294 0.0398, -0.317 0.1294 0.0398, -0.3183 0.1225 0.0398, -0.3201 0.1156 0.0398, -0.2839 0.0334 0.0394, -0.3497 0.0334 0.0394, -0.3132 0.1156 0.0394, -0.3151 0.1225 0.0394, -0.3164 0.1294 0.0394, -0.317 0.1294 0.0394, -0.3183 0.1225 0.0394, -0.3201 0.1156 0.0394, -0.1103 -0.0434 0.0398, -0.0568 -0.0434 0.0398, -0.1103 -0.0434 0.0394, -0.0568 -0.0434 0.0394, -0.0568 0.1534 0.0398, -0.0568 0.1534 0.0394, -0.1123 0.1534 0.0398, -0.1123 0.1534 0.0394, -0.2152 0.0575 0.0398, -0.2152 0.0575 0.0394, -0.2138 0.076 0.0394, -0.2138 0.076 0.0398, -0.2085 0.0954 0.0394, -0.2085 0.0954 0.0398, -0.1994 0.1123 0.0394, -0.1994 0.1123 0.0398, -0.1854 0.1278 0.0394, -0.1854 0.1278 0.0398, -0.1852 0.128 0.0394, -0.1852 0.128 0.0398, -0.1638 0.1423 0.0394, -0.1638 0.1423 0.0398, -0.1408 0.1504 0.0394, -0.1408 0.1504 0.0398, -0.1347 -0.0413 0.0394, -0.1347 -0.0413 0.0398, -0.1573 -0.0345 0.0394, -0.1573 -0.0345 0.0398, -0.1779 -0.0226 0.0394, -0.1779 -0.0226 0.0398, -0.1941 -0.0071 0.0394, -0.1941 -0.0071 0.0398, -0.2054 0.0105 0.0394, -0.2054 0.0105 0.0398, -0.2125 0.0312 0.0394, -0.2125 0.0312 0.0398, -0.1757 0.1042 0.0398, -0.1661 0.1144 0.0398, -0.1518 0.1237 0.0398, -0.1355 0.1294 0.0398, -0.1122 0.1318 0.0398, -0.0832 0.1318 0.0398, -0.0832 -0.0218 0.0398, -0.1111 -0.0218 0.0398, -0.1319 -0.0199 0.0398, -0.1485 -0.0147 0.0398, -0.1619 -0.0067 0.0398, -0.1729 0.0042 0.0398, -0.1812 0.0178 0.0398, -0.187 0.0363 0.0398, -0.1888 0.0569 0.0398, -0.1871 0.0765 0.0398, -0.1825 0.0921 0.0398, -0.1122 0.1318 0.0394, -0.0832 0.1318 0.0394, -0.1355 0.1294 0.0394, -0.1518 0.1237 0.0394, -0.1661 0.1144 0.0394, -0.1757 0.1042 0.0394, -0.1825 0.0921 0.0394, -0.1871 0.0765 0.0394, -0.1888 0.0569 0.0394, -0.187 0.0363 0.0394, -0.1812 0.0178 0.0394, -0.1729 0.0042 0.0394, -0.1619 -0.0067 0.0394, -0.1485 -0.0147 0.0394, -0.1319 -0.0199 0.0394, -0.1111 -0.0218 0.0394, -0.0832 -0.0218 0.0394, -0.0184 -0.0218 0.0398, -0.0184 -0.0434 0.0398, -0.0184 -0.0218 0.0394, -0.0184 -0.0434 0.0394, 0.0873 -0.0434 0.0398, 0.0873 -0.0434 0.0394, 0.0873 0.1534 0.0398, 0.0873 0.1534 0.0394, -0.0136 0.1534 0.0398, -0.0136 0.1534 0.0394, -0.0136 0.1318 0.0398, -0.0136 0.1318 0.0394, 0.0609 0.1318 0.0398, 0.0609 0.1318 0.0394, 0.0609 0.067 0.0398, 0.0609 0.067 0.0394, -0.0088 0.067 0.0398, -0.0088 0.067 0.0394, -0.0088 0.0454 0.0398, -0.0088 0.0454 0.0394, 0.0609 0.0454 0.0398, 0.0609 0.0454 0.0394, 0.0609 -0.0218 0.0398, 0.0609 -0.0218 0.0394, 0.1257 -0.0116 0.0398, 0.1257 -0.0332 0.0398, 0.1257 -0.0116 0.0394, 0.1257 -0.0332 0.0394, 0.1467 -0.0418 0.0398, 0.1798 -0.0458 0.0398, 0.1798 -0.0458 0.0394, 0.1745 -0.0457 0.0394, 0.1745 -0.0457 0.0398, 0.1665 -0.0446 0.0394, 0.1467 -0.0418 0.0394, 0.1914 -0.0446 0.0394, 0.2041 -0.0433 0.0398, 0.2041 -0.0433 0.0394, 0.2232 -0.0367 0.0398, 0.2232 -0.0367 0.0394, 0.239 -0.0266 0.0398, 0.239 -0.0266 0.0394, 0.2538 -0.011 0.0398, 0.2538 -0.011 0.0394, 0.2643 0.0077 0.0398, 0.2643 0.0077 0.0394, 0.2702 0.0285 0.0398, 0.2702 0.0285 0.0394, 0.2721 0.0513 0.0398, 0.2721 0.0513 0.0394, 0.172 0.1558 0.0398, 0.172 0.1558 0.0394, 0.1918 0.1542 0.0394, 0.1918 0.1542 0.0398, 0.2137 0.1479 0.0394, 0.2137 0.1479 0.0398, 0.2324 0.1371 0.0394, 0.2324 0.1371 0.0398, 0.2502 0.12 0.0394, 0.2502 0.12 0.0398, 0.2617 0.1016 0.0394, 0.2617 0.1016 0.0398, 0.2693 0.0793 0.0394, 0.2693 0.0793 0.0398, 0.1257 0.148 0.0398, 0.1257 0.148 0.0394, 0.1484 0.1542 0.0394, 0.1484 0.1542 0.0398, 0.1257 0.1216 0.0398, 0.1257 0.1216 0.0394, 0.1718 0.1342 0.0398, 0.1718 0.1342 0.0394, 0.1478 0.1311 0.0394, 0.1478 0.1311 0.0398, 0.2457 0.0529 0.0398, 0.2457 0.0529 0.0394, 0.2448 0.0682 0.0394, 0.2448 0.0682 0.0398, 0.2395 0.0893 0.0394, 0.2395 0.0893 0.0398, 0.2314 0.1045 0.0394, 0.2314 0.1045 0.0398, 0.2195 0.1176 0.0394, 0.2195 0.1176 0.0398, 0.2059 0.1267 0.0394, 0.2059 0.1267 0.0398, 0.1912 0.1321 0.0394, 0.1912 0.1321 0.0398, 0.1762 -0.0242 0.0398, 0.1762 -0.0242 0.0394, 0.1946 -0.0221 0.0394, 0.1946 -0.0221 0.0398, 0.2089 -0.0169 0.0394, 0.2089 -0.0169 0.0398, 0.221 -0.0087 0.0394, 0.221 -0.0087 0.0398, 0.2302 0.001 0.0394, 0.2302 0.001 0.0398, 0.2384 0.0147 0.0394, 0.2384 0.0147 0.0398, 0.2437 0.0316 0.0394, 0.2437 0.0316 0.0398, 0.1292 -0.0136 0.0394, 0.1292 -0.0136 0.0398, 0.1501 -0.0213 0.0394, 0.1501 -0.0213 0.0398, 0.2889 -0.0218 0.0398, 0.2889 -0.0434 0.0398, 0.2889 -0.0218 0.0394, 0.2889 -0.0434 0.0394, 0.3897 -0.0434 0.0398, 0.3897 -0.0434 0.0394, 0.3897 0.1534 0.0398, 0.3897 0.1534 0.0394, 0.3633 0.1534 0.0398, 0.3633 0.1534 0.0394, 0.3633 -0.0218 0.0398, 0.3633 -0.0218 0.0394
            ]
        }
        coordIndex [
            0,1,2,-1,2,1,3,-1,2,3,4,-1,4,3,5,-1,4,5,6,-1,5,7,6,-1,6,7,8,-1,6,8,9,-1,9,8,10,-1,9,10,11,-1,11,10,12,-1,11,12,13,-1,13,12,14,-1,13,14,15,-1,15,14,16,-1,15,16,17,-1,17,16,18,-1,17,18,19,-1,19,18,20,-1,19,20,21,-1,21,20,22,-1,21,22,23,-1,23,22,24,-1,23,24,25,-1,25,24,26,-1,25,26,27,-1,27,26,28,-1,27,28,29,-1,29,28,30,-1,29,30,31,-1,31,30,32,-1,31,32,33,-1,33,32,34,-1,33,34,35,-1,35,34,36,-1,35,36,37,-1,37,36,38,-1,37,38,39,-1,39,38,40,-1,39,40,41,-1,41,40,42,-1,41,42,43,-1,43,42,44,-1,43,44,45,-1,45,44,46,-1,45,46,47,-1,47,46,48,-1,47,48,0,-1,0,48,49,-1,0,49,1,-1,25,27,50,-1,50,27,29,-1,50,29,31,-1,19,21,50,-1,50,21,23,-1,50,23,25,-1,13,15,50,-1,50,15,17,-1,50,17,19,-1,6,9,50,-1,50,9,11,-1,50,11,13,-1,0,2,50,-1,50,2,4,-1,50,4,6,-1,43,45,50,-1,50,45,47,-1,50,47,0,-1,37,39,50,-1,50,39,41,-1,50,41,43,-1,31,33,50,-1,50,33,35,-1,50,35,37,-1,51,52,53,-1,53,52,54,-1,52,55,54,-1,54,55,56,-1,55,57,56,-1,56,57,58,-1,57,59,58,-1,58,59,60,-1,59,61,60,-1,60,61,62,-1,61,63,62,-1,62,63,64,-1,63,65,64,-1,64,65,66,-1,65,51,66,-1,66,51,53,-1,67,59,68,-1,68,59,57,-1,69,65,67,-1,67,65,63,-1,67,63,59,-1,59,63,61,-1,69,70,65,-1,65,70,71,-1,65,71,51,-1,51,71,72,-1,51,72,73,-1,73,74,51,-1,51,74,68,-1,51,68,52,-1,52,68,57,-1,52,57,55,-1,67,68,75,-1,75,68,76,-1,69,67,77,-1,77,67,75,-1,69,77,78,-1,69,78,70,-1,70,78,79,-1,70,79,71,-1,72,71,80,-1,80,71,79,-1,72,80,81,-1,72,81,73,-1,73,81,82,-1,73,82,74,-1,68,74,76,-1,76,74,82,-1,83,84,85,-1,85,84,86,-1,84,87,86,-1,86,87,88,-1,87,89,88,-1,88,89,90,-1,91,92,93,-1,91,93,94,-1,94,93,95,-1,94,95,96,-1,96,95,97,-1,96,97,98,-1,98,97,99,-1,98,99,100,-1,100,99,101,-1,100,101,102,-1,102,101,103,-1,102,103,104,-1,104,103,105,-1,104,105,106,-1,106,105,90,-1,106,90,89,-1,83,85,107,-1,83,107,108,-1,108,107,109,-1,108,109,110,-1,110,109,111,-1,110,111,112,-1,112,111,113,-1,112,113,114,-1,114,113,115,-1,114,115,116,-1,116,115,117,-1,116,117,118,-1,118,117,92,-1,118,92,91,-1,96,98,119,-1,119,98,100,-1,119,100,120,-1,120,100,102,-1,120,102,121,-1,121,102,104,-1,121,104,122,-1,122,104,106,-1,122,106,123,-1,123,106,89,-1,123,89,124,-1,124,89,87,-1,124,87,125,-1,125,87,84,-1,125,84,126,-1,126,84,83,-1,126,83,127,-1,127,83,108,-1,127,108,128,-1,128,108,110,-1,128,110,129,-1,129,110,112,-1,129,112,130,-1,130,112,114,-1,130,114,131,-1,131,114,116,-1,131,116,132,-1,132,116,118,-1,132,118,133,-1,133,118,91,-1,133,91,134,-1,134,91,94,-1,134,94,135,-1,135,94,96,-1,135,96,119,-1,123,124,136,-1,136,124,137,-1,123,136,138,-1,123,138,122,-1,122,138,139,-1,122,139,121,-1,121,139,140,-1,121,140,120,-1,120,140,141,-1,120,141,119,-1,119,141,142,-1,119,142,135,-1,135,142,143,-1,135,143,134,-1,134,143,144,-1,134,144,133,-1,133,144,145,-1,133,145,132,-1,132,145,146,-1,132,146,131,-1,131,146,147,-1,131,147,130,-1,130,147,148,-1,130,148,129,-1,129,148,149,-1,129,149,128,-1,128,149,150,-1,128,150,127,-1,127,150,151,-1,127,151,126,-1,125,126,152,-1,152,126,151,-1,124,125,137,-1,137,125,152,-1,153,154,155,-1,155,154,156,-1,154,157,156,-1,156,157,158,-1,157,159,158,-1,158,159,160,-1,159,161,160,-1,160,161,162,-1,161,163,162,-1,162,163,164,-1,163,165,164,-1,164,165,166,-1,165,167,166,-1,166,167,168,-1,167,169,168,-1,168,169,170,-1,169,171,170,-1,170,171,172,-1,171,173,172,-1,172,173,174,-1,173,175,174,-1,174,175,176,-1,175,153,176,-1,176,153,155,-1,157,154,153,-1,153,175,157,-1,157,175,173,-1,157,173,159,-1,163,161,165,-1,165,161,159,-1,165,159,167,-1,167,159,173,-1,167,173,169,-1,169,173,171,-1,177,178,179,-1,179,178,180,-1,180,178,181,-1,182,183,184,-1,182,184,185,-1,185,184,186,-1,185,186,181,-1,181,186,187,-1,181,187,180,-1,183,182,188,-1,188,182,189,-1,188,189,190,-1,190,189,191,-1,190,191,192,-1,192,191,193,-1,192,193,194,-1,194,193,195,-1,194,195,196,-1,196,195,197,-1,196,197,198,-1,198,197,199,-1,198,199,200,-1,200,199,201,-1,200,201,202,-1,203,204,205,-1,203,205,206,-1,206,205,207,-1,206,207,208,-1,208,207,209,-1,208,209,210,-1,210,209,211,-1,210,211,212,-1,212,211,213,-1,212,213,214,-1,214,213,215,-1,214,215,216,-1,216,215,202,-1,216,202,201,-1,217,218,219,-1,217,219,220,-1,220,219,204,-1,220,204,203,-1,217,221,218,-1,218,221,222,-1,223,224,225,-1,223,225,226,-1,226,225,222,-1,226,222,221,-1,227,228,229,-1,227,229,230,-1,230,229,231,-1,230,231,232,-1,232,231,233,-1,232,233,234,-1,234,233,235,-1,234,235,236,-1,236,235,237,-1,236,237,238,-1,238,237,239,-1,238,239,240,-1,240,239,224,-1,240,224,223,-1,241,242,243,-1,241,243,244,-1,244,243,245,-1,244,245,246,-1,246,245,247,-1,246,247,248,-1,248,247,249,-1,248,249,250,-1,250,249,251,-1,250,251,252,-1,252,251,253,-1,252,253,254,-1,254,253,228,-1,254,228,227,-1,177,179,255,-1,177,255,256,-1,256,255,257,-1,256,257,258,-1,258,257,242,-1,258,242,241,-1,244,182,241,-1,241,182,185,-1,241,185,258,-1,258,185,181,-1,258,181,256,-1,256,181,178,-1,256,178,177,-1,221,217,226,-1,226,217,220,-1,226,220,223,-1,223,220,203,-1,223,203,240,-1,240,203,206,-1,240,206,238,-1,238,206,208,-1,238,208,236,-1,236,208,210,-1,236,210,234,-1,234,210,212,-1,234,212,232,-1,232,212,214,-1,232,214,230,-1,230,214,216,-1,230,216,227,-1,227,216,201,-1,227,201,254,-1,254,201,199,-1,254,199,252,-1,252,199,197,-1,252,197,250,-1,250,197,195,-1,250,195,248,-1,248,195,193,-1,248,193,246,-1,246,193,191,-1,246,191,244,-1,244,191,189,-1,244,189,182,-1,259,260,261,-1,261,260,262,-1,260,263,262,-1,262,263,264,-1,263,265,264,-1,264,265,266,-1,265,267,266,-1,266,267,268,-1,267,269,268,-1,268,269,270,-1,269,259,270,-1,270,259,261,-1,267,265,269,-1,269,265,263,-1,269,263,259,-1,259,263,260,-1,
        ]
    }
}
Shape{
    appearance Appearance {
        material  Material 	{
            diffuseColor 0.25098039215686274 0.25098039215686274 0.25098039215686274
            specularColor 0.12549019607843137 0.12549019607843137 0.12549019607843137
            ambientIntensity 0.251
            transparency 0.0
            shininess 0.5
        }
    }
    geometry IndexedFaceSet {
        ccw TRUE
        solid FALSE
        coord DEF co Coordinate {
            point [
                -0.2839 0.0334 0.0394, -0.3497 0.0334 0.0394, -0.3132 0.1156 0.0394, -0.3201 0.1156 0.0394, -0.3151 0.1225 0.0394, -0.3183 0.1225 0.0394, -0.3164 0.1294 0.0394, -0.317 0.1294 0.0394, -0.0832 0.1318 0.0394, -0.0832 -0.0218 0.0394, -0.1122 0.1318 0.0394, -0.1111 -0.0218 0.0394, -0.1319 -0.0199 0.0394, -0.1888 0.0569 0.0394, -0.1871 0.0765 0.0394, -0.1825 0.0921 0.0394, -0.1355 0.1294 0.0394, -0.1485 -0.0147 0.0394, -0.1619 -0.0067 0.0394, -0.1729 0.0042 0.0394, -0.1812 0.0178 0.0394, -0.187 0.0363 0.0394, -0.1757 0.1042 0.0394, -0.1661 0.1144 0.0394, -0.1518 0.1237 0.0394
            ]
        }
        coordIndex [
            0,1,2,-1,2,1,3,-1,2,3,4,-1,4,3,5,-1,4,5,6,-1,6,5,7,-1,8,9,10,-1,10,9,11,-1,10,11,12,-1,13,14,10,-1,10,14,15,-1,10,15,16,-1,12,17,10,-1,10,17,18,-1,10,18,19,-1,19,20,10,-1,10,20,21,-1,10,21,13,-1,22,23,15,-1,15,23,24,-1,15,24,16,-1,
        ]
    }
}
Shape{
    appearance Appearance {
        material  Material 	{
            diffuseColor 0.0 0.0 0.0
            specularColor 0.0 0.0 0.0
            ambientIntensity 0.0
            transparency 0.0
            shininess 0.5
        }
    }
    geometry IndexedFaceSet {
        ccw TRUE
        solid FALSE
        coord DEF co Coordinate {
            point [
                1.6228 1.5437 1.7909, 1.6651 1.5437 1.7909, 1.6228 1.5437 1.7913, 1.6651 1.5437 1.7913, 1.5918 1.2825 1.7913, 1.5767 1.2288 1.7909, 1.5767 1.2288 1.7913, 1.5306 1.2288 1.7909, 1.5306 1.2288 1.7913, 1.5156 1.2825 1.7913, 1.4666 1.4572 1.7909, 1.4666 1.4572 1.7913, 1.4615 1.49 1.7909, 1.4615 1.49 1.7913, 1.4632 1.4734 1.7913, 1.4632 1.4734 1.7909, 1.4577 1.49 1.7909, 1.4577 1.49 1.7913, 1.452 1.4576 1.7909, 1.452 1.4576 1.7913, 1.4557 1.4736 1.7913, 1.4557 1.4736 1.7909, 1.4035 1.2825 1.7913, 1.3885 1.2288 1.7909, 1.3885 1.2288 1.7913, 1.3424 1.2288 1.7909, 1.3424 1.2288 1.7913, 1.3267 1.2825 1.7913, 1.2503 1.5437 1.7909, 1.2503 1.5437 1.7913, 1.2963 1.5437 1.7909, 1.2963 1.5437 1.7913, 1.3604 1.307 1.7909, 1.3604 1.307 1.7913, 1.3638 1.2911 1.7909, 1.3655 1.2749 1.7909, 1.3655 1.2749 1.7913, 1.3647 1.2825 1.7913, 1.3638 1.2911 1.7913, 1.3668 1.2825 1.7913, 1.3682 1.2911 1.7909, 1.3682 1.2911 1.7913, 1.3724 1.307 1.7909, 1.3724 1.307 1.7913, 1.4423 1.5437 1.7909, 1.4423 1.5437 1.7913, 1.4807 1.5437 1.7909, 1.4807 1.5437 1.7913, 1.5482 1.3049 1.7909, 1.5482 1.3049 1.7913, 1.5516 1.29 1.7909, 1.5537 1.2749 1.7909, 1.5537 1.2749 1.7913, 1.5526 1.2825 1.7913, 1.5516 1.29 1.7913, 1.5548 1.2825 1.7913, 1.556 1.2904 1.7909, 1.556 1.2904 1.7913, 1.5597 1.3057 1.7909, 1.5597 1.3057 1.7913, 1.121 1.2288 1.7909, 1.0275 1.2288 1.7909, 1.121 1.2288 1.7913, 1.0275 1.2288 1.7913, 1.0275 1.2825 1.7913, 1.0275 1.5437 1.7909, 1.0275 1.5437 1.7913, 1.1185 1.5437 1.7909, 1.1185 1.5437 1.7913, 1.208 1.4714 1.7909, 1.208 1.4714 1.7913, 1.2066 1.4867 1.7913, 1.2066 1.4867 1.7909, 1.2018 1.501 1.7913, 1.2018 1.501 1.7909, 1.1942 1.5134 1.7913, 1.1942 1.5134 1.7909, 1.1828 1.5245 1.7913, 1.1828 1.5245 1.7909, 1.1652 1.535 1.7913, 1.1652 1.535 1.7909, 1.1449 1.5413 1.7913, 1.1449 1.5413 1.7909, 1.1534 1.3972 1.7909, 1.1534 1.3972 1.7913, 1.1736 1.4067 1.7913, 1.1736 1.4067 1.7909, 1.1882 1.419 1.7913, 1.1882 1.419 1.7909, 1.1993 1.4349 1.7913, 1.1993 1.4349 1.7909, 1.2057 1.4515 1.7913, 1.2057 1.4515 1.7909, 1.1534 1.3963 1.7909, 1.1534 1.3963 1.7913, 1.2234 1.3197 1.7909, 1.2234 1.3197 1.7913, 1.2209 1.341 1.7913, 1.2209 1.341 1.7909, 1.2147 1.3575 1.7913, 1.2147 1.3575 1.7909, 1.2041 1.3722 1.7913, 1.2041 1.3722 1.7909, 1.1904 1.3837 1.7913, 1.1904 1.3837 1.7909, 1.1741 1.3917 1.7913, 1.1741 1.3917 1.7909, 1.2207 1.2963 1.7909, 1.1376 1.2297 1.7913, 1.1376 1.2297 1.7909, 1.165 1.2362 1.7913, 1.165 1.2362 1.7909, 1.1857 1.2469 1.7913, 1.1857 1.2469 1.7909, 1.2028 1.262 1.7913, 1.2028 1.262 1.7909, 1.2141 1.2785 1.7913, 1.2141 1.2785 1.7909, 1.2156 1.2825 1.7913, 1.2207 1.2963 1.7913, 1.1355 1.4149 1.7909, 1.1222 1.4108 1.7909, 1.0697 1.4093 1.7909, 1.0697 1.3747 1.7909, 1.1053 1.4093 1.7909, 1.1103 1.3747 1.7909, 1.1393 1.3718 1.7909, 1.1551 1.3662 1.7909, 1.1638 1.3607 1.7909, 1.1712 1.3533 1.7909, 1.1763 1.3446 1.7909, 1.1798 1.3341 1.7909, 1.0697 1.2633 1.7909, 1.1168 1.2633 1.7909, 1.1351 1.2649 1.7909, 1.1491 1.2689 1.7909, 1.1602 1.275 1.7909, 1.1689 1.2829 1.7909, 1.175 1.2919 1.7909, 1.1791 1.3026 1.7909, 1.181 1.3156 1.7909, 1.1811 1.3199 1.7909, 1.0697 1.5092 1.7909, 1.1087 1.5092 1.7909, 1.1286 1.5075 1.7909, 1.1424 1.5033 1.7909, 1.1511 1.4982 1.7909, 1.1575 1.4918 1.7909, 1.1619 1.4846 1.7909, 1.1647 1.4757 1.7909, 1.1658 1.4641 1.7909, 1.1657 1.4639 1.7909, 1.164 1.4486 1.7909, 1.1602 1.4377 1.7909, 1.1542 1.4285 1.7909, 1.1459 1.4207 1.7909, 1.1087 1.5092 1.7913, 1.0697 1.5092 1.7913, 1.1286 1.5075 1.7913, 1.1424 1.5033 1.7913, 1.1511 1.4982 1.7913, 1.1575 1.4918 1.7913, 1.1619 1.4846 1.7913, 1.1647 1.4757 1.7913, 1.1658 1.4641 1.7913, 1.1657 1.4639 1.7913, 1.164 1.4486 1.7913, 1.1602 1.4377 1.7913, 1.1542 1.4285 1.7913, 1.1459 1.4207 1.7913, 1.1355 1.4149 1.7913, 1.1222 1.4108 1.7913, 1.1053 1.4093 1.7913, 1.0697 1.4093 1.7913, 1.1103 1.3747 1.7913, 1.0697 1.3747 1.7913, 1.1393 1.3718 1.7913, 1.1551 1.3662 1.7913, 1.1638 1.3607 1.7913, 1.1712 1.3533 1.7913, 1.1763 1.3446 1.7913, 1.1798 1.3341 1.7913, 1.1811 1.3199 1.7913, 1.181 1.3156 1.7913, 1.1791 1.3026 1.7913, 1.175 1.2919 1.7913, 1.1689 1.2829 1.7913, 1.1602 1.275 1.7913, 1.1491 1.2689 1.7913, 1.1351 1.2649 1.7913, 1.1168 1.2633 1.7913, 1.0697 1.2633 1.7913
            ]
        }
        coordIndex [
            0,1,2,-1,2,1,3,-1,3,1,4,-1,4,1,5,-1,4,5,6,-1,5,7,6,-1,6,7,8,-1,8,7,9,-1,9,7,10,-1,9,10,11,-1,12,13,14,-1,12,14,15,-1,15,14,11,-1,15,11,10,-1,12,16,13,-1,13,16,17,-1,18,19,20,-1,18,20,21,-1,21,20,17,-1,21,17,16,-1,19,18,22,-1,22,18,23,-1,22,23,24,-1,23,25,24,-1,24,25,26,-1,26,25,27,-1,27,25,28,-1,27,28,29,-1,28,30,29,-1,29,30,31,-1,30,32,31,-1,31,32,33,-1,33,32,34,-1,35,36,37,-1,35,37,34,-1,34,37,38,-1,34,38,33,-1,36,35,39,-1,39,35,40,-1,39,40,41,-1,41,40,42,-1,41,42,43,-1,42,44,43,-1,43,44,45,-1,44,46,45,-1,45,46,47,-1,46,48,47,-1,47,48,49,-1,49,48,50,-1,51,52,53,-1,51,53,50,-1,50,53,54,-1,50,54,49,-1,52,51,55,-1,55,51,56,-1,55,56,57,-1,57,56,58,-1,57,58,59,-1,58,0,59,-1,59,0,2,-1,30,28,32,-1,32,28,25,-1,32,25,34,-1,1,0,5,-1,5,0,58,-1,58,56,5,-1,5,56,51,-1,5,51,7,-1,34,25,35,-1,35,25,23,-1,35,23,40,-1,51,50,7,-1,7,50,48,-1,7,48,10,-1,10,48,46,-1,10,46,15,-1,18,44,23,-1,23,44,42,-1,23,42,40,-1,18,21,44,-1,44,21,16,-1,44,16,46,-1,46,16,12,-1,46,12,15,-1,60,61,62,-1,62,61,63,-1,63,61,64,-1,64,61,65,-1,64,65,66,-1,65,67,66,-1,66,67,68,-1,69,70,71,-1,69,71,72,-1,72,71,73,-1,72,73,74,-1,74,73,75,-1,74,75,76,-1,76,75,77,-1,76,77,78,-1,78,77,79,-1,78,79,80,-1,80,79,81,-1,80,81,82,-1,82,81,68,-1,82,68,67,-1,83,84,85,-1,83,85,86,-1,86,85,87,-1,86,87,88,-1,88,87,89,-1,88,89,90,-1,90,89,91,-1,90,91,92,-1,92,91,70,-1,92,70,69,-1,83,93,84,-1,84,93,94,-1,95,96,97,-1,95,97,98,-1,98,97,99,-1,98,99,100,-1,100,99,101,-1,100,101,102,-1,102,101,103,-1,102,103,104,-1,104,103,105,-1,104,105,106,-1,106,105,94,-1,106,94,93,-1,96,95,107,-1,60,62,108,-1,60,108,109,-1,109,108,110,-1,109,110,111,-1,111,110,112,-1,111,112,113,-1,113,112,114,-1,113,114,115,-1,115,114,116,-1,115,116,117,-1,117,116,118,-1,117,118,107,-1,107,118,119,-1,107,119,96,-1,120,121,83,-1,122,123,124,-1,124,123,125,-1,124,125,121,-1,83,121,93,-1,121,125,93,-1,93,125,126,-1,93,126,106,-1,106,126,127,-1,106,127,104,-1,104,127,128,-1,104,128,102,-1,102,128,129,-1,102,129,100,-1,100,129,130,-1,100,130,98,-1,98,130,131,-1,98,131,95,-1,132,61,133,-1,133,61,60,-1,133,60,134,-1,134,60,109,-1,134,109,135,-1,135,109,111,-1,135,111,136,-1,136,111,113,-1,136,113,137,-1,137,113,115,-1,137,115,138,-1,138,115,117,-1,138,117,139,-1,139,117,107,-1,139,107,140,-1,140,107,95,-1,140,95,141,-1,141,95,131,-1,132,123,61,-1,61,123,122,-1,61,122,65,-1,65,122,142,-1,65,142,67,-1,67,142,143,-1,67,143,82,-1,82,143,144,-1,82,144,80,-1,80,144,145,-1,80,145,78,-1,78,145,146,-1,78,146,76,-1,76,146,147,-1,76,147,74,-1,74,147,148,-1,74,148,72,-1,72,148,149,-1,72,149,69,-1,69,149,150,-1,69,150,92,-1,92,150,151,-1,92,151,90,-1,90,151,152,-1,90,152,88,-1,88,152,153,-1,88,153,86,-1,86,153,154,-1,86,154,83,-1,83,154,155,-1,83,155,120,-1,143,142,156,-1,156,142,157,-1,143,156,158,-1,143,158,144,-1,144,158,159,-1,144,159,145,-1,145,159,160,-1,145,160,146,-1,146,160,161,-1,146,161,147,-1,147,161,162,-1,147,162,148,-1,148,162,163,-1,148,163,149,-1,149,163,164,-1,149,164,150,-1,150,164,165,-1,150,165,151,-1,151,165,166,-1,151,166,152,-1,152,166,167,-1,152,167,153,-1,153,167,168,-1,153,168,154,-1,154,168,169,-1,154,169,155,-1,155,169,170,-1,155,170,120,-1,120,170,171,-1,120,171,121,-1,121,171,172,-1,121,172,124,-1,122,124,173,-1,173,124,172,-1,142,122,157,-1,157,122,173,-1,125,123,174,-1,174,123,175,-1,125,174,176,-1,125,176,126,-1,126,176,177,-1,126,177,127,-1,127,177,178,-1,127,178,128,-1,128,178,179,-1,128,179,129,-1,129,179,180,-1,129,180,130,-1,130,180,181,-1,130,181,131,-1,131,181,182,-1,131,182,141,-1,141,182,183,-1,141,183,140,-1,140,183,184,-1,140,184,139,-1,139,184,185,-1,139,185,138,-1,138,185,186,-1,138,186,137,-1,137,186,187,-1,137,187,136,-1,136,187,188,-1,136,188,135,-1,135,188,189,-1,135,189,134,-1,134,189,190,-1,134,190,133,-1,132,133,191,-1,191,133,190,-1,123,132,175,-1,175,132,191,-1,
        ]
    }
}
Shape{
    appearance Appearance {
        material  Material 	{
            diffuseColor 0.25098039215686274 0.25098039215686274 0.25098039215686274
            specularColor 0.12549019607843137 0.12549019607843137 0.12549019607843137
            ambientIntensity 0.251
            transparency 0.0
            shininess 0.5
        }
    }
    geometry IndexedFaceSet {
        ccw TRUE
        solid FALSE
        coord DEF co Coordinate {
            point [
                1.164 1.4486 1.7913, 1.1657 1.4639 1.7913, 1.1087 1.5092 1.7913, 1.0697 1.5092 1.7913, 1.0697 1.4093 1.7913, 1.1053 1.4093 1.7913, 1.1658 1.4641 1.7913, 1.1647 1.4757 1.7913, 1.1286 1.5075 1.7913, 1.1222 1.4108 1.7913, 1.1355 1.4149 1.7913, 1.1459 1.4207 1.7913, 1.1575 1.4918 1.7913, 1.1511 1.4982 1.7913, 1.1424 1.5033 1.7913, 1.1542 1.4285 1.7913, 1.1602 1.4377 1.7913, 1.1619 1.4846 1.7913
            ]
        }
        coordIndex [
            0,1,2,-1,3,4,2,-1,2,4,5,-1,1,6,2,-1,2,6,7,-1,2,7,8,-1,5,9,2,-1,2,9,10,-1,2,10,11,-1,12,13,14,-1,11,15,2,-1,2,15,16,-1,2,16,0,-1,8,7,14,-1,14,7,17,-1,14,17,12,-1,
        ]
    }
}
Shape{
    appearance Appearance {
        material  Material 	{
            diffuseColor 0.0 0.0 0.0
            specularColor 0.0 0.0 0.0
            ambientIntensity 0.0
            transparency 0.0
            shininess 0.5
        }
    }
    geometry IndexedFaceSet {
        ccw TRUE
        solid FALSE
        coord DEF co Coordinate {
            point [
                0.7624 1.3801 1.7909, 0.7624 1.3801 1.7913, 0.7661 1.3288 1.7913, 0.7661 1.3288 1.7909, 0.7772 1.2868 1.7913, 0.7772 1.2868 1.7909, 0.7795 1.2825 1.7913, 0.791 1.2613 1.7909, 0.791 1.2613 1.7913, 0.8065 1.2443 1.7913, 0.8065 1.2443 1.7909, 0.8223 1.2339 1.7913, 0.8223 1.2339 1.7909, 0.8405 1.2274 1.7913, 0.8405 1.2274 1.7909, 0.8629 1.2249 1.7913, 0.8629 1.2249 1.7909, 0.8435 1.5445 1.7909, 0.87 1.5476 1.7909, 0.8536 1.5457 1.7913, 0.87 1.5476 1.7913, 0.8435 1.5445 1.7913, 0.8243 1.5372 1.7913, 0.8243 1.5372 1.7909, 0.8097 1.5275 1.7913, 0.8097 1.5275 1.7909, 0.7949 1.5121 1.7913, 0.7949 1.5121 1.7909, 0.7816 1.4898 1.7913, 0.7816 1.4898 1.7909, 0.7675 1.4431 1.7913, 0.7675 1.4431 1.7909, 0.8883 1.5457 1.7913, 0.8929 1.5452 1.7909, 0.8929 1.5452 1.7913, 0.9115 1.5387 1.7909, 0.9115 1.5387 1.7913, 0.9279 1.5278 1.7909, 0.9279 1.5278 1.7913, 0.9405 1.514 1.7909, 0.9405 1.514 1.7913, 0.9537 1.4903 1.7909, 0.9537 1.4903 1.7913, 0.965 1.4502 1.7909, 0.965 1.4502 1.7913, 0.9699 1.3876 1.7909, 0.9699 1.3876 1.7913, 0.8862 1.2274 1.7913, 0.8862 1.2274 1.7909, 0.906 1.2343 1.7913, 0.906 1.2343 1.7909, 0.9235 1.246 1.7913, 0.9235 1.246 1.7909, 0.939 1.2629 1.7913, 0.939 1.2629 1.7909, 0.95 1.2825 1.7913, 0.9534 1.2885 1.7909, 0.9534 1.2885 1.7913, 0.9651 1.3292 1.7913, 0.9651 1.3292 1.7909, 0.9213 1.4543 1.7909, 0.9109 1.4845 1.7909, 0.9024 1.4971 1.7909, 0.8945 1.5046 1.7909, 0.8858 1.5095 1.7909, 0.8759 1.5124 1.7909, 0.8678 1.513 1.7909, 0.8547 1.5114 1.7909, 0.8447 1.5075 1.7909, 0.8356 1.5012 1.7909, 0.8267 1.491 1.7909, 0.8173 1.4729 1.7909, 0.8084 1.4378 1.7909, 0.8047 1.3821 1.7909, 0.8099 1.3213 1.7909, 0.8192 1.2921 1.7909, 0.8274 1.2786 1.7909, 0.8364 1.2694 1.7909, 0.8458 1.2637 1.7909, 0.857 1.2603 1.7909, 0.8666 1.2595 1.7909, 0.8793 1.261 1.7909, 0.8891 1.2648 1.7909, 0.8982 1.2711 1.7909, 0.9071 1.2814 1.7909, 0.9159 1.2987 1.7909, 0.9242 1.3322 1.7909, 0.9276 1.3841 1.7909, 0.8047 1.3821 1.7913, 0.8084 1.4378 1.7913, 0.8173 1.4729 1.7913, 0.8267 1.491 1.7913, 0.8356 1.5012 1.7913, 0.8447 1.5075 1.7913, 0.8547 1.5114 1.7913, 0.8678 1.513 1.7913, 0.8759 1.5124 1.7913, 0.8858 1.5095 1.7913, 0.8945 1.5046 1.7913, 0.9024 1.4971 1.7913, 0.9109 1.4845 1.7913, 0.9213 1.4543 1.7913, 0.9276 1.3841 1.7913, 0.9242 1.3322 1.7913, 0.9159 1.2987 1.7913, 0.9071 1.2814 1.7913, 0.8982 1.2711 1.7913, 0.8891 1.2648 1.7913, 0.8793 1.261 1.7913, 0.8666 1.2595 1.7913, 0.857 1.2603 1.7913, 0.8458 1.2637 1.7913, 0.8364 1.2694 1.7913, 0.8274 1.2786 1.7913, 0.8192 1.2921 1.7913, 0.8099 1.3213 1.7913, 0.6549 1.2288 1.7909, 0.6165 1.2288 1.7909, 0.6549 1.2288 1.7913, 0.6165 1.2288 1.7913, 0.6165 1.2825 1.7913, 0.6165 1.4963 1.7909, 0.6165 1.4963 1.7913, 0.5435 1.4592 1.7909, 0.5435 1.4592 1.7913, 0.5494 1.4608 1.7913, 0.5494 1.4608 1.7909, 0.5874 1.4768 1.7913, 0.5874 1.4768 1.7909, 0.5435 1.4976 1.7909, 0.5435 1.4976 1.7913, 0.5941 1.5181 1.7909, 0.64 1.5476 1.7909, 0.64 1.5476 1.7913, 0.637 1.5457 1.7913, 0.5941 1.5181 1.7913, 0.6549 1.5476 1.7909, 0.6549 1.5476 1.7913, 0.6549 1.5457 1.7913, 0.6549 1.2825 1.7913, 0.2785 1.3801 1.7909, 0.2785 1.3801 1.7913, 0.2821 1.3288 1.7913, 0.2821 1.3288 1.7909, 0.2932 1.2868 1.7913, 0.2932 1.2868 1.7909, 0.2955 1.2825 1.7913, 0.307 1.2613 1.7909, 0.307 1.2613 1.7913, 0.3225 1.2443 1.7913, 0.3225 1.2443 1.7909, 0.3383 1.2339 1.7913, 0.3383 1.2339 1.7909, 0.3565 1.2274 1.7913, 0.3565 1.2274 1.7909, 0.379 1.2249 1.7913, 0.379 1.2249 1.7909, 0.3595 1.5445 1.7909, 0.386 1.5476 1.7909, 0.3696 1.5457 1.7913, 0.386 1.5476 1.7913, 0.3595 1.5445 1.7913, 0.3403 1.5372 1.7913, 0.3403 1.5372 1.7909, 0.3257 1.5275 1.7913, 0.3257 1.5275 1.7909, 0.3109 1.5121 1.7913, 0.3109 1.5121 1.7909, 0.2976 1.4898 1.7913, 0.2976 1.4898 1.7909, 0.2835 1.4431 1.7913, 0.2835 1.4431 1.7909, 0.4043 1.5457 1.7913, 0.409 1.5452 1.7909, 0.409 1.5452 1.7913, 0.4275 1.5387 1.7909, 0.4275 1.5387 1.7913, 0.4439 1.5278 1.7909, 0.4439 1.5278 1.7913, 0.4566 1.514 1.7909, 0.4566 1.514 1.7913, 0.4698 1.4903 1.7909, 0.4698 1.4903 1.7913, 0.4811 1.4502 1.7909, 0.4811 1.4502 1.7913, 0.4859 1.3876 1.7909, 0.4859 1.3876 1.7913, 0.4023 1.2274 1.7913, 0.4023 1.2274 1.7909, 0.422 1.2343 1.7913, 0.422 1.2343 1.7909, 0.4395 1.246 1.7913, 0.4395 1.246 1.7909, 0.455 1.2629 1.7913, 0.455 1.2629 1.7909, 0.4661 1.2825 1.7913, 0.4694 1.2885 1.7909, 0.4694 1.2885 1.7913, 0.4812 1.3292 1.7913, 0.4812 1.3292 1.7909, 0.4374 1.4543 1.7909, 0.4269 1.4845 1.7909, 0.4184 1.4971 1.7909, 0.4105 1.5046 1.7909, 0.4018 1.5095 1.7909, 0.3919 1.5124 1.7909, 0.3839 1.513 1.7909, 0.3707 1.5114 1.7909, 0.3607 1.5075 1.7909, 0.3516 1.5012 1.7909, 0.3427 1.491 1.7909, 0.3333 1.4729 1.7909, 0.3245 1.4378 1.7909, 0.3207 1.3821 1.7909, 0.326 1.3213 1.7909, 0.3353 1.2921 1.7909, 0.3434 1.2786 1.7909, 0.3525 1.2694 1.7909, 0.3618 1.2637 1.7909, 0.373 1.2603 1.7909, 0.3827 1.2595 1.7909, 0.3953 1.261 1.7909, 0.4052 1.2648 1.7909, 0.4142 1.2711 1.7909, 0.4231 1.2814 1.7909, 0.4319 1.2987 1.7909, 0.4403 1.3322 1.7909, 0.4436 1.3841 1.7909, 0.3207 1.3821 1.7913, 0.3245 1.4378 1.7913, 0.3333 1.4729 1.7913, 0.3427 1.491 1.7913, 0.3516 1.5012 1.7913, 0.3607 1.5075 1.7913, 0.3707 1.5114 1.7913, 0.3839 1.513 1.7913, 0.3919 1.5124 1.7913, 0.4018 1.5095 1.7913, 0.4105 1.5046 1.7913, 0.4184 1.4971 1.7913, 0.4269 1.4845 1.7913, 0.4374 1.4543 1.7913, 0.4436 1.3841 1.7913, 0.4403 1.3322 1.7913, 0.4319 1.2987 1.7913, 0.4231 1.2814 1.7913, 0.4142 1.2711 1.7913, 0.4052 1.2648 1.7913, 0.3953 1.261 1.7913, 0.3827 1.2595 1.7913, 0.373 1.2603 1.7913, 0.3618 1.2637 1.7913, 0.3525 1.2694 1.7913, 0.3434 1.2786 1.7913, 0.3353 1.2921 1.7913, 0.326 1.3213 1.7913, 0.2247 1.5351 1.7909, 0.2247 1.5005 1.7909, 0.2247 1.5351 1.7913, 0.2247 1.5005 1.7913, 0.1724 1.513 1.7909, 0.1724 1.513 1.7913, 0.1993 1.5098 1.7913, 0.1993 1.5098 1.7909, 0.0801 1.3836 1.7909, 0.0801 1.3836 1.7913, 0.0826 1.4171 1.7913, 0.0826 1.4171 1.7909, 0.0921 1.4533 1.7913, 0.0921 1.4533 1.7909, 0.1048 1.4769 1.7913, 0.1048 1.4769 1.7909, 0.1201 1.4941 1.7913, 0.1201 1.4941 1.7909, 0.1356 1.5047 1.7913, 0.1356 1.5047 1.7909, 0.1521 1.5107 1.7913, 0.1521 1.5107 1.7909, 0.0812 1.3836 1.7909, 0.0812 1.3836 1.7913, 0.1533 1.4285 1.7909, 0.1533 1.4285 1.7913, 0.1369 1.4271 1.7913, 0.1369 1.4271 1.7909, 0.1205 1.4224 1.7913, 0.1205 1.4224 1.7909, 0.1054 1.4138 1.7913, 0.1054 1.4138 1.7909, 0.0927 1.4015 1.7913, 0.0927 1.4015 1.7909, 0.2439 1.3308 1.7909, 0.2439 1.3308 1.7913, 0.2429 1.3483 1.7913, 0.2429 1.3483 1.7909, 0.2366 1.3737 1.7913, 0.2366 1.3737 1.7909, 0.2266 1.3927 1.7913, 0.2266 1.3927 1.7909, 0.213 1.4079 1.7913, 0.213 1.4079 1.7909, 0.1957 1.4195 1.7913, 0.1957 1.4195 1.7909, 0.1769 1.426 1.7913, 0.1769 1.426 1.7909, 0.2409 1.3023 1.7909, 0.1435 1.2249 1.7909, 0.1435 1.2249 1.7913, 0.1645 1.2268 1.7913, 0.1645 1.2268 1.7909, 0.1861 1.2335 1.7913, 0.1861 1.2335 1.7909, 0.2042 1.2444 1.7913, 0.2042 1.2444 1.7909, 0.2203 1.26 1.7913, 0.2203 1.26 1.7909, 0.2329 1.2795 1.7913, 0.2329 1.2795 1.7909, 0.234 1.2825 1.7913, 0.2409 1.3023 1.7913, 0.0403 1.3676 1.7909, 0.0403 1.3676 1.7913, 0.0429 1.3288 1.7913, 0.0429 1.3288 1.7909, 0.0531 1.2889 1.7913, 0.0531 1.2889 1.7909, 0.0565 1.2825 1.7913, 0.0666 1.2637 1.7909, 0.0666 1.2637 1.7913, 0.0806 1.2478 1.7913, 0.0806 1.2478 1.7909, 0.0977 1.2356 1.7913, 0.0977 1.2356 1.7909, 0.1164 1.2283 1.7913, 0.1164 1.2283 1.7909, 0.1456 1.545 1.7909, 0.1717 1.5476 1.7909, 0.1525 1.5457 1.7913, 0.1717 1.5476 1.7913, 0.1456 1.545 1.7913, 0.1193 1.5359 1.7913, 0.1193 1.5359 1.7909, 0.0975 1.5215 1.7913, 0.0975 1.5215 1.7909, 0.077 1.4997 1.7913, 0.077 1.4997 1.7909, 0.0584 1.4675 1.7913, 0.0584 1.4675 1.7909, 0.0454 1.4244 1.7913, 0.0454 1.4244 1.7909, 0.1926 1.5457 1.7913, 0.1991 1.5451 1.7909, 0.1991 1.5451 1.7913, 0.2172 1.5393 1.7909, 0.2172 1.5393 1.7913, 0.0829 1.3407 1.7909, 0.0862 1.355 1.7909, 0.1104 1.2698 1.7909, 0.1014 1.2785 1.7909, 0.0913 1.294 1.7909, 0.0849 1.3119 1.7909, 0.0826 1.3335 1.7909, 0.0933 1.3686 1.7909, 0.1036 1.3802 1.7909, 0.1149 1.3878 1.7909, 0.1271 1.3922 1.7909, 0.1427 1.3939 1.7909, 0.1526 1.3934 1.7909, 0.1651 1.3905 1.7909, 0.1754 1.3856 1.7909, 0.1839 1.3787 1.7909, 0.1889 1.3729 1.7909, 0.1956 1.3611 1.7909, 0.2 1.346 1.7909, 0.2017 1.3265 1.7909, 0.2003 1.3102 1.7909, 0.196 1.2955 1.7909, 0.1891 1.2829 1.7909, 0.1796 1.2724 1.7909, 0.1694 1.2654 1.7909, 0.1583 1.2613 1.7909, 0.1432 1.2595 1.7909, 0.132 1.2605 1.7909, 0.1205 1.264 1.7909, 0.0826 1.3335 1.7913, 0.0829 1.3407 1.7913, 0.0862 1.355 1.7913, 0.0933 1.3686 1.7913, 0.1036 1.3802 1.7913, 0.1149 1.3878 1.7913, 0.1271 1.3922 1.7913, 0.1427 1.3939 1.7913, 0.1526 1.3934 1.7913, 0.1651 1.3905 1.7913, 0.1754 1.3856 1.7913, 0.1839 1.3787 1.7913, 0.1889 1.3729 1.7913, 0.1956 1.3611 1.7913, 0.2 1.346 1.7913, 0.2017 1.3265 1.7913, 0.2003 1.3102 1.7913, 0.196 1.2955 1.7913, 0.1891 1.2829 1.7913, 0.1796 1.2724 1.7913, 0.1694 1.2654 1.7913, 0.1583 1.2613 1.7913, 0.1432 1.2595 1.7913, 0.132 1.2605 1.7913, 0.1205 1.264 1.7913, 0.1104 1.2698 1.7913, 0.1014 1.2785 1.7913, 0.0913 1.294 1.7913, 0.0849 1.3119 1.7913, -0.0134 1.367 1.7909, -0.0134 1.3363 1.7909, -0.0134 1.367 1.7913, -0.0134 1.3363 1.7913, -0.1325 1.3363 1.7909, -0.1325 1.3363 1.7913, -0.1325 1.367 1.7909, -0.1325 1.367 1.7913, -0.482 1.3825 1.7909, -0.482 1.3825 1.7913, -0.4783 1.3425 1.7913, -0.4783 1.3425 1.7909, -0.4677 1.3084 1.7913, -0.4677 1.3084 1.7909, -0.4523 1.2825 1.7913, -0.4502 1.279 1.7909, -0.4502 1.279 1.7913, -0.4276 1.2556 1.7913, -0.4276 1.2556 1.7909, -0.4018 1.2392 1.7913, -0.4018 1.2392 1.7909, -0.3722 1.229 1.7913, -0.3722 1.229 1.7909, -0.3337 1.2249 1.7913, -0.3337 1.2249 1.7909, -0.3628 1.5446 1.7909, -0.3286 1.5476 1.7909, -0.3509 1.5457 1.7913, -0.3286 1.5476 1.7913, -0.3628 1.5446 1.7913, -0.3946 1.5353 1.7913, -0.3946 1.5353 1.7909, -0.4237 1.5183 1.7913, -0.4237 1.5183 1.7909, -0.4482 1.494 1.7913, -0.4482 1.494 1.7909, -0.4661 1.4645 1.7913, -0.4661 1.4645 1.7909, -0.4777 1.428 1.7913, -0.4777 1.428 1.7909, -0.311 1.5457 1.7913, -0.2905 1.5434 1.7909, -0.2905 1.5434 1.7913, -0.2608 1.5328 1.7909, -0.2608 1.5328 1.7913, -0.2334 1.5144 1.7909, -0.2334 1.5144 1.7913, -0.21 1.4881 1.7909, -0.21 1.4881 1.7913, -0.1936 1.4566 1.7909, -0.1936 1.4566 1.7913, -0.1847 1.4215 1.7909, -0.1847 1.4215 1.7913, -0.1824 1.39 1.7909, -0.1824 1.39 1.7913, -0.2236 1.2695 1.7909, -0.2236 1.2695 1.7913, -0.2146 1.2825 1.7913, -0.2008 1.3026 1.7909, -0.2008 1.3026 1.7913, -0.1884 1.3366 1.7913, -0.1884 1.3366 1.7909, -0.2446 1.2509 1.7909, -0.2446 1.2509 1.7913, -0.2336 1.2597 1.7913, -0.2336 1.2597 1.7909, -0.1821 1.2057 1.7913, -0.1555 1.1865 1.7909, -0.1555 1.1865 1.7913, -0.2228 1.1865 1.7909, -0.2228 1.1865 1.7913, -0.2482 1.2057 1.7913, -0.2829 1.232 1.7909, -0.2829 1.232 1.7913, -0.308 1.2266 1.7913, -0.308 1.2266 1.7909, -0.2381 1.3165 1.7909, -0.2505 1.2965 1.7909, -0.2283 1.3465 1.7909, -0.2247 1.3854 1.7909, -0.2278 1.4226 1.7909, -0.2358 1.451 1.7909, -0.249 1.4746 1.7909, -0.2644 1.491 1.7909, -0.2819 1.5025 1.7909, -0.3027 1.5099 1.7909, -0.3309 1.513 1.7909, -0.3591 1.5097 1.7909, -0.3802 1.5016 1.7909, -0.3991 1.4886 1.7909, -0.4173 1.468 1.7909, -0.4301 1.4434 1.7909, -0.4385 1.4085 1.7909, -0.4398 1.386 1.7909, -0.4364 1.3497 1.7909, -0.4274 1.321 1.7909, -0.414 1.2985 1.7909, -0.3969 1.2808 1.7909, -0.3784 1.2691 1.7909, -0.3566 1.2618 1.7909, -0.3336 1.2595 1.7909, -0.3053 1.2625 1.7909, -0.2834 1.2699 1.7909, -0.2651 1.2816 1.7909, -0.4398 1.386 1.7913, -0.4385 1.4085 1.7913, -0.4301 1.4434 1.7913, -0.4173 1.468 1.7913, -0.3991 1.4886 1.7913, -0.3802 1.5016 1.7913, -0.3591 1.5097 1.7913, -0.3309 1.513 1.7913, -0.3027 1.5099 1.7913, -0.2819 1.5025 1.7913, -0.2644 1.491 1.7913, -0.249 1.4746 1.7913, -0.2358 1.451 1.7913, -0.2278 1.4226 1.7913, -0.2247 1.3854 1.7913, -0.2283 1.3465 1.7913, -0.2381 1.3165 1.7913, -0.2505 1.2965 1.7913, -0.2651 1.2816 1.7913, -0.2834 1.2699 1.7913, -0.3053 1.2625 1.7913, -0.3336 1.2595 1.7913, -0.3566 1.2618 1.7913, -0.3784 1.2691 1.7913, -0.3969 1.2808 1.7913, -0.414 1.2985 1.7913, -0.4274 1.321 1.7913, -0.4364 1.3497 1.7913, -0.5358 1.5351 1.7909, -0.5358 1.5005 1.7909, -0.5358 1.5351 1.7913, -0.5358 1.5005 1.7913, -0.5881 1.513 1.7909, -0.5881 1.513 1.7913, -0.5612 1.5098 1.7913, -0.5612 1.5098 1.7909, -0.6804 1.3836 1.7909, -0.6804 1.3836 1.7913, -0.678 1.4171 1.7913, -0.678 1.4171 1.7909, -0.6684 1.4533 1.7913, -0.6684 1.4533 1.7909, -0.6558 1.4769 1.7913, -0.6558 1.4769 1.7909, -0.6405 1.4941 1.7913, -0.6405 1.4941 1.7909, -0.6249 1.5047 1.7913, -0.6249 1.5047 1.7909, -0.6084 1.5107 1.7913, -0.6084 1.5107 1.7909, -0.6794 1.3836 1.7909, -0.6794 1.3836 1.7913, -0.6072 1.4285 1.7909, -0.6072 1.4285 1.7913, -0.6236 1.4271 1.7913, -0.6236 1.4271 1.7909, -0.6401 1.4224 1.7913, -0.6401 1.4224 1.7909, -0.6551 1.4138 1.7913, -0.6551 1.4138 1.7909, -0.6678 1.4015 1.7913, -0.6678 1.4015 1.7909, -0.5166 1.3308 1.7909, -0.5166 1.3308 1.7913, -0.5176 1.3483 1.7913, -0.5176 1.3483 1.7909, -0.5239 1.3737 1.7913, -0.5239 1.3737 1.7909, -0.5339 1.3927 1.7913, -0.5339 1.3927 1.7909, -0.5475 1.4079 1.7913, -0.5475 1.4079 1.7909, -0.5648 1.4195 1.7913, -0.5648 1.4195 1.7909, -0.5836 1.426 1.7913, -0.5836 1.426 1.7909, -0.5196 1.3023 1.7909, -0.6171 1.2249 1.7909, -0.6171 1.2249 1.7913, -0.596 1.2268 1.7913, -0.596 1.2268 1.7909, -0.5745 1.2335 1.7913, -0.5745 1.2335 1.7909, -0.5563 1.2444 1.7913, -0.5563 1.2444 1.7909, -0.5402 1.26 1.7913, -0.5402 1.26 1.7909, -0.5276 1.2795 1.7913, -0.5276 1.2795 1.7909, -0.5265 1.2825 1.7913, -0.5196 1.3023 1.7913, -0.7202 1.3676 1.7909, -0.7202 1.3676 1.7913, -0.7176 1.3288 1.7913, -0.7176 1.3288 1.7909, -0.7074 1.2889 1.7913, -0.7074 1.2889 1.7909, -0.704 1.2825 1.7913, -0.6939 1.2637 1.7909, -0.6939 1.2637 1.7913, -0.6799 1.2478 1.7913, -0.6799 1.2478 1.7909, -0.6628 1.2356 1.7913, -0.6628 1.2356 1.7909, -0.6441 1.2283 1.7913, -0.6441 1.2283 1.7909, -0.6149 1.545 1.7909, -0.5889 1.5476 1.7909, -0.608 1.5457 1.7913, -0.5889 1.5476 1.7913, -0.6149 1.545 1.7913, -0.6412 1.5359 1.7913, -0.6412 1.5359 1.7909, -0.663 1.5215 1.7913, -0.663 1.5215 1.7909, -0.6835 1.4997 1.7913, -0.6835 1.4997 1.7909, -0.7021 1.4675 1.7913, -0.7021 1.4675 1.7909, -0.7151 1.4244 1.7913, -0.7151 1.4244 1.7909, -0.5679 1.5457 1.7913, -0.5614 1.5451 1.7909, -0.5614 1.5451 1.7913, -0.5433 1.5393 1.7909, -0.5433 1.5393 1.7913, -0.6779 1.3335 1.7909, -0.6776 1.3407 1.7909, -0.6501 1.2698 1.7909, -0.6592 1.2785 1.7909, -0.6693 1.294 1.7909, -0.6756 1.3119 1.7909, -0.6743 1.355 1.7909, -0.6672 1.3686 1.7909, -0.6569 1.3802 1.7909, -0.6456 1.3878 1.7909, -0.6335 1.3922 1.7909, -0.6178 1.3939 1.7909, -0.6079 1.3934 1.7909, -0.5954 1.3905 1.7909, -0.5852 1.3856 1.7909, -0.5766 1.3787 1.7909, -0.5716 1.3729 1.7909, -0.565 1.3611 1.7909, -0.5605 1.346 1.7909, -0.5588 1.3265 1.7909, -0.5602 1.3102 1.7909, -0.5645 1.2955 1.7909, -0.5714 1.2829 1.7909, -0.5809 1.2724 1.7909, -0.5912 1.2654 1.7909, -0.6022 1.2613 1.7909, -0.6174 1.2595 1.7909, -0.6285 1.2605 1.7909, -0.6401 1.264 1.7909, -0.6779 1.3335 1.7913, -0.6776 1.3407 1.7913, -0.6743 1.355 1.7913, -0.6672 1.3686 1.7913, -0.6569 1.3802 1.7913, -0.6456 1.3878 1.7913, -0.6335 1.3922 1.7913, -0.6178 1.3939 1.7913, -0.6079 1.3934 1.7913, -0.5954 1.3905 1.7913, -0.5852 1.3856 1.7913, -0.5766 1.3787 1.7913, -0.5716 1.3729 1.7913, -0.565 1.3611 1.7913, -0.5605 1.346 1.7913, -0.5588 1.3265 1.7913, -0.5602 1.3102 1.7913, -0.5645 1.2955 1.7913, -0.5714 1.2829 1.7913, -0.5809 1.2724 1.7913, -0.5912 1.2654 1.7913, -0.6022 1.2613 1.7913, -0.6174 1.2595 1.7913, -0.6285 1.2605 1.7913, -0.6401 1.264 1.7913, -0.6501 1.2698 1.7913, -0.6592 1.2785 1.7913, -0.6693 1.294 1.7913, -0.6756 1.3119 1.7913, -0.8316 1.2288 1.7909, -0.87 1.2288 1.7909, -0.8316 1.2288 1.7913, -0.87 1.2288 1.7913, -0.87 1.2825 1.7913, -0.87 1.4963 1.7909, -0.87 1.4963 1.7913, -0.9429 1.4592 1.7909, -0.9429 1.4592 1.7913, -0.937 1.4608 1.7913, -0.937 1.4608 1.7909, -0.8991 1.4768 1.7913, -0.8991 1.4768 1.7909, -0.9429 1.4976 1.7909, -0.9429 1.4976 1.7913, -0.8924 1.5181 1.7909, -0.8465 1.5476 1.7909, -0.8465 1.5476 1.7913, -0.8495 1.5457 1.7913, -0.8924 1.5181 1.7913, -0.8316 1.5476 1.7909, -0.8316 1.5476 1.7913, -0.8316 1.5457 1.7913, -0.8316 1.2825 1.7913, -1.1106 1.2288 1.7909, -1.2041 1.2288 1.7909, -1.1106 1.2288 1.7913, -1.2041 1.2288 1.7913, -1.2041 1.2825 1.7913, -1.2041 1.5437 1.7909, -1.2041 1.5437 1.7913, -1.1132 1.5437 1.7909, -1.1132 1.5437 1.7913, -1.0236 1.4714 1.7909, -1.0236 1.4714 1.7913, -1.025 1.4867 1.7913, -1.025 1.4867 1.7909, -1.0298 1.501 1.7913, -1.0298 1.501 1.7909, -1.0375 1.5134 1.7913, -1.0375 1.5134 1.7909, -1.0488 1.5245 1.7913, -1.0488 1.5245 1.7909, -1.0664 1.535 1.7913, -1.0664 1.535 1.7909, -1.0867 1.5413 1.7913, -1.0867 1.5413 1.7909, -1.0782 1.3972 1.7909, -1.0782 1.3972 1.7913, -1.058 1.4067 1.7913, -1.058 1.4067 1.7909, -1.0434 1.419 1.7913, -1.0434 1.419 1.7909, -1.0323 1.4349 1.7913, -1.0323 1.4349 1.7909, -1.026 1.4515 1.7913, -1.026 1.4515 1.7909, -1.0782 1.3963 1.7909, -1.0782 1.3963 1.7913, -1.0082 1.3197 1.7909, -1.0082 1.3197 1.7913, -1.0107 1.341 1.7913, -1.0107 1.341 1.7909, -1.0169 1.3575 1.7913, -1.0169 1.3575 1.7909, -1.0275 1.3722 1.7913, -1.0275 1.3722 1.7909, -1.0412 1.3837 1.7913, -1.0412 1.3837 1.7909, -1.0576 1.3917 1.7913, -1.0576 1.3917 1.7909, -1.0109 1.2963 1.7909, -1.094 1.2297 1.7913, -1.094 1.2297 1.7909, -1.0666 1.2362 1.7913, -1.0666 1.2362 1.7909, -1.0459 1.2469 1.7913, -1.0459 1.2469 1.7909, -1.0288 1.262 1.7913, -1.0288 1.262 1.7909, -1.0175 1.2785 1.7913, -1.0175 1.2785 1.7909, -1.016 1.2825 1.7913, -1.0109 1.2963 1.7913, -1.0961 1.4149 1.7909, -1.1095 1.4108 1.7909, -1.1619 1.4093 1.7909, -1.1619 1.3747 1.7909, -1.1264 1.4093 1.7909, -1.1213 1.3747 1.7909, -1.0923 1.3718 1.7909, -1.0765 1.3662 1.7909, -1.0678 1.3607 1.7909, -1.0604 1.3533 1.7909, -1.0553 1.3446 1.7909, -1.0518 1.3341 1.7909, -1.1619 1.2633 1.7909, -1.1148 1.2633 1.7909, -1.0965 1.2649 1.7909, -1.0825 1.2689 1.7909, -1.0714 1.275 1.7909, -1.0627 1.2829 1.7909, -1.0566 1.2919 1.7909, -1.0525 1.3026 1.7909, -1.0506 1.3156 1.7909, -1.0505 1.3199 1.7909, -1.1619 1.5092 1.7909, -1.1229 1.5092 1.7909, -1.103 1.5075 1.7909, -1.0892 1.5033 1.7909, -1.0805 1.4982 1.7909, -1.0741 1.4918 1.7909, -1.0697 1.4846 1.7909, -1.067 1.4757 1.7909, -1.0659 1.4641 1.7909, -1.0659 1.4639 1.7909, -1.0676 1.4486 1.7909, -1.0714 1.4377 1.7909, -1.0774 1.4285 1.7909, -1.0857 1.4207 1.7909, -1.1229 1.5092 1.7913, -1.1619 1.5092 1.7913, -1.103 1.5075 1.7913, -1.0892 1.5033 1.7913, -1.0805 1.4982 1.7913, -1.0741 1.4918 1.7913, -1.0697 1.4846 1.7913, -1.067 1.4757 1.7913, -1.0659 1.4641 1.7913, -1.0659 1.4639 1.7913, -1.0676 1.4486 1.7913, -1.0714 1.4377 1.7913, -1.0774 1.4285 1.7913, -1.0857 1.4207 1.7913, -1.0961 1.4149 1.7913, -1.1095 1.4108 1.7913, -1.1264 1.4093 1.7913, -1.1619 1.4093 1.7913, -1.1213 1.3747 1.7913, -1.1619 1.3747 1.7913, -1.0923 1.3718 1.7913, -1.0765 1.3662 1.7913, -1.0678 1.3607 1.7913, -1.0604 1.3533 1.7913, -1.0553 1.3446 1.7913, -1.0518 1.3341 1.7913, -1.0505 1.3199 1.7913, -1.0506 1.3156 1.7913, -1.0525 1.3026 1.7913, -1.0566 1.2919 1.7913, -1.0627 1.2829 1.7913, -1.0714 1.275 1.7913, -1.0825 1.2689 1.7913, -1.0965 1.2649 1.7913, -1.1148 1.2633 1.7913, -1.1619 1.2633 1.7913
            ]
        }
        coordIndex [
            0,1,2,-1,0,2,3,-1,3,2,4,-1,3,4,5,-1,5,4,6,-1,5,6,7,-1,6,8,7,-1,7,8,9,-1,7,9,10,-1,10,9,11,-1,10,11,12,-1,12,11,13,-1,12,13,14,-1,14,13,15,-1,14,15,16,-1,17,18,19,-1,19,18,20,-1,19,21,17,-1,17,21,22,-1,17,22,23,-1,23,22,24,-1,23,24,25,-1,25,24,26,-1,25,26,27,-1,27,26,28,-1,27,28,29,-1,29,28,30,-1,29,30,31,-1,31,30,1,-1,31,1,0,-1,20,18,32,-1,32,18,33,-1,32,33,34,-1,34,33,35,-1,34,35,36,-1,36,35,37,-1,36,37,38,-1,38,37,39,-1,38,39,40,-1,40,39,41,-1,40,41,42,-1,42,41,43,-1,42,43,44,-1,44,43,45,-1,44,45,46,-1,16,15,47,-1,16,47,48,-1,48,47,49,-1,48,49,50,-1,50,49,51,-1,50,51,52,-1,52,51,53,-1,52,53,54,-1,54,53,55,-1,54,55,56,-1,55,57,56,-1,56,57,58,-1,56,58,59,-1,59,58,46,-1,59,46,45,-1,60,41,61,-1,61,41,39,-1,61,39,62,-1,62,39,37,-1,62,37,63,-1,63,37,35,-1,63,35,64,-1,64,35,33,-1,64,33,65,-1,65,33,66,-1,66,33,18,-1,66,18,67,-1,67,18,17,-1,67,17,68,-1,68,17,23,-1,68,23,69,-1,69,23,25,-1,69,25,70,-1,70,25,27,-1,70,27,71,-1,71,27,29,-1,71,29,72,-1,72,29,31,-1,72,31,73,-1,73,31,0,-1,73,0,74,-1,74,0,3,-1,74,3,75,-1,75,3,5,-1,75,5,76,-1,76,5,7,-1,76,7,77,-1,77,7,10,-1,77,10,78,-1,78,10,12,-1,78,12,79,-1,79,12,14,-1,79,14,80,-1,80,14,16,-1,80,16,81,-1,81,16,48,-1,81,48,82,-1,82,48,50,-1,82,50,83,-1,83,50,52,-1,83,52,84,-1,84,52,54,-1,84,54,85,-1,85,54,56,-1,85,56,86,-1,86,56,59,-1,86,59,87,-1,87,59,45,-1,87,45,60,-1,60,45,43,-1,60,43,41,-1,73,88,89,-1,73,89,72,-1,72,89,90,-1,72,90,71,-1,71,90,91,-1,71,91,70,-1,70,91,92,-1,70,92,69,-1,69,92,93,-1,69,93,68,-1,68,93,94,-1,68,94,67,-1,67,94,95,-1,67,95,66,-1,66,95,96,-1,66,96,65,-1,65,96,97,-1,65,97,64,-1,64,97,98,-1,64,98,63,-1,63,98,99,-1,63,99,62,-1,62,99,100,-1,62,100,61,-1,61,100,101,-1,61,101,60,-1,60,101,102,-1,60,102,87,-1,87,102,103,-1,87,103,86,-1,86,103,104,-1,86,104,85,-1,85,104,105,-1,85,105,84,-1,84,105,106,-1,84,106,83,-1,83,106,107,-1,83,107,82,-1,82,107,108,-1,82,108,81,-1,81,108,109,-1,81,109,80,-1,80,109,110,-1,80,110,79,-1,79,110,111,-1,79,111,78,-1,78,111,112,-1,78,112,77,-1,77,112,113,-1,77,113,76,-1,76,113,114,-1,76,114,75,-1,75,114,115,-1,75,115,74,-1,74,115,88,-1,74,88,73,-1,116,117,118,-1,118,117,119,-1,119,117,120,-1,120,117,121,-1,120,121,122,-1,123,124,125,-1,123,125,126,-1,126,125,127,-1,126,127,128,-1,128,127,122,-1,128,122,121,-1,123,129,124,-1,124,129,130,-1,130,129,131,-1,132,133,134,-1,132,134,131,-1,131,134,135,-1,131,135,130,-1,132,136,133,-1,133,136,137,-1,138,137,136,-1,138,136,139,-1,139,136,116,-1,139,116,118,-1,117,116,121,-1,121,116,136,-1,136,132,121,-1,121,132,131,-1,121,131,128,-1,128,131,129,-1,128,129,126,-1,126,129,123,-1,140,141,142,-1,140,142,143,-1,143,142,144,-1,143,144,145,-1,145,144,146,-1,145,146,147,-1,146,148,147,-1,147,148,149,-1,147,149,150,-1,150,149,151,-1,150,151,152,-1,152,151,153,-1,152,153,154,-1,154,153,155,-1,154,155,156,-1,157,158,159,-1,159,158,160,-1,159,161,157,-1,157,161,162,-1,157,162,163,-1,163,162,164,-1,163,164,165,-1,165,164,166,-1,165,166,167,-1,167,166,168,-1,167,168,169,-1,169,168,170,-1,169,170,171,-1,171,170,141,-1,171,141,140,-1,160,158,172,-1,172,158,173,-1,172,173,174,-1,174,173,175,-1,174,175,176,-1,176,175,177,-1,176,177,178,-1,178,177,179,-1,178,179,180,-1,180,179,181,-1,180,181,182,-1,182,181,183,-1,182,183,184,-1,184,183,185,-1,184,185,186,-1,156,155,187,-1,156,187,188,-1,188,187,189,-1,188,189,190,-1,190,189,191,-1,190,191,192,-1,192,191,193,-1,192,193,194,-1,194,193,195,-1,194,195,196,-1,195,197,196,-1,196,197,198,-1,196,198,199,-1,199,198,186,-1,199,186,185,-1,200,181,201,-1,201,181,179,-1,201,179,202,-1,202,179,177,-1,202,177,203,-1,203,177,175,-1,203,175,204,-1,204,175,173,-1,204,173,205,-1,205,173,206,-1,206,173,158,-1,206,158,207,-1,207,158,157,-1,207,157,208,-1,208,157,163,-1,208,163,209,-1,209,163,165,-1,209,165,210,-1,210,165,167,-1,210,167,211,-1,211,167,169,-1,211,169,212,-1,212,169,171,-1,212,171,213,-1,213,171,140,-1,213,140,214,-1,214,140,143,-1,214,143,215,-1,215,143,145,-1,215,145,216,-1,216,145,147,-1,216,147,217,-1,217,147,150,-1,217,150,218,-1,218,150,152,-1,218,152,219,-1,219,152,154,-1,219,154,220,-1,220,154,156,-1,220,156,221,-1,221,156,188,-1,221,188,222,-1,222,188,190,-1,222,190,223,-1,223,190,192,-1,223,192,224,-1,224,192,194,-1,224,194,225,-1,225,194,196,-1,225,196,226,-1,226,196,199,-1,226,199,227,-1,227,199,185,-1,227,185,200,-1,200,185,183,-1,200,183,181,-1,213,228,229,-1,213,229,212,-1,212,229,230,-1,212,230,211,-1,211,230,231,-1,211,231,210,-1,210,231,232,-1,210,232,209,-1,209,232,233,-1,209,233,208,-1,208,233,234,-1,208,234,207,-1,207,234,235,-1,207,235,206,-1,206,235,236,-1,206,236,205,-1,205,236,237,-1,205,237,204,-1,204,237,238,-1,204,238,203,-1,203,238,239,-1,203,239,202,-1,202,239,240,-1,202,240,201,-1,201,240,241,-1,201,241,200,-1,200,241,242,-1,200,242,227,-1,227,242,243,-1,227,243,226,-1,226,243,244,-1,226,244,225,-1,225,244,245,-1,225,245,224,-1,224,245,246,-1,224,246,223,-1,223,246,247,-1,223,247,222,-1,222,247,248,-1,222,248,221,-1,221,248,249,-1,221,249,220,-1,220,249,250,-1,220,250,219,-1,219,250,251,-1,219,251,218,-1,218,251,252,-1,218,252,217,-1,217,252,253,-1,217,253,216,-1,216,253,254,-1,216,254,215,-1,215,254,255,-1,215,255,214,-1,214,255,228,-1,214,228,213,-1,256,257,258,-1,258,257,259,-1,260,261,262,-1,260,262,263,-1,263,262,259,-1,263,259,257,-1,264,265,266,-1,264,266,267,-1,267,266,268,-1,267,268,269,-1,269,268,270,-1,269,270,271,-1,271,270,272,-1,271,272,273,-1,273,272,274,-1,273,274,275,-1,275,274,276,-1,275,276,277,-1,277,276,261,-1,277,261,260,-1,264,278,265,-1,265,278,279,-1,280,281,282,-1,280,282,283,-1,283,282,284,-1,283,284,285,-1,285,284,286,-1,285,286,287,-1,287,286,288,-1,287,288,289,-1,289,288,279,-1,289,279,278,-1,290,291,292,-1,290,292,293,-1,293,292,294,-1,293,294,295,-1,295,294,296,-1,295,296,297,-1,297,296,298,-1,297,298,299,-1,299,298,300,-1,299,300,301,-1,301,300,302,-1,301,302,303,-1,303,302,281,-1,303,281,280,-1,291,290,304,-1,305,306,307,-1,305,307,308,-1,308,307,309,-1,308,309,310,-1,310,309,311,-1,310,311,312,-1,312,311,313,-1,312,313,314,-1,314,313,315,-1,314,315,316,-1,316,315,317,-1,316,317,304,-1,304,317,318,-1,304,318,291,-1,319,320,321,-1,319,321,322,-1,322,321,323,-1,322,323,324,-1,324,323,325,-1,324,325,326,-1,325,327,326,-1,326,327,328,-1,326,328,329,-1,329,328,330,-1,329,330,331,-1,331,330,332,-1,331,332,333,-1,333,332,306,-1,333,306,305,-1,334,335,336,-1,336,335,337,-1,336,338,334,-1,334,338,339,-1,334,339,340,-1,340,339,341,-1,340,341,342,-1,342,341,343,-1,342,343,344,-1,344,343,345,-1,344,345,346,-1,346,345,347,-1,346,347,348,-1,348,347,320,-1,348,320,319,-1,337,335,349,-1,349,335,350,-1,349,350,351,-1,351,350,352,-1,351,352,353,-1,353,352,256,-1,353,256,258,-1,354,355,322,-1,319,264,267,-1,257,256,352,-1,257,352,263,-1,263,352,350,-1,263,350,260,-1,260,350,335,-1,260,335,277,-1,277,335,334,-1,277,334,275,-1,275,334,340,-1,275,340,273,-1,273,340,342,-1,273,342,271,-1,271,342,344,-1,271,344,269,-1,269,344,346,-1,269,346,267,-1,267,346,348,-1,267,348,319,-1,331,356,329,-1,329,356,357,-1,329,357,326,-1,326,357,358,-1,326,358,324,-1,324,358,359,-1,324,359,322,-1,322,359,360,-1,322,360,354,-1,319,322,264,-1,264,322,355,-1,264,355,278,-1,278,355,361,-1,278,361,289,-1,289,361,362,-1,289,362,287,-1,287,362,363,-1,287,363,285,-1,285,363,364,-1,285,364,283,-1,283,364,365,-1,283,365,280,-1,280,365,366,-1,280,366,303,-1,303,366,367,-1,303,367,301,-1,301,367,368,-1,301,368,299,-1,299,368,369,-1,299,369,297,-1,297,369,370,-1,297,370,295,-1,295,370,371,-1,295,371,293,-1,293,371,372,-1,293,372,290,-1,290,372,373,-1,290,373,304,-1,304,373,374,-1,304,374,316,-1,316,374,375,-1,316,375,314,-1,314,375,376,-1,314,376,312,-1,312,376,377,-1,312,377,310,-1,310,377,378,-1,310,378,308,-1,308,378,379,-1,308,379,305,-1,305,379,380,-1,305,380,333,-1,333,380,381,-1,333,381,331,-1,331,381,382,-1,331,382,356,-1,360,383,384,-1,360,384,354,-1,354,384,385,-1,354,385,355,-1,355,385,386,-1,355,386,361,-1,361,386,387,-1,361,387,362,-1,362,387,388,-1,362,388,363,-1,363,388,389,-1,363,389,364,-1,364,389,390,-1,364,390,365,-1,365,390,391,-1,365,391,366,-1,366,391,392,-1,366,392,367,-1,367,392,393,-1,367,393,368,-1,368,393,394,-1,368,394,369,-1,369,394,395,-1,369,395,370,-1,370,395,396,-1,370,396,371,-1,371,396,397,-1,371,397,372,-1,372,397,398,-1,372,398,373,-1,373,398,399,-1,373,399,374,-1,374,399,400,-1,374,400,375,-1,375,400,401,-1,375,401,376,-1,376,401,402,-1,376,402,377,-1,377,402,403,-1,377,403,378,-1,378,403,404,-1,378,404,379,-1,379,404,405,-1,379,405,380,-1,380,405,406,-1,380,406,381,-1,381,406,407,-1,381,407,382,-1,382,407,408,-1,382,408,356,-1,356,408,409,-1,356,409,357,-1,357,409,410,-1,357,410,358,-1,358,410,411,-1,358,411,359,-1,359,411,383,-1,359,383,360,-1,412,413,414,-1,414,413,415,-1,413,416,415,-1,415,416,417,-1,416,418,417,-1,417,418,419,-1,418,412,419,-1,419,412,414,-1,418,416,412,-1,412,416,413,-1,420,421,422,-1,420,422,423,-1,423,422,424,-1,423,424,425,-1,425,424,426,-1,425,426,427,-1,426,428,427,-1,427,428,429,-1,427,429,430,-1,430,429,431,-1,430,431,432,-1,432,431,433,-1,432,433,434,-1,434,433,435,-1,434,435,436,-1,437,438,439,-1,439,438,440,-1,439,441,437,-1,437,441,442,-1,437,442,443,-1,443,442,444,-1,443,444,445,-1,445,444,446,-1,445,446,447,-1,447,446,448,-1,447,448,449,-1,449,448,450,-1,449,450,451,-1,451,450,421,-1,451,421,420,-1,440,438,452,-1,452,438,453,-1,452,453,454,-1,454,453,455,-1,454,455,456,-1,456,455,457,-1,456,457,458,-1,458,457,459,-1,458,459,460,-1,460,459,461,-1,460,461,462,-1,462,461,463,-1,462,463,464,-1,464,463,465,-1,464,465,466,-1,467,468,469,-1,467,469,470,-1,469,471,470,-1,470,471,472,-1,470,472,473,-1,473,472,466,-1,473,466,465,-1,474,475,476,-1,474,476,477,-1,477,476,468,-1,477,468,467,-1,475,474,478,-1,478,474,479,-1,478,479,480,-1,479,481,480,-1,480,481,482,-1,482,481,483,-1,483,481,484,-1,483,484,485,-1,436,435,486,-1,436,486,487,-1,487,486,485,-1,487,485,484,-1,481,479,484,-1,484,479,474,-1,484,474,487,-1,474,488,489,-1,488,474,490,-1,490,474,477,-1,490,477,467,-1,467,470,490,-1,490,470,473,-1,490,473,491,-1,491,473,465,-1,491,465,492,-1,492,465,463,-1,492,463,493,-1,493,463,461,-1,493,461,494,-1,494,461,459,-1,494,459,495,-1,495,459,457,-1,495,457,496,-1,496,457,455,-1,496,455,497,-1,497,455,453,-1,497,453,498,-1,498,453,438,-1,498,438,499,-1,499,438,437,-1,499,437,500,-1,500,437,443,-1,500,443,501,-1,501,443,445,-1,501,445,502,-1,502,445,447,-1,502,447,503,-1,503,447,449,-1,503,449,504,-1,504,449,451,-1,504,451,505,-1,505,451,420,-1,505,420,506,-1,506,420,423,-1,506,423,507,-1,507,423,425,-1,507,425,508,-1,508,425,427,-1,508,427,509,-1,509,427,430,-1,509,430,510,-1,510,430,432,-1,510,432,511,-1,511,432,434,-1,511,434,512,-1,512,434,436,-1,512,436,513,-1,513,436,487,-1,513,487,514,-1,514,487,474,-1,514,474,515,-1,515,474,489,-1,505,516,517,-1,505,517,504,-1,504,517,518,-1,504,518,503,-1,503,518,519,-1,503,519,502,-1,502,519,520,-1,502,520,501,-1,501,520,521,-1,501,521,500,-1,500,521,522,-1,500,522,499,-1,499,522,523,-1,499,523,498,-1,498,523,524,-1,498,524,497,-1,497,524,525,-1,497,525,496,-1,496,525,526,-1,496,526,495,-1,495,526,527,-1,495,527,494,-1,494,527,528,-1,494,528,493,-1,493,528,529,-1,493,529,492,-1,492,529,530,-1,492,530,491,-1,491,530,531,-1,491,531,490,-1,490,531,532,-1,490,532,488,-1,488,532,533,-1,488,533,489,-1,489,533,534,-1,489,534,515,-1,515,534,535,-1,515,535,514,-1,514,535,536,-1,514,536,513,-1,513,536,537,-1,513,537,512,-1,512,537,538,-1,512,538,511,-1,511,538,539,-1,511,539,510,-1,510,539,540,-1,510,540,509,-1,509,540,541,-1,509,541,508,-1,508,541,542,-1,508,542,507,-1,507,542,543,-1,507,543,506,-1,506,543,516,-1,506,516,505,-1,544,545,546,-1,546,545,547,-1,548,549,550,-1,548,550,551,-1,551,550,547,-1,551,547,545,-1,552,553,554,-1,552,554,555,-1,555,554,556,-1,555,556,557,-1,557,556,558,-1,557,558,559,-1,559,558,560,-1,559,560,561,-1,561,560,562,-1,561,562,563,-1,563,562,564,-1,563,564,565,-1,565,564,549,-1,565,549,548,-1,552,566,553,-1,553,566,567,-1,568,569,570,-1,568,570,571,-1,571,570,572,-1,571,572,573,-1,573,572,574,-1,573,574,575,-1,575,574,576,-1,575,576,577,-1,577,576,567,-1,577,567,566,-1,578,579,580,-1,578,580,581,-1,581,580,582,-1,581,582,583,-1,583,582,584,-1,583,584,585,-1,585,584,586,-1,585,586,587,-1,587,586,588,-1,587,588,589,-1,589,588,590,-1,589,590,591,-1,591,590,569,-1,591,569,568,-1,579,578,592,-1,593,594,595,-1,593,595,596,-1,596,595,597,-1,596,597,598,-1,598,597,599,-1,598,599,600,-1,600,599,601,-1,600,601,602,-1,602,601,603,-1,602,603,604,-1,604,603,605,-1,604,605,592,-1,592,605,606,-1,592,606,579,-1,607,608,609,-1,607,609,610,-1,610,609,611,-1,610,611,612,-1,612,611,613,-1,612,613,614,-1,613,615,614,-1,614,615,616,-1,614,616,617,-1,617,616,618,-1,617,618,619,-1,619,618,620,-1,619,620,621,-1,621,620,594,-1,621,594,593,-1,622,623,624,-1,624,623,625,-1,624,626,622,-1,622,626,627,-1,622,627,628,-1,628,627,629,-1,628,629,630,-1,630,629,631,-1,630,631,632,-1,632,631,633,-1,632,633,634,-1,634,633,635,-1,634,635,636,-1,636,635,608,-1,636,608,607,-1,625,623,637,-1,637,623,638,-1,637,638,639,-1,639,638,640,-1,639,640,641,-1,641,640,544,-1,641,544,546,-1,566,642,643,-1,610,552,607,-1,607,552,555,-1,545,544,640,-1,545,640,551,-1,551,640,638,-1,551,638,548,-1,548,638,623,-1,548,623,565,-1,565,623,622,-1,565,622,563,-1,563,622,628,-1,563,628,561,-1,561,628,630,-1,561,630,559,-1,559,630,632,-1,559,632,557,-1,557,632,634,-1,557,634,555,-1,555,634,636,-1,555,636,607,-1,619,644,617,-1,617,644,645,-1,617,645,614,-1,614,645,646,-1,614,646,612,-1,612,646,647,-1,612,647,610,-1,610,647,642,-1,610,642,552,-1,552,642,566,-1,643,648,566,-1,566,648,649,-1,566,649,577,-1,577,649,650,-1,577,650,575,-1,575,650,651,-1,575,651,573,-1,573,651,652,-1,573,652,571,-1,571,652,653,-1,571,653,568,-1,568,653,654,-1,568,654,591,-1,591,654,655,-1,591,655,589,-1,589,655,656,-1,589,656,587,-1,587,656,657,-1,587,657,585,-1,585,657,658,-1,585,658,583,-1,583,658,659,-1,583,659,581,-1,581,659,660,-1,581,660,578,-1,578,660,661,-1,578,661,592,-1,592,661,662,-1,592,662,604,-1,604,662,663,-1,604,663,602,-1,602,663,664,-1,602,664,600,-1,600,664,665,-1,600,665,598,-1,598,665,666,-1,598,666,596,-1,596,666,667,-1,596,667,593,-1,593,667,668,-1,593,668,621,-1,621,668,669,-1,621,669,619,-1,619,669,670,-1,619,670,644,-1,642,671,672,-1,642,672,643,-1,643,672,673,-1,643,673,648,-1,648,673,674,-1,648,674,649,-1,649,674,675,-1,649,675,650,-1,650,675,676,-1,650,676,651,-1,651,676,677,-1,651,677,652,-1,652,677,678,-1,652,678,653,-1,653,678,679,-1,653,679,654,-1,654,679,680,-1,654,680,655,-1,655,680,681,-1,655,681,656,-1,656,681,682,-1,656,682,657,-1,657,682,683,-1,657,683,658,-1,658,683,684,-1,658,684,659,-1,659,684,685,-1,659,685,660,-1,660,685,686,-1,660,686,661,-1,661,686,687,-1,661,687,662,-1,662,687,688,-1,662,688,663,-1,663,688,689,-1,663,689,664,-1,664,689,690,-1,664,690,665,-1,665,690,691,-1,665,691,666,-1,666,691,692,-1,666,692,667,-1,667,692,693,-1,667,693,668,-1,668,693,694,-1,668,694,669,-1,669,694,695,-1,669,695,670,-1,670,695,696,-1,670,696,644,-1,644,696,697,-1,644,697,645,-1,645,697,698,-1,645,698,646,-1,646,698,699,-1,646,699,647,-1,647,699,671,-1,647,671,642,-1,700,701,702,-1,702,701,703,-1,703,701,704,-1,704,701,705,-1,704,705,706,-1,707,708,709,-1,707,709,710,-1,710,709,711,-1,710,711,712,-1,712,711,706,-1,712,706,705,-1,707,713,708,-1,708,713,714,-1,714,713,715,-1,716,717,718,-1,716,718,715,-1,715,718,719,-1,715,719,714,-1,716,720,717,-1,717,720,721,-1,722,721,720,-1,722,720,723,-1,723,720,700,-1,723,700,702,-1,701,700,705,-1,705,700,720,-1,720,716,705,-1,705,716,715,-1,705,715,712,-1,712,715,713,-1,712,713,710,-1,710,713,707,-1,724,725,726,-1,726,725,727,-1,727,725,728,-1,728,725,729,-1,728,729,730,-1,729,731,730,-1,730,731,732,-1,733,734,735,-1,733,735,736,-1,736,735,737,-1,736,737,738,-1,738,737,739,-1,738,739,740,-1,740,739,741,-1,740,741,742,-1,742,741,743,-1,742,743,744,-1,744,743,745,-1,744,745,746,-1,746,745,732,-1,746,732,731,-1,747,748,749,-1,747,749,750,-1,750,749,751,-1,750,751,752,-1,752,751,753,-1,752,753,754,-1,754,753,755,-1,754,755,756,-1,756,755,734,-1,756,734,733,-1,747,757,748,-1,748,757,758,-1,759,760,761,-1,759,761,762,-1,762,761,763,-1,762,763,764,-1,764,763,765,-1,764,765,766,-1,766,765,767,-1,766,767,768,-1,768,767,769,-1,768,769,770,-1,770,769,758,-1,770,758,757,-1,760,759,771,-1,724,726,772,-1,724,772,773,-1,773,772,774,-1,773,774,775,-1,775,774,776,-1,775,776,777,-1,777,776,778,-1,777,778,779,-1,779,778,780,-1,779,780,781,-1,781,780,782,-1,781,782,771,-1,771,782,783,-1,771,783,760,-1,784,785,747,-1,786,787,788,-1,788,787,789,-1,788,789,785,-1,747,785,757,-1,785,789,757,-1,757,789,790,-1,757,790,770,-1,770,790,791,-1,770,791,768,-1,768,791,792,-1,768,792,766,-1,766,792,793,-1,766,793,764,-1,764,793,794,-1,764,794,762,-1,762,794,795,-1,762,795,759,-1,796,725,797,-1,797,725,724,-1,797,724,798,-1,798,724,773,-1,798,773,799,-1,799,773,775,-1,799,775,800,-1,800,775,777,-1,800,777,801,-1,801,777,779,-1,801,779,802,-1,802,779,781,-1,802,781,803,-1,803,781,771,-1,803,771,804,-1,804,771,759,-1,804,759,805,-1,805,759,795,-1,796,787,725,-1,725,787,786,-1,725,786,729,-1,729,786,806,-1,729,806,731,-1,731,806,807,-1,731,807,746,-1,746,807,808,-1,746,808,744,-1,744,808,809,-1,744,809,742,-1,742,809,810,-1,742,810,740,-1,740,810,811,-1,740,811,738,-1,738,811,812,-1,738,812,736,-1,736,812,813,-1,736,813,733,-1,733,813,814,-1,733,814,756,-1,756,814,815,-1,756,815,754,-1,754,815,816,-1,754,816,752,-1,752,816,817,-1,752,817,750,-1,750,817,818,-1,750,818,747,-1,747,818,819,-1,747,819,784,-1,807,806,820,-1,820,806,821,-1,807,820,822,-1,807,822,808,-1,808,822,823,-1,808,823,809,-1,809,823,824,-1,809,824,810,-1,810,824,825,-1,810,825,811,-1,811,825,826,-1,811,826,812,-1,812,826,827,-1,812,827,813,-1,813,827,828,-1,813,828,814,-1,814,828,829,-1,814,829,815,-1,815,829,830,-1,815,830,816,-1,816,830,831,-1,816,831,817,-1,817,831,832,-1,817,832,818,-1,818,832,833,-1,818,833,819,-1,819,833,834,-1,819,834,784,-1,784,834,835,-1,784,835,785,-1,785,835,836,-1,785,836,788,-1,786,788,837,-1,837,788,836,-1,806,786,821,-1,821,786,837,-1,789,787,838,-1,838,787,839,-1,789,838,840,-1,789,840,790,-1,790,840,841,-1,790,841,791,-1,791,841,842,-1,791,842,792,-1,792,842,843,-1,792,843,793,-1,793,843,844,-1,793,844,794,-1,794,844,845,-1,794,845,795,-1,795,845,846,-1,795,846,805,-1,805,846,847,-1,805,847,804,-1,804,847,848,-1,804,848,803,-1,803,848,849,-1,803,849,802,-1,802,849,850,-1,802,850,801,-1,801,850,851,-1,801,851,800,-1,800,851,852,-1,800,852,799,-1,799,852,853,-1,799,853,798,-1,798,853,854,-1,798,854,797,-1,796,797,855,-1,855,797,854,-1,787,796,839,-1,839,796,855,-1,
        ]
    }
}
Shape{
    appearance Appearance {
        material  Material 	{
            diffuseColor 0.25098039215686274 0.25098039215686274 0.25098039215686274
            specularColor 0.12549019607843137 0.12549019607843137 0.12549019607843137
            ambientIntensity 0.251
            transparency 0.0
            shininess 0.5
        }
    }
    geometry IndexedFaceSet {
        ccw TRUE
        solid FALSE
        coord DEF co Coordinate {
            point [
                -1.0676 1.4486 1.7913, -1.0659 1.4639 1.7913, -1.1229 1.5092 1.7913, -1.1619 1.5092 1.7913, -1.1619 1.4093 1.7913, -1.1264 1.4093 1.7913, -1.0659 1.4641 1.7913, -1.067 1.4757 1.7913, -1.103 1.5075 1.7913, -1.1095 1.4108 1.7913, -1.0961 1.4149 1.7913, -1.0857 1.4207 1.7913, -1.0741 1.4918 1.7913, -1.0805 1.4982 1.7913, -1.0892 1.5033 1.7913, -1.0774 1.4285 1.7913, -1.0714 1.4377 1.7913, -1.0697 1.4846 1.7913
            ]
        }
        coordIndex [
            0,1,2,-1,3,4,2,-1,2,4,5,-1,1,6,2,-1,2,6,7,-1,2,7,8,-1,5,9,2,-1,2,9,10,-1,2,10,11,-1,12,13,14,-1,11,15,2,-1,2,15,16,-1,2,16,0,-1,8,7,14,-1,14,7,17,-1,14,17,12,-1,
        ]
    }
}
Shape{
    appearance Appearance {
        material  Material 	{
            diffuseColor 0.0 0.0 0.0
            specularColor 0.0 0.0 0.0
            ambientIntensity 0.0
            transparency 0.0
            shininess 0.5
        }
    }
    geometry IndexedFaceSet {
        ccw TRUE
        solid FALSE
        coord DEF co Coordinate {
            point [
                -1.2502 1.5437 1.7909, -1.2502 1.5092 1.7909, -1.2502 1.5437 1.7913, -1.2502 1.5092 1.7913, -1.3424 1.5092 1.7909, -1.3424 1.5092 1.7913, -1.3424 1.2825 1.7913, -1.3424 1.2288 1.7909, -1.3424 1.2288 1.7913, -1.3847 1.2288 1.7909, -1.3847 1.2288 1.7913, -1.3847 1.2825 1.7913, -1.3847 1.5092 1.7909, -1.3847 1.5092 1.7913, -1.473 1.5092 1.7909, -1.473 1.5092 1.7913, -1.473 1.5437 1.7909, -1.473 1.5437 1.7913, -1.6099 1.2288 1.7909, -1.7035 1.2288 1.7909, -1.6099 1.2288 1.7913, -1.7035 1.2288 1.7913, -1.7035 1.2825 1.7913, -1.7035 1.5437 1.7909, -1.7035 1.5437 1.7913, -1.6125 1.5437 1.7909, -1.6125 1.5437 1.7913, -1.5229 1.4714 1.7909, -1.5229 1.4714 1.7913, -1.5244 1.4867 1.7913, -1.5244 1.4867 1.7909, -1.5291 1.501 1.7913, -1.5291 1.501 1.7909, -1.5368 1.5134 1.7913, -1.5368 1.5134 1.7909, -1.5481 1.5245 1.7913, -1.5481 1.5245 1.7909, -1.5657 1.535 1.7913, -1.5657 1.535 1.7909, -1.586 1.5413 1.7913, -1.586 1.5413 1.7909, -1.5776 1.3972 1.7909, -1.5776 1.3972 1.7913, -1.5573 1.4067 1.7913, -1.5573 1.4067 1.7909, -1.5427 1.419 1.7913, -1.5427 1.419 1.7909, -1.5316 1.4349 1.7913, -1.5316 1.4349 1.7909, -1.5253 1.4515 1.7913, -1.5253 1.4515 1.7909, -1.5776 1.3963 1.7909, -1.5776 1.3963 1.7913, -1.5076 1.3197 1.7909, -1.5076 1.3197 1.7913, -1.51 1.341 1.7913, -1.51 1.341 1.7909, -1.5163 1.3575 1.7913, -1.5163 1.3575 1.7909, -1.5268 1.3722 1.7913, -1.5268 1.3722 1.7909, -1.5405 1.3837 1.7913, -1.5405 1.3837 1.7909, -1.5569 1.3917 1.7913, -1.5569 1.3917 1.7909, -1.5103 1.2963 1.7909, -1.5934 1.2297 1.7913, -1.5934 1.2297 1.7909, -1.5659 1.2362 1.7913, -1.5659 1.2362 1.7909, -1.5452 1.2469 1.7913, -1.5452 1.2469 1.7909, -1.5282 1.262 1.7913, -1.5282 1.262 1.7909, -1.5169 1.2785 1.7913, -1.5169 1.2785 1.7909, -1.5154 1.2825 1.7913, -1.5103 1.2963 1.7913, -1.5954 1.4149 1.7909, -1.6088 1.4108 1.7909, -1.6612 1.4093 1.7909, -1.6612 1.3747 1.7909, -1.6257 1.4093 1.7909, -1.6206 1.3747 1.7909, -1.5916 1.3718 1.7909, -1.5758 1.3662 1.7909, -1.5671 1.3607 1.7909, -1.5598 1.3533 1.7909, -1.5546 1.3446 1.7909, -1.5512 1.3341 1.7909, -1.6612 1.2633 1.7909, -1.6142 1.2633 1.7909, -1.5959 1.2649 1.7909, -1.5819 1.2689 1.7909, -1.5707 1.275 1.7909, -1.562 1.2829 1.7909, -1.556 1.2919 1.7909, -1.5519 1.3026 1.7909, -1.5499 1.3156 1.7909, -1.5498 1.3199 1.7909, -1.6612 1.5092 1.7909, -1.6222 1.5092 1.7909, -1.6023 1.5075 1.7909, -1.5886 1.5033 1.7909, -1.5798 1.4982 1.7909, -1.5734 1.4918 1.7909, -1.5691 1.4846 1.7909, -1.5663 1.4757 1.7909, -1.5652 1.4641 1.7909, -1.5652 1.4639 1.7909, -1.5669 1.4486 1.7909, -1.5708 1.4377 1.7909, -1.5767 1.4285 1.7909, -1.5851 1.4207 1.7909, -1.6222 1.5092 1.7913, -1.6612 1.5092 1.7913, -1.6023 1.5075 1.7913, -1.5886 1.5033 1.7913, -1.5798 1.4982 1.7913, -1.5734 1.4918 1.7913, -1.5691 1.4846 1.7913, -1.5663 1.4757 1.7913, -1.5652 1.4641 1.7913, -1.5652 1.4639 1.7913, -1.5669 1.4486 1.7913, -1.5708 1.4377 1.7913, -1.5767 1.4285 1.7913, -1.5851 1.4207 1.7913, -1.5954 1.4149 1.7913, -1.6088 1.4108 1.7913, -1.6257 1.4093 1.7913, -1.6612 1.4093 1.7913, -1.6206 1.3747 1.7913, -1.6612 1.3747 1.7913, -1.5916 1.3718 1.7913, -1.5758 1.3662 1.7913, -1.5671 1.3607 1.7913, -1.5598 1.3533 1.7913, -1.5546 1.3446 1.7913, -1.5512 1.3341 1.7913, -1.5498 1.3199 1.7913, -1.5499 1.3156 1.7913, -1.5519 1.3026 1.7913, -1.556 1.2919 1.7913, -1.562 1.2829 1.7913, -1.5707 1.275 1.7913, -1.5819 1.2689 1.7913, -1.5959 1.2649 1.7913, -1.6142 1.2633 1.7913, -1.6612 1.2633 1.7913
            ]
        }
        coordIndex [
            0,1,2,-1,2,1,3,-1,1,4,3,-1,3,4,5,-1,5,4,6,-1,6,4,7,-1,6,7,8,-1,7,9,8,-1,8,9,10,-1,10,9,11,-1,11,9,12,-1,11,12,13,-1,12,14,13,-1,13,14,15,-1,14,16,15,-1,15,16,17,-1,16,0,17,-1,17,0,2,-1,0,16,12,-1,12,16,14,-1,1,0,4,-1,4,0,12,-1,4,12,7,-1,7,12,9,-1,18,19,20,-1,20,19,21,-1,21,19,22,-1,22,19,23,-1,22,23,24,-1,23,25,24,-1,24,25,26,-1,27,28,29,-1,27,29,30,-1,30,29,31,-1,30,31,32,-1,32,31,33,-1,32,33,34,-1,34,33,35,-1,34,35,36,-1,36,35,37,-1,36,37,38,-1,38,37,39,-1,38,39,40,-1,40,39,26,-1,40,26,25,-1,41,42,43,-1,41,43,44,-1,44,43,45,-1,44,45,46,-1,46,45,47,-1,46,47,48,-1,48,47,49,-1,48,49,50,-1,50,49,28,-1,50,28,27,-1,41,51,42,-1,42,51,52,-1,53,54,55,-1,53,55,56,-1,56,55,57,-1,56,57,58,-1,58,57,59,-1,58,59,60,-1,60,59,61,-1,60,61,62,-1,62,61,63,-1,62,63,64,-1,64,63,52,-1,64,52,51,-1,54,53,65,-1,18,20,66,-1,18,66,67,-1,67,66,68,-1,67,68,69,-1,69,68,70,-1,69,70,71,-1,71,70,72,-1,71,72,73,-1,73,72,74,-1,73,74,75,-1,75,74,76,-1,75,76,65,-1,65,76,77,-1,65,77,54,-1,78,79,41,-1,80,81,82,-1,82,81,83,-1,82,83,79,-1,41,79,51,-1,79,83,51,-1,51,83,84,-1,51,84,64,-1,64,84,85,-1,64,85,62,-1,62,85,86,-1,62,86,60,-1,60,86,87,-1,60,87,58,-1,58,87,88,-1,58,88,56,-1,56,88,89,-1,56,89,53,-1,90,19,91,-1,91,19,18,-1,91,18,92,-1,92,18,67,-1,92,67,93,-1,93,67,69,-1,93,69,94,-1,94,69,71,-1,94,71,95,-1,95,71,73,-1,95,73,96,-1,96,73,75,-1,96,75,97,-1,97,75,65,-1,97,65,98,-1,98,65,53,-1,98,53,99,-1,99,53,89,-1,90,81,19,-1,19,81,80,-1,19,80,23,-1,23,80,100,-1,23,100,25,-1,25,100,101,-1,25,101,40,-1,40,101,102,-1,40,102,38,-1,38,102,103,-1,38,103,36,-1,36,103,104,-1,36,104,34,-1,34,104,105,-1,34,105,32,-1,32,105,106,-1,32,106,30,-1,30,106,107,-1,30,107,27,-1,27,107,108,-1,27,108,50,-1,50,108,109,-1,50,109,48,-1,48,109,110,-1,48,110,46,-1,46,110,111,-1,46,111,44,-1,44,111,112,-1,44,112,41,-1,41,112,113,-1,41,113,78,-1,101,100,114,-1,114,100,115,-1,101,114,116,-1,101,116,102,-1,102,116,117,-1,102,117,103,-1,103,117,118,-1,103,118,104,-1,104,118,119,-1,104,119,105,-1,105,119,120,-1,105,120,106,-1,106,120,121,-1,106,121,107,-1,107,121,122,-1,107,122,108,-1,108,122,123,-1,108,123,109,-1,109,123,124,-1,109,124,110,-1,110,124,125,-1,110,125,111,-1,111,125,126,-1,111,126,112,-1,112,126,127,-1,112,127,113,-1,113,127,128,-1,113,128,78,-1,78,128,129,-1,78,129,79,-1,79,129,130,-1,79,130,82,-1,80,82,131,-1,131,82,130,-1,100,80,115,-1,115,80,131,-1,83,81,132,-1,132,81,133,-1,83,132,134,-1,83,134,84,-1,84,134,135,-1,84,135,85,-1,85,135,136,-1,85,136,86,-1,86,136,137,-1,86,137,87,-1,87,137,138,-1,87,138,88,-1,88,138,139,-1,88,139,89,-1,89,139,140,-1,89,140,99,-1,99,140,141,-1,99,141,98,-1,98,141,142,-1,98,142,97,-1,97,142,143,-1,97,143,96,-1,96,143,144,-1,96,144,95,-1,95,144,145,-1,95,145,94,-1,94,145,146,-1,94,146,93,-1,93,146,147,-1,93,147,92,-1,92,147,148,-1,92,148,91,-1,90,91,149,-1,149,91,148,-1,81,90,133,-1,133,90,149,-1,
        ]
    }
}
Shape{
    appearance Appearance {
        material  Material 	{
            diffuseColor 0.25098039215686274 0.25098039215686274 0.25098039215686274
            specularColor 0.12549019607843137 0.12549019607843137 0.12549019607843137
            ambientIntensity 0.251
            transparency 0.0
            shininess 0.5
        }
    }
    geometry IndexedFaceSet {
        ccw TRUE
        solid FALSE
        coord DEF co Coordinate {
            point [
                -1.5669 1.4486 1.7913, -1.5652 1.4639 1.7913, -1.6222 1.5092 1.7913, -1.6612 1.5092 1.7913, -1.6612 1.4093 1.7913, -1.6257 1.4093 1.7913, -1.5652 1.4641 1.7913, -1.5663 1.4757 1.7913, -1.6023 1.5075 1.7913, -1.6088 1.4108 1.7913, -1.5954 1.4149 1.7913, -1.5851 1.4207 1.7913, -1.5734 1.4918 1.7913, -1.5798 1.4982 1.7913, -1.5886 1.5033 1.7913, -1.5767 1.4285 1.7913, -1.5708 1.4377 1.7913, -1.5691 1.4846 1.7913, 1.0697 1.3747 1.7913, 1.0697 1.2633 1.7913, 1.1103 1.3747 1.7913, 1.1168 1.2633 1.7913, 1.1393 1.3718 1.7913, 1.1551 1.3662 1.7913, 1.1811 1.3199 1.7913, 1.1798 1.3341 1.7913, 1.1763 1.3446 1.7913, 1.1712 1.3533 1.7913, 1.1638 1.3607 1.7913, 1.181 1.3156 1.7913, 1.1351 1.2649 1.7913, 1.1791 1.3026 1.7913, 1.1491 1.2689 1.7913, 1.175 1.2919 1.7913, 1.1602 1.275 1.7913, 1.1689 1.2829 1.7913, 0.8173 1.4729 1.7913, 0.8084 1.4378 1.7913, 0.9276 1.3841 1.7913, 0.8047 1.3821 1.7913, 0.9242 1.3322 1.7913, 0.9159 1.2987 1.7913, 0.8858 1.5095 1.7913, 0.8759 1.5124 1.7913, 0.9213 1.4543 1.7913, 0.9109 1.4845 1.7913, 0.9024 1.4971 1.7913, 0.857 1.2603 1.7913, 0.8099 1.3213 1.7913, 0.8192 1.2921 1.7913, 0.8793 1.261 1.7913, 0.8891 1.2648 1.7913, 0.8945 1.5046 1.7913, 0.8678 1.513 1.7913, 0.8547 1.5114 1.7913, 0.8447 1.5075 1.7913, 0.8356 1.5012 1.7913, 0.8267 1.491 1.7913, 0.8666 1.2595 1.7913, 0.8982 1.2711 1.7913, 0.9071 1.2814 1.7913, 0.8274 1.2786 1.7913, 0.8364 1.2694 1.7913, 0.8458 1.2637 1.7913, 0.3333 1.4729 1.7913, 0.3245 1.4378 1.7913, 0.4436 1.3841 1.7913, 0.3207 1.3821 1.7913, 0.4403 1.3322 1.7913, 0.4319 1.2987 1.7913, 0.4018 1.5095 1.7913, 0.3919 1.5124 1.7913, 0.4374 1.4543 1.7913, 0.4269 1.4845 1.7913, 0.4184 1.4971 1.7913, 0.373 1.2603 1.7913, 0.326 1.3213 1.7913, 0.3353 1.2921 1.7913, 0.3953 1.261 1.7913, 0.4052 1.2648 1.7913, 0.4105 1.5046 1.7913, 0.3839 1.513 1.7913, 0.3707 1.5114 1.7913, 0.3607 1.5075 1.7913, 0.3516 1.5012 1.7913, 0.3427 1.491 1.7913, 0.3827 1.2595 1.7913, 0.4142 1.2711 1.7913, 0.4231 1.2814 1.7913, 0.3434 1.2786 1.7913, 0.3525 1.2694 1.7913, 0.3618 1.2637 1.7913, 0.2017 1.3265 1.7913, 0.2 1.346 1.7913, 0.0826 1.3335 1.7913, 0.1956 1.3611 1.7913, 0.1889 1.3729 1.7913, 0.1839 1.3787 1.7913, 0.1754 1.3856 1.7913, 0.1651 1.3905 1.7913, 0.0913 1.294 1.7913, 0.1014 1.2785 1.7913, 0.2003 1.3102 1.7913, 0.196 1.2955 1.7913, 0.1432 1.2595 1.7913, 0.132 1.2605 1.7913, 0.1526 1.3934 1.7913, 0.1427 1.3939 1.7913, 0.0829 1.3407 1.7913, 0.1271 1.3922 1.7913, 0.1149 1.3878 1.7913, 0.0849 1.3119 1.7913, 0.1104 1.2698 1.7913, 0.1205 1.264 1.7913, 0.1583 1.2613 1.7913, 0.1694 1.2654 1.7913, 0.1796 1.2724 1.7913, 0.1036 1.3802 1.7913, 0.0933 1.3686 1.7913, 0.0862 1.355 1.7913, 0.1891 1.2829 1.7913, -0.4398 1.386 1.7913, -0.2247 1.3854 1.7913, -0.4385 1.4085 1.7913, -0.2278 1.4226 1.7913, -0.2651 1.2816 1.7913, -0.2505 1.2965 1.7913, -0.2834 1.2699 1.7913, -0.2381 1.3165 1.7913, -0.2283 1.3465 1.7913, -0.3802 1.5016 1.7913, -0.3591 1.5097 1.7913, -0.3309 1.513 1.7913, -0.4274 1.321 1.7913, -0.414 1.2985 1.7913, -0.3566 1.2618 1.7913, -0.3969 1.2808 1.7913, -0.3784 1.2691 1.7913, -0.4364 1.3497 1.7913, -0.3336 1.2595 1.7913, -0.3053 1.2625 1.7913, -0.3991 1.4886 1.7913, -0.4173 1.468 1.7913, -0.4301 1.4434 1.7913, -0.2358 1.451 1.7913, -0.249 1.4746 1.7913, -0.2644 1.491 1.7913, -0.2819 1.5025 1.7913, -0.3027 1.5099 1.7913, -0.5588 1.3265 1.7913, -0.5605 1.346 1.7913, -0.6779 1.3335 1.7913, -0.565 1.3611 1.7913, -0.5716 1.3729 1.7913, -0.5766 1.3787 1.7913, -0.5852 1.3856 1.7913, -0.5954 1.3905 1.7913, -0.6693 1.294 1.7913, -0.6592 1.2785 1.7913, -0.5602 1.3102 1.7913, -0.5645 1.2955 1.7913, -0.6174 1.2595 1.7913, -0.6285 1.2605 1.7913, -0.6079 1.3934 1.7913, -0.6178 1.3939 1.7913, -0.6776 1.3407 1.7913, -0.6335 1.3922 1.7913, -0.6456 1.3878 1.7913, -0.6756 1.3119 1.7913, -0.6501 1.2698 1.7913, -0.6401 1.264 1.7913, -0.6022 1.2613 1.7913, -0.5912 1.2654 1.7913, -0.5809 1.2724 1.7913, -0.6569 1.3802 1.7913, -0.6672 1.3686 1.7913, -0.6743 1.355 1.7913, -0.5714 1.2829 1.7913, -1.1619 1.3747 1.7913, -1.1619 1.2633 1.7913, -1.1213 1.3747 1.7913, -1.1148 1.2633 1.7913, -1.0923 1.3718 1.7913, -1.0765 1.3662 1.7913, -1.0505 1.3199 1.7913, -1.0518 1.3341 1.7913, -1.0553 1.3446 1.7913, -1.0604 1.3533 1.7913, -1.0678 1.3607 1.7913, -1.0506 1.3156 1.7913, -1.0965 1.2649 1.7913, -1.0525 1.3026 1.7913, -1.0825 1.2689 1.7913, -1.0566 1.2919 1.7913, -1.0714 1.275 1.7913, -1.0627 1.2829 1.7913, -1.6612 1.3747 1.7913, -1.6612 1.2633 1.7913, -1.6206 1.3747 1.7913, -1.6142 1.2633 1.7913, -1.5916 1.3718 1.7913, -1.5758 1.3662 1.7913, -1.5498 1.3199 1.7913, -1.5512 1.3341 1.7913, -1.5546 1.3446 1.7913, -1.5598 1.3533 1.7913, -1.5671 1.3607 1.7913, -1.5499 1.3156 1.7913, -1.5959 1.2649 1.7913, -1.5519 1.3026 1.7913, -1.5819 1.2689 1.7913, -1.556 1.2919 1.7913, -1.5707 1.275 1.7913, -1.562 1.2829 1.7913
            ]
        }
        coordIndex [
            0,1,2,-1,3,4,2,-1,2,4,5,-1,1,6,2,-1,2,6,7,-1,2,7,8,-1,5,9,2,-1,2,9,10,-1,2,10,11,-1,12,13,14,-1,11,15,2,-1,2,15,16,-1,2,16,0,-1,8,7,14,-1,14,7,17,-1,14,17,12,-1,18,19,20,-1,20,19,21,-1,20,21,22,-1,22,21,23,-1,24,25,21,-1,21,25,26,-1,26,27,21,-1,21,27,28,-1,21,28,23,-1,24,21,29,-1,29,21,30,-1,29,30,31,-1,31,30,32,-1,31,32,33,-1,33,32,34,-1,33,34,35,-1,36,37,38,-1,38,37,39,-1,38,39,40,-1,40,39,41,-1,42,43,38,-1,44,45,46,-1,47,48,49,-1,50,51,39,-1,44,46,38,-1,38,46,52,-1,38,52,42,-1,43,53,38,-1,38,53,54,-1,38,54,55,-1,55,56,38,-1,38,56,57,-1,38,57,36,-1,48,47,39,-1,39,47,58,-1,39,58,50,-1,51,59,39,-1,39,59,60,-1,39,60,41,-1,49,61,47,-1,47,61,62,-1,47,62,63,-1,64,65,66,-1,66,65,67,-1,66,67,68,-1,68,67,69,-1,70,71,66,-1,72,73,74,-1,75,76,77,-1,78,79,67,-1,72,74,66,-1,66,74,80,-1,66,80,70,-1,71,81,66,-1,66,81,82,-1,66,82,83,-1,83,84,66,-1,66,84,85,-1,66,85,64,-1,76,75,67,-1,67,75,86,-1,67,86,78,-1,79,87,67,-1,67,87,88,-1,67,88,69,-1,77,89,75,-1,75,89,90,-1,75,90,91,-1,92,93,94,-1,94,93,95,-1,94,95,96,-1,96,97,94,-1,94,97,98,-1,94,98,99,-1,100,101,102,-1,103,102,104,-1,104,102,105,-1,99,106,94,-1,94,106,107,-1,94,107,108,-1,108,107,109,-1,108,109,110,-1,92,94,102,-1,102,94,111,-1,102,111,100,-1,101,112,102,-1,102,112,113,-1,102,113,105,-1,114,115,116,-1,110,117,108,-1,108,117,118,-1,108,118,119,-1,114,116,104,-1,104,116,120,-1,104,120,103,-1,121,122,123,-1,123,122,124,-1,125,126,121,-1,125,121,127,-1,126,128,121,-1,121,128,129,-1,121,129,122,-1,130,123,131,-1,131,123,132,-1,133,134,135,-1,135,134,136,-1,135,136,137,-1,133,135,138,-1,138,135,139,-1,138,139,121,-1,121,139,140,-1,121,140,127,-1,130,141,123,-1,123,141,142,-1,123,142,143,-1,124,144,123,-1,123,144,145,-1,123,145,146,-1,146,147,123,-1,123,147,148,-1,123,148,132,-1,149,150,151,-1,151,150,152,-1,151,152,153,-1,153,154,151,-1,151,154,155,-1,151,155,156,-1,157,158,159,-1,160,159,161,-1,161,159,162,-1,156,163,151,-1,151,163,164,-1,151,164,165,-1,165,164,166,-1,165,166,167,-1,149,151,159,-1,159,151,168,-1,159,168,157,-1,158,169,159,-1,159,169,170,-1,159,170,162,-1,171,172,173,-1,167,174,165,-1,165,174,175,-1,165,175,176,-1,171,173,161,-1,161,173,177,-1,161,177,160,-1,178,179,180,-1,180,179,181,-1,180,181,182,-1,182,181,183,-1,184,185,181,-1,181,185,186,-1,186,187,181,-1,181,187,188,-1,181,188,183,-1,184,181,189,-1,189,181,190,-1,189,190,191,-1,191,190,192,-1,191,192,193,-1,193,192,194,-1,193,194,195,-1,196,197,198,-1,198,197,199,-1,198,199,200,-1,200,199,201,-1,202,203,199,-1,199,203,204,-1,204,205,199,-1,199,205,206,-1,199,206,201,-1,202,199,207,-1,207,199,208,-1,207,208,209,-1,209,208,210,-1,209,210,211,-1,211,210,212,-1,211,212,213,-1,
        ]
    }
}
Shape{
    appearance Appearance {
        material  Material 	{
            diffuseColor 1.0 1.0 1.0
            specularColor 0.5019607843137255 0.5019607843137255 0.5019607843137255
            ambientIntensity 1.0
            transparency 0.0
            shininess 0.5
        }
    }
    geometry IndexedFaceSet {
        ccw TRUE
        solid FALSE
        coord DEF co Coordinate {
            point [
                0.2756 -1.2283 1.2953, -0.2756 -1.2283 1.2953, 0.2756 -1.2283 1.0984, -0.2756 -1.2283 1.0984, -0.7244 -1.8504 0.9016, -0.8425 -1.8504 0.7835, -0.7244 -1.6535 0.9016, -0.8425 -1.6535 0.7835, -1.1575 -1.8504 0.7835, -1.2756 -1.8504 0.9016, -1.1575 -1.6535 0.7835, -1.2756 -1.6535 0.9016, 0.8425 -1.8504 0.7835, 0.7244 -1.8504 0.9016, 0.8425 -1.6535 0.7835, 0.7244 -1.6535 0.9016, 1.2756 -1.8504 0.9016, 1.1575 -1.8504 0.7835, 1.2756 -1.6535 0.9016, 1.1575 -1.6535 0.7835
            ]
        }
        coordIndex [
            0,1,2,-1,2,1,3,-1,4,5,6,-1,6,5,7,-1,8,9,10,-1,10,9,11,-1,12,13,14,-1,14,13,15,-1,16,17,18,-1,18,17,19,-1,
        ]
    }
}