#VRML V2.0 utf8
# 3D model generated by easyeda2kicad.py (https://github.com/uPesy/easyeda2kicad.py)

Shape{
    appearance Appearance {
        material  Material 	{
            diffuseColor 1.0 1.0 1.0
            specularColor 0.8784313725490196 0.8784313725490196 0.8784313725490196
            ambientIntensity 1.0
            transparency 0.0
            shininess 0.5
        }
    }
    geometry IndexedFaceSet {
        ccw TRUE
        solid FALSE
        coord DEF co Coordinate {
            point [
                -0.8529 2.7823 3.8366, -1.0504 2.7823 3.8366, -0.941 2.7823 4.0833, -0.9615 2.7823 4.0833, -0.9466 2.7823 4.1038, -0.9563 2.7823 4.1038, -0.9505 2.7823 4.1247, -0.9524 2.7823 4.1247, 1.0591 2.7823 5.5665, 1.5551 2.7823 5.5665, 1.5551 2.7823 5.38, -0.9991 2.7823 3.7718, -0.833 2.7823 3.7718, -0.9991 2.7823 3.6026, -0.7766 2.7823 3.6062, -0.6686 2.7823 3.6026, -0.6902 2.7823 3.6062, -0.6686 2.7823 4.2003, -0.9135 2.7823 4.1967, -0.9991 2.7823 4.2003, -0.9927 2.7823 4.1967, -0.9991 2.7823 4.1804, -1.077 2.7823 3.7718, -1.1367 2.7823 3.6062, -1.2232 2.7823 3.6062, -1.5551 2.7823 3.6026, -1.5551 2.7823 4.2003, 0.3757 2.7823 3.7016, 0.3757 2.7823 3.6368, 0.318 2.7823 3.6026, 0.4386 2.7823 3.6109, 0.4983 2.7823 3.6026, 0.4624 2.7823 4.2003, 0.4439 2.7823 4.1991, 0.318 2.7823 4.2003, 0.3757 2.7823 4.1805, 0.3757 2.7823 4.1013, 0.514 2.7823 4.1391, 0.3862 2.7823 3.6957, 0.4422 2.7823 4.1298, 0.5721 2.7823 4.1326, 0.6161 2.7823 4.1167, 0.6579 2.7823 4.0887, 0.6934 2.7823 4.0491, 0.7175 2.7823 4.0034, 0.7331 2.7823 3.9395, 0.7357 2.7823 3.8951, 0.7298 2.7823 3.8313, 0.7137 2.7823 3.7805, 0.5272 2.7823 3.6638, 0.6617 2.7823 3.7105, 0.582 2.7823 3.6699, 0.6255 2.7823 3.6859, 0.6892 2.7823 3.7395, 0.4488 2.7823 3.6725, 0.5563 2.7823 4.2003, 0.5146 2.7823 4.2039, 0.318 2.7823 5.38, 0.6682 2.7823 3.6262, 0.8402 2.7823 3.6026, 0.6108 2.7823 3.6065, 0.5729 2.7823 3.6026, 0.7161 2.7823 3.6569, 0.7593 2.7823 3.7025, 0.7909 2.7823 3.758, 0.7838 2.7823 4.0414, 0.7485 2.7823 4.0973, 0.8402 2.7823 4.2003, 0.697 2.7823 4.1469, 0.6418 2.7823 4.1791, 0.8092 2.7823 3.8214, 0.815 2.7823 3.8903, 0.8065 2.7823 3.9742, 0.522 2.7823 3.5993, 0.318 2.7823 3.098, 2.075 2.7823 8.5311, 2.075 2.7823 6.039, 0.8402 2.7823 8.5311, 1.0591 2.7823 6.039, 0.8402 2.7823 5.38, -1.5551 2.7823 5.38, -1.5551 2.7823 5.5665, -0.9991 2.7823 5.38, -1.0591 2.7823 5.5665, -1.0591 2.7823 6.039, 1.5551 2.7823 3.6026, 1.5551 2.7823 3.098, 0.8402 2.7823 3.098, 1.0886 2.7823 4.1967, 1.0886 2.7823 3.671, 0.8654 2.7823 3.671, 1.1679 2.7823 4.1967, 0.8654 2.7823 3.6062, 1.1679 2.7823 3.6062, 0.5381 2.7823 3.599, 1.5551 2.7823 4.2003, 0.2006 2.7823 6.5825, 0.0 2.7823 6.5561, -0.1141 2.7823 5.38, -0.548 2.7823 6.7831, -0.3875 2.7823 6.6599, -0.6686 2.7823 5.38, -0.2006 2.7823 6.5825, -0.1141 2.7823 6.5711, -0.7486 2.7823 7.5317, -0.775 2.7823 7.3311, -0.9991 2.7823 8.5311, -2.075 2.7823 6.039, -2.075 2.7823 8.5311, -0.7486 2.7823 7.1305, -0.6712 2.7823 6.9436, -0.6686 2.7823 6.9403, -0.3875 2.7823 8.0023, -0.548 2.7823 7.8791, -0.6686 2.7823 8.5311, -0.6686 2.7823 7.7219, -0.6712 2.7823 7.7186, -0.2006 2.7823 8.0797, -0.1141 2.7823 8.5311, -0.1141 2.7823 8.0911, 0.318 2.7823 8.5311, 0.2006 2.7823 8.0797, 0.0 2.7823 8.1061, 0.318 2.7823 6.6312, 0.577 2.7823 4.1985, 0.3875 2.7823 6.6599, 0.548 2.7823 6.7831, 0.6712 2.7823 6.9436, 0.6712 2.7823 7.7186, 0.548 2.7823 7.8791, 0.3875 2.7823 8.0023, 0.318 2.7823 8.031, 0.7486 2.7823 7.1305, 0.775 2.7823 7.3311, 0.7486 2.7823 7.5317, -0.4237 2.7823 4.1876, -0.4928 2.7823 4.1633, -0.5513 2.7823 4.1253, -0.6176 2.7823 3.7683, -0.5845 2.7823 3.7162, -0.5362 2.7823 3.6696, -0.4751 2.7823 3.6336, -0.3383 2.7823 4.1967, -0.1141 2.7823 4.2003, -0.1717 2.7823 4.1967, -0.1717 2.7823 3.6062, -0.1141 2.7823 3.6026, -0.3323 2.7823 3.6062, -0.4071 2.7823 3.6129, -0.5742 2.7823 4.104, -0.6096 2.7823 4.0578, -0.6345 2.7823 4.0005, -0.6459 2.7823 3.9381, -0.647 2.7823 3.9089, -0.6387 2.7823 3.8299, -0.1141 2.7823 3.098, -0.6686 2.7823 3.098, -0.9991 2.7823 3.098, -1.5551 2.7823 3.098, -0.0565 2.7823 3.671, 0.2604 2.7823 3.6062, 0.2604 2.7823 4.1967, -0.0421 2.7823 4.1967, -0.0421 2.7823 4.1319, -0.0565 2.7823 3.6062, 0.1812 2.7823 3.8726, 0.1812 2.7823 3.671, -0.0277 2.7823 3.8726, -0.0277 2.7823 3.9375, 0.1812 2.7823 3.9375, 0.1812 2.7823 4.1319, -0.2509 2.7823 4.1319, -0.2509 2.7823 3.671, -0.338 2.7823 4.1319, -0.3347 2.7823 3.671, -0.5605 2.7823 3.8362, -0.5678 2.7823 3.9072, -0.5628 2.7823 3.966, -0.549 2.7823 4.0126, -0.4083 2.7823 4.1244, -0.3971 2.7823 3.6768, -0.4468 2.7823 3.6923, -0.4867 2.7823 3.716, -0.5287 2.7823 4.0489, -0.5001 2.7823 4.0794, -0.4571 2.7823 4.1072, -0.5201 2.7823 3.7489, -0.5448 2.7823 3.7892
            ]
        }
        coordIndex [
            0,1,2,-1,2,1,3,-1,2,3,4,-1,4,3,5,-1,4,5,6,-1,6,5,7,-1,8,9,10,-1,11,12,13,-1,13,12,14,-1,13,14,15,-1,15,14,16,-1,15,16,17,-1,17,16,18,-1,17,18,19,-1,19,18,20,-1,19,20,21,-1,22,11,23,-1,23,11,13,-1,23,13,24,-1,24,13,25,-1,24,25,21,-1,21,25,26,-1,21,26,19,-1,27,28,29,-1,29,28,30,-1,29,30,31,-1,32,33,34,-1,34,33,35,-1,34,35,36,-1,37,38,39,-1,39,38,27,-1,37,40,38,-1,38,40,41,-1,38,41,42,-1,42,43,38,-1,38,43,44,-1,38,44,45,-1,45,46,38,-1,38,46,47,-1,38,47,48,-1,49,50,51,-1,51,50,52,-1,48,53,38,-1,38,53,50,-1,38,50,54,-1,54,50,49,-1,55,56,57,-1,57,56,32,-1,58,59,60,-1,60,59,61,-1,58,62,59,-1,59,62,63,-1,59,63,64,-1,65,66,67,-1,67,66,68,-1,67,68,69,-1,64,70,59,-1,59,70,71,-1,59,71,67,-1,67,71,72,-1,67,72,65,-1,31,73,74,-1,75,76,77,-1,77,76,78,-1,77,78,79,-1,80,81,82,-1,82,81,83,-1,82,83,84,-1,85,86,87,-1,88,89,90,-1,91,88,67,-1,67,88,90,-1,67,90,59,-1,59,90,92,-1,59,92,93,-1,73,94,74,-1,74,94,61,-1,74,61,87,-1,87,61,59,-1,87,59,85,-1,85,59,93,-1,85,93,95,-1,78,8,79,-1,79,8,10,-1,79,10,67,-1,67,10,95,-1,67,95,91,-1,91,95,93,-1,96,57,97,-1,97,57,98,-1,99,100,101,-1,101,100,102,-1,101,102,98,-1,98,102,103,-1,98,103,97,-1,104,105,106,-1,107,108,84,-1,84,108,106,-1,84,106,82,-1,82,106,105,-1,105,109,82,-1,82,109,110,-1,82,110,101,-1,101,110,111,-1,101,111,99,-1,112,113,114,-1,114,113,115,-1,114,115,106,-1,106,115,116,-1,106,116,104,-1,112,114,117,-1,117,114,118,-1,117,118,119,-1,120,121,118,-1,118,121,122,-1,118,122,119,-1,96,123,57,-1,57,123,79,-1,57,79,55,-1,55,79,67,-1,55,67,124,-1,124,67,69,-1,123,125,79,-1,79,125,126,-1,79,126,127,-1,128,129,77,-1,77,129,130,-1,77,130,120,-1,120,130,131,-1,120,131,121,-1,127,132,79,-1,79,132,133,-1,79,133,77,-1,77,133,134,-1,77,134,128,-1,135,136,17,-1,17,136,137,-1,138,139,15,-1,15,139,140,-1,15,140,141,-1,135,17,142,-1,142,17,143,-1,142,143,144,-1,145,146,147,-1,147,146,15,-1,147,15,148,-1,148,15,141,-1,137,149,17,-1,17,149,150,-1,17,150,151,-1,151,152,17,-1,17,152,153,-1,17,153,15,-1,15,153,154,-1,15,154,138,-1,31,74,29,-1,29,74,155,-1,29,155,146,-1,146,155,156,-1,146,156,15,-1,15,156,157,-1,15,157,13,-1,13,157,158,-1,13,158,25,-1,159,146,143,-1,143,146,145,-1,143,145,144,-1,160,161,34,-1,34,161,162,-1,34,162,143,-1,143,162,163,-1,143,163,159,-1,159,164,146,-1,146,164,160,-1,146,160,29,-1,29,160,34,-1,29,34,27,-1,27,34,36,-1,27,36,39,-1,165,166,167,-1,167,166,159,-1,167,159,168,-1,168,159,163,-1,168,163,169,-1,169,163,170,-1,32,34,57,-1,57,34,143,-1,57,143,98,-1,98,143,17,-1,98,17,101,-1,101,17,19,-1,101,19,82,-1,82,19,26,-1,82,26,80,-1,171,172,173,-1,173,172,174,-1,175,176,173,-1,176,177,173,-1,173,177,178,-1,173,178,179,-1,174,180,173,-1,173,180,181,-1,173,181,182,-1,183,184,178,-1,178,184,185,-1,178,185,179,-1,182,186,173,-1,173,186,187,-1,173,187,175,-1,0,2,18,-1,5,21,7,-1,7,21,20,-1,7,20,18,-1,16,14,12,-1,2,4,18,-1,18,4,6,-1,18,6,7,-1,5,3,21,-1,21,3,1,-1,21,1,24,-1,24,1,22,-1,24,22,23,-1,18,16,0,-1,0,16,12,-1,0,12,1,-1,1,12,11,-1,1,11,22,-1,154,153,176,-1,176,153,152,-1,176,152,177,-1,177,152,151,-1,177,151,178,-1,178,151,150,-1,178,150,183,-1,183,150,149,-1,183,149,184,-1,184,149,137,-1,184,137,185,-1,185,137,136,-1,185,136,179,-1,179,136,135,-1,179,135,173,-1,173,135,142,-1,173,142,171,-1,171,142,144,-1,171,144,172,-1,172,144,145,-1,172,145,174,-1,174,145,147,-1,174,147,180,-1,180,147,148,-1,180,148,181,-1,181,148,141,-1,181,141,182,-1,182,141,140,-1,182,140,186,-1,186,140,139,-1,186,139,187,-1,187,139,138,-1,187,138,175,-1,175,138,154,-1,175,154,176,-1,160,164,159,-1,159,166,160,-1,160,166,165,-1,160,165,161,-1,163,162,170,-1,170,162,161,-1,170,161,169,-1,169,161,165,-1,169,165,168,-1,168,165,167,-1,39,36,35,-1,28,27,38,-1,35,33,39,-1,39,33,32,-1,39,32,37,-1,28,38,30,-1,30,38,54,-1,30,54,31,-1,31,54,49,-1,31,49,73,-1,73,49,94,-1,94,49,51,-1,94,51,61,-1,32,56,37,-1,37,56,55,-1,37,55,40,-1,40,55,124,-1,40,124,41,-1,41,124,69,-1,41,69,42,-1,42,69,68,-1,42,68,43,-1,43,68,66,-1,43,66,44,-1,44,66,65,-1,44,65,45,-1,45,65,72,-1,45,72,46,-1,46,72,71,-1,46,71,47,-1,47,71,70,-1,47,70,48,-1,48,70,64,-1,48,64,53,-1,53,64,63,-1,53,63,50,-1,50,63,62,-1,50,62,52,-1,52,62,58,-1,52,58,51,-1,51,58,60,-1,51,60,61,-1,
        ]
    }
}
Shape{
    appearance Appearance {
        material  Material 	{
            diffuseColor 0.08235294117647059 0.08235294117647059 0.08235294117647059
            specularColor 0.07058823529411765 0.07058823529411765 0.07058823529411765
            ambientIntensity 0.0824
            transparency 0.0
            shininess 0.5
        }
    }
    geometry IndexedFaceSet {
        ccw TRUE
        solid FALSE
        coord DEF co Coordinate {
            point [
                0.8646 0.9823 2.9802, 0.8773 0.9823 3.0281, 0.7917 0.9823 2.9238, 0.776 0.9823 2.9253, 0.8204 0.9823 3.2989, 0.8056 0.9823 3.3032, 0.8832 0.9823 3.1107, 0.8737 0.9823 3.216, 0.8581 0.9823 3.2613, 0.8454 0.9823 3.2803, 0.7206 0.9823 2.9727, 0.7327 0.9823 2.9527, 0.7175 0.9823 3.2435, 0.7045 0.9823 3.1918, 0.6988 0.9823 3.1077, 0.7066 0.9823 3.0166, 0.8107 0.9823 2.926, 0.8254 0.9823 2.9317, 0.8516 0.9823 2.9556, 0.8387 0.9823 2.9409, 0.8335 0.9823 3.2915, 0.7935 0.9823 3.3041, 0.7738 0.9823 3.3017, 0.7588 0.9823 3.2959, 0.7451 0.9823 3.2863, 0.7317 0.9823 3.2709, 0.7462 0.9823 2.9388, 0.7599 0.9823 2.9304, -2.0049 0.9823 2.4012, -1.7852 0.9823 2.4012, -1.7852 0.9823 3.3531, -1.2658 0.9823 4.7734, -1.2658 0.9823 4.7216, -1.2514 0.9823 4.7187, -1.4214 0.9823 3.7838, -1.4214 0.9823 4.2044, -1.5309 0.9823 4.2044, -1.3465 0.9823 2.8777, -1.3465 0.9823 2.993, -1.5309 0.9823 2.993, -1.2889 0.9823 3.3502, -1.2889 0.9823 3.0448, -1.2514 0.9823 3.0448, 0.8587 0.9823 3.3428, 2.0049 0.9823 3.3531, 0.831 0.9823 3.3524, 0.8243 0.9823 3.3531, 0.7527 0.9823 2.8756, 0.7257 0.9823 2.8851, 0.6038 0.9823 2.4012, 0.8825 0.9823 3.3272, 0.9019 0.9823 3.3065, 0.9218 0.9823 3.2714, 0.7861 0.9823 2.872, 0.6642 0.9823 3.2693, 0.6841 0.9823 3.3027, 0.6038 0.9823 3.3531, 0.7063 0.9823 3.3258, 0.7282 0.9823 3.3404, 0.7023 0.9823 2.9004, 0.6814 0.9823 2.9224, 0.6599 0.9823 2.9592, 2.0049 0.9823 2.4012, 0.9221 0.9823 2.9677, 0.9006 0.9823 2.9293, 0.8774 0.9823 2.9039, 0.8504 0.9823 2.8859, 0.8202 0.9823 2.8755, 0.6425 0.9823 3.018, 0.6354 0.9823 3.1048, 0.643 0.9823 3.1993, 0.9389 0.9823 3.2122, 0.9466 0.9823 3.1159, 0.9395 0.9823 3.0285, 0.757 0.9823 3.3513, 0.7721 0.9823 3.3531, 0.6038 0.9823 3.5699, 2.0049 0.9823 3.5699, 0.7968 0.9823 3.3559, 0.2955 0.9823 3.2393, 0.2993 0.9823 3.2696, 0.2609 0.9823 3.3531, 0.3468 0.9823 3.3327, 0.3749 0.9823 3.3466, 0.5557 0.9823 3.0635, 0.5671 0.9823 3.0369, 0.3082 0.9823 3.292, 0.3225 0.9823 3.312, 0.4987 0.9823 3.3424, 0.5214 0.9823 3.3281, 0.5397 0.9823 3.3099, 0.5515 0.9823 3.2906, 0.5585 0.9823 3.2688, 0.4743 0.9823 3.1265, 0.4743 0.9823 3.1253, 0.5044 0.9823 3.144, 0.5118 0.9823 3.107, 0.5313 0.9823 3.1678, 0.5376 0.9823 3.0867, 0.4862 0.9823 2.8822, 0.4393 0.9823 2.8729, 0.3774 0.9823 2.8758, 0.3471 0.9823 2.8858, 0.2609 0.9823 2.4012, 0.3193 0.9823 2.9037, 0.2914 0.9823 3.0534, 0.3187 0.9823 3.1704, 0.2818 0.9823 3.0268, 0.3056 0.9823 3.1916, 0.2976 0.9823 3.2163, 0.5605 0.9823 3.2465, 0.5569 0.9823 3.2159, 0.5477 0.9823 3.1916, 0.5591 0.9823 2.9416, 0.545 0.9823 2.9207, 0.4153 0.9823 2.872, 0.3774 0.9823 3.125, 0.3774 0.9823 3.1262, 0.375 0.9823 3.124, 0.3426 0.9823 3.1471, 0.3326 0.9823 3.1006, 0.306 0.9823 3.0759, 0.5718 0.9823 3.0084, 0.5721 0.9823 2.9995, 0.5683 0.9823 2.9664, 0.3001 0.9823 2.9241, 0.2875 0.9823 2.946, 0.2801 0.9823 2.9718, 0.5257 0.9823 2.9026, 0.5177 0.9823 2.8971, 0.2782 0.9823 2.9948, 0.4024 0.9823 3.3531, 0.4076 0.9823 3.3543, 0.2609 0.9823 3.5699, 0.4335 0.9823 3.3559, 0.4617 0.9823 3.3531, 0.4694 0.9823 3.3523, 0.1587 0.9823 2.9429, 0.1309 0.9823 2.912, 0.2264 0.9823 2.4012, 0.1486 0.9823 3.1099, 0.1485 0.9823 3.1099, 0.1445 0.9823 3.0507, -0.0273 0.9823 2.93, 0.0094 0.9823 3.0548, -0.0675 0.9823 2.9483, -0.0185 0.9823 3.0655, -0.0438 0.9823 3.0833, -0.064 0.9823 3.1059, -0.0802 0.9823 3.1364, -0.074 0.9823 3.2745, -0.0526 0.9823 3.3066, -0.1135 0.9823 3.3531, -0.0389 0.9823 3.3205, -0.0132 0.9823 3.3385, 0.0989 0.9823 2.8904, 0.0625 0.9823 2.8771, -0.1135 0.9823 2.4012, 0.0165 0.9823 2.872, -0.0274 0.9823 2.8776, 0.149 0.9823 3.1103, 0.1488 0.9823 3.1101, 0.1487 0.9823 3.11, 0.1484 0.9823 3.1099, 0.1483 0.9823 3.1099, 0.1325 0.9823 3.087, 0.1482 0.9823 3.11, 0.1479 0.9823 3.1103, 0.0874 0.9823 3.3531, 0.0955 0.9823 3.3522, 0.2264 0.9823 3.3531, 0.1228 0.9823 3.3424, 0.1462 0.9823 3.3269, 0.0714 0.9823 3.0528, 0.1127 0.9823 2.9702, 0.0955 0.9823 3.0598, 0.1304 0.9823 3.0011, 0.1151 0.9823 3.0708, -0.0885 0.9823 3.1689, -0.0905 0.9823 3.1973, -0.086 0.9823 3.24, 0.1665 0.9823 3.3058, 0.1863 0.9823 3.2722, 0.2027 0.9823 3.218, 0.0449 0.9823 3.0506, 0.0722 0.9823 2.9358, 0.0943 0.9823 2.9504, 0.0108 0.9823 2.9239, 0.0164 0.9823 2.9238, 0.0473 0.9823 2.9271, -0.0675 0.9823 2.8965, -0.057 0.9823 2.8898, 0.2091 0.9823 3.1413, 0.2018 0.9823 3.0522, 0.1835 0.9823 2.9879, 0.0378 0.9823 3.3531, 0.0611 0.9823 3.3559, 0.2264 0.9823 3.5699, -0.1452 0.9823 2.4012, -0.264 0.9823 2.8904, -0.3005 0.9823 2.8771, -0.2144 0.9823 3.1099, -0.2145 0.9823 3.1099, -0.2185 0.9823 3.0507, -0.3903 0.9823 2.93, -0.3536 0.9823 3.0548, -0.4304 0.9823 2.9483, -0.3815 0.9823 3.0655, -0.4068 0.9823 3.0833, -0.427 0.9823 3.1059, -0.4431 0.9823 3.1364, -0.4369 0.9823 3.2745, -0.4156 0.9823 3.3066, -0.4794 0.9823 3.3531, -0.4018 0.9823 3.3205, -0.3762 0.9823 3.3385, -0.4794 0.9823 2.4012, -0.3464 0.9823 2.872, -0.3904 0.9823 2.8776, -0.1794 0.9823 2.9879, -0.2042 0.9823 2.9429, -0.2321 0.9823 2.912, -0.2139 0.9823 3.1103, -0.2141 0.9823 3.1101, -0.2143 0.9823 3.11, -0.2146 0.9823 3.1099, -0.2147 0.9823 3.1099, -0.2305 0.9823 3.087, -0.2148 0.9823 3.11, -0.2151 0.9823 3.1103, -0.2402 0.9823 3.3424, -0.2167 0.9823 3.3269, -0.1452 0.9823 3.3531, -0.1965 0.9823 3.3058, -0.1767 0.9823 3.2722, -0.2916 0.9823 3.0528, -0.2503 0.9823 2.9702, -0.2675 0.9823 3.0598, -0.2326 0.9823 3.0011, -0.2479 0.9823 3.0708, -0.4515 0.9823 3.1689, -0.4535 0.9823 3.1973, -0.449 0.9823 3.24, -0.3181 0.9823 3.0506, -0.2908 0.9823 2.9358, -0.2686 0.9823 2.9504, -0.3522 0.9823 2.9239, -0.3466 0.9823 2.9238, -0.3157 0.9823 2.9271, -0.4304 0.9823 2.8965, -0.42 0.9823 2.8898, -0.1603 0.9823 3.218, -0.1539 0.9823 3.1413, -0.1611 0.9823 3.0522, -0.3252 0.9823 3.3531, -0.3019 0.9823 3.3559, -0.1452 0.9823 3.5699, -0.2756 0.9823 3.3531, -0.2675 0.9823 3.3522, -0.5413 0.9823 3.1916, -0.5576 0.9823 3.1678, -0.5332 0.9823 3.0635, -0.7934 0.9823 3.2393, -0.7896 0.9823 3.2696, -0.8597 0.9823 3.3531, -0.7115 0.9823 2.8758, -0.7418 0.9823 2.8858, -0.8597 0.9823 2.4012, -0.5111 0.9823 3.3531, -0.5218 0.9823 3.0369, -0.7807 0.9823 3.292, -0.7664 0.9823 3.312, -0.7421 0.9823 3.3327, -0.5902 0.9823 3.3424, -0.5675 0.9823 3.3281, -0.5492 0.9823 3.3099, -0.5374 0.9823 3.2906, -0.6146 0.9823 3.1265, -0.6146 0.9823 3.1253, -0.5846 0.9823 3.144, -0.5771 0.9823 3.107, -0.5513 0.9823 3.0867, -0.5111 0.9823 2.4012, -0.6027 0.9823 2.8822, -0.6497 0.9823 2.8729, -0.7702 0.9823 3.1704, -0.8071 0.9823 3.0268, -0.7975 0.9823 3.0534, -0.7696 0.9823 2.9037, -0.7888 0.9823 2.9241, -0.8014 0.9823 2.946, -0.5305 0.9823 3.2688, -0.5284 0.9823 3.2465, -0.5321 0.9823 3.2159, -0.5298 0.9823 2.9416, -0.5439 0.9823 2.9207, -0.6736 0.9823 2.872, -0.7115 0.9823 3.125, -0.7115 0.9823 3.1262, -0.7139 0.9823 3.124, -0.7463 0.9823 3.1471, -0.7563 0.9823 3.1006, -0.7829 0.9823 3.0759, -0.7833 0.9823 3.1916, -0.7913 0.9823 3.2163, -0.8107 0.9823 2.9948, -0.5171 0.9823 3.0084, -0.5169 0.9823 2.9995, -0.5207 0.9823 2.9664, -0.5632 0.9823 2.9026, -0.5712 0.9823 2.8971, -0.8088 0.9823 2.9718, -0.714 0.9823 3.3466, -0.6865 0.9823 3.3531, -0.8597 0.9823 3.5699, -0.6813 0.9823 3.3543, -0.6554 0.9823 3.3559, -0.5111 0.9823 3.5699, -0.6272 0.9823 3.3531, -0.6195 0.9823 3.3523, -0.8741 0.9823 3.1882, -0.8683 0.9823 3.1159, -0.8741 0.9823 3.5699, -0.9906 0.9823 3.3531, -0.8741 0.9823 3.3531, -0.9838 0.9823 3.3524, -0.9562 0.9823 3.3428, -0.9324 0.9823 3.3272, -0.913 0.9823 3.3065, -0.8931 0.9823 3.2714, -0.876 0.9823 3.2122, -1.2025 0.9823 3.5699, -1.0427 0.9823 3.3531, -1.0181 0.9823 3.3559, -0.8741 0.9823 3.0443, -0.8741 0.9823 2.4012, -0.8753 0.9823 3.0285, -0.8928 0.9823 2.9677, -0.9143 0.9823 2.9293, -0.9374 0.9823 2.9039, -0.9645 0.9823 2.8859, -1.1719 0.9823 3.1993, -1.1507 0.9823 3.2693, -1.2025 0.9823 3.3531, -1.1307 0.9823 3.3027, -1.1086 0.9823 3.3258, -1.0867 0.9823 3.3404, -1.0579 0.9823 3.3513, -1.1334 0.9823 2.9224, -1.2025 0.9823 2.4012, -1.1126 0.9823 2.9004, -1.0891 0.9823 2.8851, -1.1549 0.9823 2.9592, -1.1723 0.9823 3.018, -1.1794 0.9823 3.1048, -0.9947 0.9823 2.8755, -1.0287 0.9823 2.872, -1.0622 0.9823 2.8756, -1.2514 0.9823 3.3531, -1.5309 0.9823 3.3531, -1.3578 0.9823 3.3502, -1.5309 0.9823 2.4012, -1.2514 0.9823 2.4012, -1.2889 0.9823 2.8777, -1.5654 0.9823 2.993, -1.5654 0.9823 3.0363, -1.5309 0.9823 3.0885, -1.2313 0.9823 3.0448, -1.2313 0.9823 2.993, -1.2889 0.9823 2.993, -1.2514 0.9823 2.993, -1.358 0.9823 4.2044, -1.358 0.9823 3.7838, -1.2514 0.9823 3.5699, -1.5309 0.9823 3.5699, -1.7852 0.9823 3.5699, -1.5539 0.9823 4.2044, -1.7852 0.9823 4.7187, -1.5539 0.9823 4.2562, -1.5309 0.9823 4.7187, -1.2514 0.9823 4.2562, -1.2198 0.9823 4.2562, -1.2025 0.9823 4.7187, -1.2198 0.9823 4.2044, 0.5145 0.9823 4.7734, 0.5145 0.9823 4.7216, 0.6038 0.9823 4.7187, 0.2609 0.9823 4.7187, 0.2264 0.9823 4.7187, 0.2437 0.9823 5.0961, 0.2437 0.9823 5.1537, 0.2609 0.9823 4.7216, 0.2437 0.9823 4.7216, 0.2437 0.9823 4.7734, 0.2609 0.9823 5.1011, 0.2609 0.9823 4.7734, 0.3531 0.9823 4.7734, 0.3531 0.9823 5.1278, -0.1147 0.9823 4.7679, -0.1273 0.9823 4.7898, -0.1452 0.9823 4.7187, -0.1135 0.9823 4.7667, -0.1347 0.9823 4.8157, -0.1366 0.9823 4.8386, -0.1452 0.9823 5.961, -0.133 0.9823 4.8707, -0.1234 0.9823 4.8973, -0.1135 0.9823 4.7187, -0.0955 0.9823 4.7476, -0.0677 0.9823 4.7297, 0.0342 0.9823 4.7187, 0.0244 0.9823 4.7168, -0.1135 0.9823 3.5699, 0.0175 0.9823 3.3506, 0.0005 0.9823 4.7158, -0.0284 0.9823 4.7187, -0.0374 0.9823 4.7196, 0.1328 0.9823 5.0355, 0.1165 0.9823 5.0117, 0.1409 0.9823 4.9073, 0.2264 0.9823 5.961, 0.1523 0.9823 4.8808, -0.1193 0.9823 5.0831, -0.1155 0.9823 5.1134, -0.1135 0.9823 5.961, -0.1135 0.9823 5.1184, -0.1066 0.9823 5.1358, 0.157 0.9823 4.8522, 0.1572 0.9823 4.8434, 0.1534 0.9823 4.8103, 0.1443 0.9823 4.7854, 0.1302 0.9823 4.7645, -0.0923 0.9823 5.1559, -0.068 0.9823 5.1765, -0.0399 0.9823 5.1904, 0.0839 0.9823 5.1862, 0.1066 0.9823 5.172, 0.1249 0.9823 5.1537, 0.1366 0.9823 5.1344, 0.0595 0.9823 4.9703, 0.0595 0.9823 4.9691, 0.0895 0.9823 4.9878, 0.097 0.9823 4.9509, 0.1228 0.9823 4.9306, 0.4107 0.9823 5.1998, 0.6038 0.9823 5.961, 0.2609 0.9823 5.1585, 0.2609 0.9823 5.961, 0.1109 0.9823 4.7465, 0.1029 0.9823 4.7409, 0.0714 0.9823 4.726, 0.1436 0.9823 5.1127, 0.1457 0.9823 5.0903, 0.142 0.9823 5.0597, -0.0073 0.9823 5.1981, 0.0187 0.9823 5.1998, 0.0546 0.9823 5.1961, -0.0961 0.9823 5.0142, -0.1092 0.9823 5.0354, -0.1135 0.9823 4.9124, -0.1135 0.9823 5.0489, -0.1172 0.9823 5.0602, -0.0374 0.9823 4.9689, -0.0374 0.9823 4.97, -0.0398 0.9823 4.9678, -0.0722 0.9823 4.991, -0.0823 0.9823 4.9444, -0.1088 0.9823 4.9197, -0.5111 0.9823 5.961, -0.4794 0.9823 5.104, -0.4794 0.9823 5.961, -0.4766 0.9823 5.1132, -0.4567 0.9823 5.1465, -0.4345 0.9823 5.1696, -0.4126 0.9823 5.1842, -0.3838 0.9823 5.1951, -0.344 0.9823 5.1998, -0.3097 0.9823 5.1962, -0.2821 0.9823 5.1866, -0.2583 0.9823 5.171, -0.2389 0.9823 5.1503, -0.219 0.9823 5.1153, -0.2187 0.9823 4.8115, -0.2402 0.9823 4.7731, -0.2633 0.9823 4.7477, -0.2904 0.9823 4.7297, -0.2019 0.9823 5.056, -0.1942 0.9823 4.9598, -0.2012 0.9823 4.8723, -0.4794 0.9823 4.8005, -0.4809 0.9823 4.803, -0.5111 0.9823 4.7187, -0.4982 0.9823 4.8618, -0.5053 0.9823 4.9486, -0.4978 0.9823 5.0431, -0.415 0.9823 4.7289, -0.4385 0.9823 4.7443, -0.4794 0.9823 4.7187, -0.4593 0.9823 4.7662, -0.3269 0.9823 4.7187, -0.3546 0.9823 4.7158, -0.4794 0.9823 3.5699, -0.3816 0.9823 4.7187, -0.3881 0.9823 4.7194, -0.3206 0.9823 4.7194, -0.3455 0.9823 3.3506, -0.7054 0.9823 4.7187, -0.708 0.9823 4.718, -0.589 0.9823 4.7935, -0.607 0.9823 4.7675, -0.7972 0.9823 5.1855, -0.8597 0.9823 5.961, -0.8337 0.9823 5.1638, -0.8597 0.9823 4.7187, -0.8337 0.9823 5.1119, -0.7426 0.9823 4.7158, -0.7742 0.9823 4.7187, -0.7985 0.9823 4.7209, -0.8392 0.9823 4.734, -0.5788 0.9823 4.8205, -0.6326 0.9823 4.7454, -0.6633 0.9823 4.7293, -0.8049 0.9823 4.9924, -0.851 0.9823 4.8037, -0.8049 0.9823 4.9405, -0.8122 0.9823 4.7813, -0.7658 0.9823 4.9405, -0.7723 0.9823 4.77, -0.722 0.9823 4.9374, -0.7426 0.9823 4.7677, -0.712 0.9823 4.7704, -0.6875 0.9823 4.9281, -0.6401 0.9823 4.8749, -0.6378 0.9823 4.8534, -0.851 0.9823 4.7403, -0.8075 0.9823 5.1301, -0.7677 0.9823 4.9924, -0.7742 0.9823 5.1437, -0.7286 0.9823 4.9954, -0.7018 0.9823 5.0026, -0.7024 0.9823 5.1429, -0.7299 0.9823 5.1476, -0.6551 0.9823 5.0732, -0.7411 0.9823 5.1479, -0.6041 0.9823 4.9322, -0.589 0.9823 4.9128, -0.6881 0.9823 4.7776, -0.6703 0.9823 4.7877, -0.6558 0.9823 4.801, -0.6823 0.9823 5.0133, -0.6709 0.9823 5.024, -0.6635 0.9823 5.035, -0.6581 0.9823 5.0493, -0.6552 0.9823 5.0705, -0.6679 0.9823 4.9174, -0.6458 0.9823 4.8912, -0.6552 0.9823 4.9057, -0.6678 0.9823 5.1197, -0.6772 0.9823 5.1297, -0.6614 0.9823 5.1081, -0.6569 0.9823 5.0928, -0.6856 0.9823 5.1357, -0.6883 0.9823 4.9703, -0.6883 0.9823 4.9691, -0.6778 0.9823 4.9734, -0.6534 0.9823 4.962, -0.6435 0.9823 4.989, -0.6265 0.9823 4.9499, -0.6233 0.9823 5.0046, -0.6156 0.9823 5.0132, -0.6568 0.9823 5.1866, -0.6332 0.9823 5.1725, -0.6142 0.9823 5.1542, -0.6019 0.9823 5.1351, -0.6464 0.9823 4.815, -0.6403 0.9823 4.8317, -0.5943 0.9823 5.1128, -0.5917 0.9823 5.0879, -0.5947 0.9823 5.0579, -0.6029 0.9823 5.0335, -0.5795 0.9823 4.8916, -0.5749 0.9823 4.8679, -0.5745 0.9823 4.8571, -0.7584 0.9823 5.197, -0.7254 0.9823 5.1998, -0.6874 0.9823 5.1962, -1.2025 0.9823 5.1422, -1.237 0.9823 5.1422, -1.2514 0.9823 5.961, -1.237 0.9823 5.194, -1.2025 0.9823 5.961, -1.2025 0.9823 5.194, -0.8741 0.9823 5.961, -0.9029 0.9823 5.194, -0.8741 0.9823 4.7187, -0.9029 0.9823 5.1422, -1.0411 0.9823 5.1422, -1.0411 0.9823 4.7216, -1.1045 0.9823 4.7216, -1.5309 0.9823 4.2562, -1.1045 0.9823 5.1422, 2.0049 0.9823 4.7187, 2.0049 0.9823 5.961, 0.4107 0.9823 4.7734, -1.1852 0.9823 4.2044, -1.2514 0.9823 4.2044, -1.1852 0.9823 4.2562, -0.8798 0.9823 4.2562, -0.8798 0.9823 4.2362, -1.0642 0.9823 3.7838, -1.1276 0.9823 3.7838, -0.949 0.9823 4.2044, -1.5078 0.9823 4.7216, -1.5309 0.9823 5.961, -1.5078 0.9823 5.194, -1.4444 0.9823 5.194, -1.4444 0.9823 4.7734, -1.7852 0.9823 5.961, -2.0049 0.9823 3.3531, -2.0049 0.9823 3.5699, -2.0049 0.9823 4.7187, -2.0049 0.9823 5.961, 0.3872 0.9823 2.93, 0.4089 0.9823 2.9249, 0.433 0.9823 3.0941, 0.4263 0.9823 2.9238, 0.4515 0.9823 2.9263, 0.4224 0.9823 3.0981, 0.3832 0.9823 3.0782, 0.336 0.9823 3.0049, 0.3383 0.9823 2.98, 0.344 0.9823 2.9657, 0.3606 0.9823 3.0598, 0.3474 0.9823 3.0426, 0.3395 0.9823 3.0247, 0.3358 0.9823 2.9997, 0.3539 0.9823 2.952, 0.3695 0.9823 2.9388, 0.471 0.9823 2.9328, 0.4867 0.9823 2.9424, 0.4997 0.9823 2.9551, 0.5145 0.9823 2.9979, 0.5113 0.9823 3.0214, 0.5039 0.9823 3.0393, 0.492 0.9823 3.0557, 0.4717 0.9823 3.0734, 0.5081 0.9823 2.9684, 0.5132 0.9823 2.9841, 0.399 0.9823 3.1672, 0.429 0.9823 3.151, 0.4594 0.9823 3.1682, 0.3789 0.9823 3.2851, 0.3695 0.9823 3.2743, 0.3803 0.9823 3.2863, 0.477 0.9823 3.184, 0.4879 0.9823 3.1997, 0.3632 0.9823 3.2626, 0.3597 0.9823 3.2495, 0.3589 0.9823 3.2384, 0.3798 0.9823 3.1839, 0.4945 0.9823 3.2164, 0.4972 0.9823 3.2377, 0.4954 0.9823 3.2552, 0.4841 0.9823 3.2806, 0.4742 0.9823 3.2904, 0.4909 0.9823 3.2694, 0.4623 0.9823 3.2977, 0.4478 0.9823 3.3023, 0.4293 0.9823 3.3041, 0.4094 0.9823 3.3017, 0.3942 0.9823 3.296, 0.3616 0.9823 3.2167, 0.3686 0.9823 3.1994
            ]
        }
        coordIndex [
            0,1,2,-1,2,1,3,-1,4,5,6,-1,7,8,9,-1,10,11,1,-1,12,13,6,-1,6,13,14,-1,6,14,1,-1,1,14,15,-1,1,15,10,-1,2,16,0,-1,0,16,17,-1,0,17,18,-1,18,17,19,-1,7,9,6,-1,6,9,20,-1,6,20,4,-1,5,21,6,-1,6,21,22,-1,6,22,23,-1,23,24,6,-1,6,24,25,-1,6,25,12,-1,11,26,1,-1,1,26,27,-1,1,27,3,-1,28,29,30,-1,31,32,33,-1,34,35,36,-1,37,38,39,-1,40,41,42,-1,43,44,45,-1,45,44,46,-1,47,48,49,-1,43,50,44,-1,44,50,51,-1,44,51,52,-1,47,49,53,-1,54,55,56,-1,56,55,57,-1,56,57,58,-1,48,59,49,-1,49,59,60,-1,49,60,61,-1,62,63,64,-1,64,65,62,-1,62,65,66,-1,62,66,49,-1,49,66,67,-1,49,67,53,-1,61,68,49,-1,49,68,69,-1,49,69,56,-1,56,69,70,-1,56,70,54,-1,52,71,44,-1,44,71,72,-1,44,72,62,-1,62,72,73,-1,62,73,63,-1,58,74,56,-1,56,74,75,-1,56,75,76,-1,44,77,46,-1,46,77,76,-1,46,76,78,-1,78,76,75,-1,79,80,81,-1,81,82,83,-1,56,84,85,-1,80,86,81,-1,81,86,87,-1,81,87,82,-1,56,88,89,-1,89,90,56,-1,56,90,91,-1,56,91,92,-1,93,94,95,-1,95,94,96,-1,95,96,97,-1,97,96,98,-1,97,98,84,-1,49,99,100,-1,101,102,103,-1,103,102,104,-1,105,106,107,-1,107,106,108,-1,107,108,109,-1,92,110,56,-1,56,110,111,-1,56,111,84,-1,84,111,112,-1,84,112,97,-1,49,113,114,-1,49,100,103,-1,103,100,115,-1,103,115,101,-1,116,117,118,-1,118,117,119,-1,118,119,120,-1,120,119,106,-1,120,106,121,-1,121,106,105,-1,85,122,56,-1,56,122,123,-1,56,123,49,-1,49,123,124,-1,49,124,113,-1,104,125,103,-1,103,125,126,-1,103,126,127,-1,114,128,49,-1,49,128,129,-1,49,129,99,-1,79,81,109,-1,109,81,130,-1,109,130,107,-1,131,132,133,-1,133,132,76,-1,132,134,76,-1,76,134,135,-1,76,135,56,-1,56,135,136,-1,56,136,88,-1,137,138,139,-1,140,141,142,-1,143,144,145,-1,145,144,146,-1,146,147,145,-1,145,147,148,-1,145,148,149,-1,150,151,152,-1,152,151,153,-1,152,153,154,-1,138,155,139,-1,139,155,156,-1,139,156,157,-1,157,156,158,-1,157,158,159,-1,160,161,142,-1,142,161,162,-1,142,162,140,-1,163,164,165,-1,165,164,166,-1,165,166,167,-1,168,169,170,-1,170,169,171,-1,170,171,172,-1,173,174,175,-1,175,174,176,-1,175,176,177,-1,177,176,142,-1,177,142,165,-1,165,142,141,-1,165,141,163,-1,178,179,152,-1,152,179,180,-1,152,180,150,-1,172,181,170,-1,170,181,182,-1,170,182,183,-1,184,185,173,-1,173,185,186,-1,173,186,174,-1,143,187,144,-1,144,187,188,-1,144,188,184,-1,184,188,189,-1,184,189,185,-1,149,178,145,-1,145,178,152,-1,145,152,190,-1,190,152,157,-1,190,157,191,-1,191,157,159,-1,192,193,139,-1,139,193,194,-1,139,194,137,-1,195,196,197,-1,198,199,200,-1,201,202,203,-1,204,205,206,-1,206,205,207,-1,207,208,206,-1,206,208,209,-1,206,209,210,-1,211,212,213,-1,213,212,214,-1,213,214,215,-1,198,200,216,-1,216,200,217,-1,216,217,218,-1,219,220,198,-1,198,220,221,-1,198,221,199,-1,222,223,203,-1,203,223,224,-1,203,224,201,-1,225,226,227,-1,227,226,228,-1,227,228,229,-1,230,231,232,-1,232,231,233,-1,232,233,234,-1,235,236,237,-1,237,236,238,-1,237,238,239,-1,239,238,203,-1,239,203,227,-1,227,203,202,-1,227,202,225,-1,240,241,213,-1,213,241,242,-1,213,242,211,-1,243,244,235,-1,235,244,245,-1,235,245,236,-1,204,246,205,-1,205,246,247,-1,205,247,243,-1,243,247,248,-1,243,248,244,-1,210,240,206,-1,206,240,213,-1,206,213,249,-1,249,213,216,-1,249,216,250,-1,250,216,218,-1,234,251,232,-1,232,251,252,-1,232,252,198,-1,198,252,253,-1,198,253,219,-1,254,255,256,-1,256,255,257,-1,256,257,232,-1,232,257,258,-1,232,258,230,-1,259,260,261,-1,262,263,264,-1,265,266,267,-1,268,261,269,-1,263,270,264,-1,264,270,271,-1,264,271,272,-1,273,274,268,-1,268,274,275,-1,268,275,276,-1,277,278,279,-1,279,278,280,-1,279,280,260,-1,260,280,281,-1,260,281,261,-1,282,283,284,-1,285,286,287,-1,266,288,267,-1,267,288,289,-1,267,289,290,-1,276,291,268,-1,268,291,292,-1,268,292,261,-1,261,292,293,-1,261,293,259,-1,282,294,295,-1,282,284,267,-1,267,284,296,-1,267,296,265,-1,297,298,299,-1,299,298,300,-1,299,300,301,-1,301,300,285,-1,301,285,302,-1,302,285,287,-1,285,303,286,-1,286,303,304,-1,286,304,305,-1,269,306,268,-1,268,306,307,-1,268,307,282,-1,282,307,308,-1,282,308,294,-1,295,309,282,-1,282,309,310,-1,282,310,283,-1,290,311,267,-1,267,311,305,-1,267,305,264,-1,264,305,304,-1,264,304,262,-1,272,312,264,-1,264,312,313,-1,264,313,314,-1,315,316,317,-1,317,316,318,-1,317,318,268,-1,268,318,319,-1,268,319,273,-1,320,321,264,-1,322,323,324,-1,324,323,325,-1,325,326,324,-1,324,326,327,-1,324,327,328,-1,328,329,324,-1,324,329,330,-1,324,330,320,-1,331,332,322,-1,322,332,333,-1,322,333,323,-1,264,321,267,-1,267,321,334,-1,267,334,335,-1,335,334,336,-1,335,336,337,-1,337,338,335,-1,335,338,339,-1,335,339,340,-1,341,342,343,-1,343,342,344,-1,344,345,343,-1,343,345,346,-1,343,346,347,-1,348,349,350,-1,350,349,351,-1,348,352,349,-1,349,352,353,-1,349,353,354,-1,340,355,335,-1,335,355,356,-1,335,356,349,-1,349,356,357,-1,349,357,351,-1,358,359,360,-1,361,362,363,-1,363,37,361,-1,361,37,39,-1,361,39,29,-1,29,39,364,-1,29,364,30,-1,30,364,365,-1,30,365,359,-1,359,365,366,-1,359,366,360,-1,360,40,358,-1,358,40,42,-1,358,42,343,-1,343,42,367,-1,343,367,368,-1,369,363,370,-1,370,363,362,-1,370,362,368,-1,368,362,349,-1,368,349,343,-1,343,349,354,-1,343,354,341,-1,371,372,373,-1,373,372,374,-1,372,34,374,-1,374,34,36,-1,374,36,375,-1,375,36,376,-1,375,376,377,-1,377,376,378,-1,377,378,379,-1,380,381,382,-1,382,381,383,-1,384,385,386,-1,386,385,387,-1,388,389,390,-1,385,391,387,-1,387,391,392,-1,387,392,388,-1,388,392,393,-1,388,393,389,-1,389,393,394,-1,393,395,394,-1,394,395,396,-1,394,396,397,-1,398,399,400,-1,398,400,401,-1,399,402,400,-1,400,402,403,-1,400,403,404,-1,404,403,405,-1,404,405,406,-1,401,407,408,-1,408,407,409,-1,410,411,197,-1,197,411,412,-1,197,412,195,-1,195,412,152,-1,195,152,413,-1,413,152,154,-1,411,414,412,-1,412,414,415,-1,412,415,407,-1,407,415,416,-1,407,416,409,-1,417,418,419,-1,420,419,421,-1,406,422,404,-1,404,422,423,-1,404,423,424,-1,424,423,425,-1,424,425,426,-1,427,428,388,-1,428,429,388,-1,388,429,430,-1,388,430,431,-1,426,432,424,-1,424,432,433,-1,424,433,434,-1,435,436,420,-1,420,436,437,-1,420,437,438,-1,439,440,441,-1,441,440,442,-1,441,442,418,-1,418,442,443,-1,418,443,419,-1,444,445,446,-1,446,445,447,-1,446,447,390,-1,390,447,420,-1,390,420,388,-1,388,420,421,-1,388,421,427,-1,431,448,388,-1,388,448,449,-1,388,449,450,-1,438,451,420,-1,420,451,452,-1,420,452,419,-1,419,452,453,-1,419,453,417,-1,434,454,424,-1,424,454,455,-1,424,455,420,-1,420,455,456,-1,420,456,435,-1,457,458,459,-1,459,458,460,-1,459,460,406,-1,406,460,461,-1,406,461,422,-1,462,463,464,-1,464,463,465,-1,464,465,466,-1,466,465,457,-1,466,457,467,-1,467,457,459,-1,468,469,470,-1,470,469,471,-1,471,472,470,-1,470,472,473,-1,470,473,474,-1,474,475,470,-1,470,475,476,-1,470,476,404,-1,404,476,477,-1,404,477,478,-1,478,479,404,-1,404,479,480,-1,404,480,481,-1,482,483,400,-1,400,483,484,-1,400,484,485,-1,481,486,404,-1,404,486,487,-1,404,487,400,-1,400,487,488,-1,400,488,482,-1,489,490,491,-1,490,492,491,-1,491,492,493,-1,491,493,468,-1,468,493,494,-1,468,494,469,-1,495,496,497,-1,497,496,498,-1,497,498,489,-1,499,500,501,-1,501,500,502,-1,501,502,497,-1,497,502,503,-1,497,503,495,-1,485,504,400,-1,400,504,499,-1,400,499,256,-1,256,499,501,-1,256,501,254,-1,254,501,213,-1,254,213,505,-1,505,213,215,-1,317,491,506,-1,506,507,317,-1,317,507,314,-1,317,314,315,-1,315,314,313,-1,508,509,491,-1,510,511,512,-1,512,511,513,-1,512,513,514,-1,507,515,314,-1,314,515,516,-1,314,516,513,-1,513,516,517,-1,513,517,518,-1,508,491,519,-1,509,520,491,-1,491,520,521,-1,491,521,506,-1,522,523,524,-1,524,523,525,-1,524,525,526,-1,526,525,527,-1,526,527,528,-1,528,527,529,-1,528,529,530,-1,531,528,532,-1,532,528,533,-1,518,534,513,-1,513,534,523,-1,513,523,514,-1,514,523,522,-1,514,522,535,-1,535,522,536,-1,535,536,537,-1,537,536,538,-1,537,538,539,-1,540,541,542,-1,542,541,543,-1,542,543,537,-1,468,544,545,-1,530,546,528,-1,528,546,547,-1,528,547,548,-1,539,549,537,-1,537,549,550,-1,537,550,551,-1,551,552,537,-1,537,552,553,-1,537,553,542,-1,531,532,554,-1,554,532,555,-1,554,555,556,-1,557,558,559,-1,559,558,560,-1,560,558,542,-1,542,558,561,-1,542,561,540,-1,562,563,564,-1,564,563,565,-1,564,565,566,-1,566,565,567,-1,566,567,568,-1,568,567,569,-1,570,571,468,-1,468,571,572,-1,468,572,573,-1,548,574,528,-1,528,574,575,-1,528,575,533,-1,573,576,468,-1,468,576,577,-1,468,577,544,-1,544,577,578,-1,544,578,567,-1,567,578,579,-1,567,579,569,-1,545,580,468,-1,468,580,581,-1,468,581,491,-1,491,581,582,-1,491,582,519,-1,510,583,511,-1,511,583,584,-1,511,584,468,-1,468,584,585,-1,468,585,570,-1,586,587,33,-1,588,589,590,-1,590,589,591,-1,590,591,592,-1,592,591,593,-1,592,593,594,-1,594,593,595,-1,594,595,596,-1,597,598,382,-1,599,380,33,-1,33,380,382,-1,33,382,586,-1,586,382,598,-1,586,598,600,-1,601,602,386,-1,386,602,445,-1,386,445,384,-1,384,445,444,-1,384,444,603,-1,127,130,103,-1,103,130,81,-1,103,81,139,-1,139,81,170,-1,139,170,192,-1,192,170,183,-1,83,131,81,-1,81,131,133,-1,81,133,170,-1,170,133,197,-1,170,197,168,-1,168,197,196,-1,77,601,76,-1,76,601,386,-1,76,386,133,-1,133,386,387,-1,133,387,197,-1,197,387,388,-1,197,388,410,-1,410,388,450,-1,401,400,407,-1,407,400,256,-1,407,256,412,-1,412,256,232,-1,412,232,152,-1,152,232,198,-1,152,198,157,-1,489,491,497,-1,497,491,317,-1,497,317,501,-1,501,317,268,-1,501,268,213,-1,213,268,282,-1,213,282,216,-1,320,264,324,-1,324,264,314,-1,324,314,322,-1,322,314,513,-1,322,513,594,-1,594,513,511,-1,594,511,592,-1,604,382,331,-1,331,382,383,-1,331,383,373,-1,373,383,605,-1,373,605,371,-1,604,606,382,-1,382,606,594,-1,382,594,597,-1,597,594,596,-1,606,607,594,-1,594,607,608,-1,594,608,322,-1,322,608,609,-1,322,609,331,-1,331,609,610,-1,331,610,604,-1,604,610,611,-1,378,599,379,-1,379,599,33,-1,379,33,612,-1,612,33,32,-1,613,614,588,-1,588,614,615,-1,587,589,33,-1,33,589,588,-1,33,588,31,-1,31,588,615,-1,31,615,616,-1,347,332,343,-1,343,332,331,-1,343,331,358,-1,358,331,373,-1,358,373,359,-1,359,373,374,-1,359,374,30,-1,30,374,375,-1,612,614,379,-1,379,614,613,-1,379,613,377,-1,377,613,617,-1,28,30,618,-1,618,30,375,-1,618,375,619,-1,619,375,377,-1,619,377,620,-1,620,377,617,-1,620,617,621,-1,622,623,624,-1,624,623,625,-1,624,625,626,-1,627,628,629,-1,630,631,624,-1,628,632,629,-1,629,632,633,-1,629,633,634,-1,627,629,624,-1,624,629,635,-1,624,635,630,-1,631,636,624,-1,624,636,637,-1,624,637,622,-1,626,638,624,-1,624,638,639,-1,624,639,640,-1,641,642,643,-1,643,644,641,-1,641,644,645,-1,641,645,624,-1,640,646,624,-1,624,646,647,-1,624,647,641,-1,648,649,650,-1,650,651,652,-1,651,650,653,-1,653,650,654,-1,653,654,655,-1,652,656,650,-1,650,656,657,-1,650,657,658,-1,648,650,659,-1,655,660,653,-1,653,660,661,-1,653,661,662,-1,663,664,665,-1,665,664,666,-1,665,666,662,-1,662,666,667,-1,662,667,668,-1,668,669,662,-1,662,669,670,-1,662,670,653,-1,658,671,650,-1,650,671,672,-1,650,672,659,-1,
        ]
    }
}
Shape{
    appearance Appearance {
        material  Material 	{
            diffuseColor 1.0 1.0 1.0
            specularColor 0.8784313725490196 0.8784313725490196 0.8784313725490196
            ambientIntensity 1.0
            transparency 0.0
            shininess 0.5
        }
    }
    geometry IndexedFaceSet {
        ccw TRUE
        solid FALSE
        coord DEF co Coordinate {
            point [
                0.8581 0.9823 3.2613, 0.9019 0.9823 3.3065, 0.8454 0.9823 3.2803, 0.8825 0.9823 3.3272, 0.8335 0.9823 3.2915, 0.8587 0.9823 3.3428, 0.8204 0.9823 3.2989, 0.831 0.9823 3.3524, 0.8056 0.9823 3.3032, 0.8243 0.9823 3.3531, 0.7935 0.9823 3.3041, 0.7968 0.9823 3.3559, 0.7721 0.9823 3.3531, 0.7738 0.9823 3.3017, 0.757 0.9823 3.3513, 0.7588 0.9823 3.2959, 0.7282 0.9823 3.3404, 0.7451 0.9823 3.2863, 0.7063 0.9823 3.3258, 0.7317 0.9823 3.2709, 0.6841 0.9823 3.3027, 0.7175 0.9823 3.2435, 0.6642 0.9823 3.2693, 0.7045 0.9823 3.1918, 0.643 0.9823 3.1993, 0.6988 0.9823 3.1077, 0.6354 0.9823 3.1048, 0.7066 0.9823 3.0166, 0.6425 0.9823 3.018, 0.7206 0.9823 2.9727, 0.6599 0.9823 2.9592, 0.7327 0.9823 2.9527, 0.6814 0.9823 2.9224, 0.7462 0.9823 2.9388, 0.7023 0.9823 2.9004, 0.7599 0.9823 2.9304, 0.7257 0.9823 2.8851, 0.776 0.9823 2.9253, 0.7527 0.9823 2.8756, 0.7917 0.9823 2.9238, 0.7861 0.9823 2.872, 0.8107 0.9823 2.926, 0.8202 0.9823 2.8755, 0.8254 0.9823 2.9317, 0.8504 0.9823 2.8859, 0.8387 0.9823 2.9409, 0.8774 0.9823 2.9039, 0.8516 0.9823 2.9556, 0.9006 0.9823 2.9293, 0.8646 0.9823 2.9802, 0.9221 0.9823 2.9677, 0.8773 0.9823 3.0281, 0.9395 0.9823 3.0285, 0.8832 0.9823 3.1107, 0.9466 0.9823 3.1159, 0.8737 0.9823 3.216, 0.9389 0.9823 3.2122, 0.9218 0.9823 3.2714
            ]
        }
        coordIndex [
            0,1,2,-1,2,1,3,-1,2,3,4,-1,4,3,5,-1,4,5,6,-1,6,5,7,-1,6,7,8,-1,8,7,9,-1,8,9,10,-1,9,11,10,-1,10,11,12,-1,10,12,13,-1,13,12,14,-1,13,14,15,-1,15,14,16,-1,15,16,17,-1,17,16,18,-1,17,18,19,-1,19,18,20,-1,19,20,21,-1,21,20,22,-1,21,22,23,-1,23,22,24,-1,23,24,25,-1,25,24,26,-1,25,26,27,-1,27,26,28,-1,27,28,29,-1,29,28,30,-1,29,30,31,-1,31,30,32,-1,31,32,33,-1,33,32,34,-1,33,34,35,-1,35,34,36,-1,35,36,37,-1,37,36,38,-1,37,38,39,-1,39,38,40,-1,39,40,41,-1,41,40,42,-1,41,42,43,-1,43,42,44,-1,43,44,45,-1,45,44,46,-1,45,46,47,-1,47,46,48,-1,47,48,49,-1,49,48,50,-1,49,50,51,-1,51,50,52,-1,51,52,53,-1,53,52,54,-1,53,54,55,-1,55,54,56,-1,55,56,0,-1,0,56,57,-1,0,57,1,-1,
        ]
    }
}
Shape{
    appearance Appearance {
        material  Material 	{
            diffuseColor 0.08235294117647059 0.08235294117647059 0.08235294117647059
            specularColor 0.07058823529411765 0.07058823529411765 0.07058823529411765
            ambientIntensity 0.0824
            transparency 0.0
            shininess 0.5
        }
    }
    geometry IndexedFaceSet {
        ccw TRUE
        solid FALSE
        coord DEF co Coordinate {
            point [
                -0.0172 0.9823 3.1516, -0.0058 0.9823 3.1325, 0.145 0.9823 3.176, 0.0071 0.9823 3.1196, 0.1187 0.9823 3.2748, 0.1048 0.9823 3.2886, -0.0258 0.9823 3.2233, 0.0233 0.9823 3.1097, 0.0412 0.9823 3.1042, 0.0612 0.9823 3.1024, 0.0897 0.9823 3.2977, 0.0715 0.9823 3.303, 0.0577 0.9823 3.3041, 0.1169 0.9823 3.1232, 0.1006 0.9823 3.1118, 0.0833 0.9823 3.1051, 0.1314 0.9823 3.1397, 0.1402 0.9823 3.1568, -0.0245 0.9823 3.1748, 0.1457 0.9823 3.1882, -0.0271 0.9823 3.2042, 0.1423 0.9823 3.2235, 0.1333 0.9823 3.2512, 0.0358 0.9823 3.3013, 0.0204 0.9823 3.2951, -0.0197 0.9823 3.2474, 0.006 0.9823 3.2849, -0.0091 0.9823 3.2677
            ]
        }
        coordIndex [
            0,1,2,-1,2,1,3,-1,4,5,6,-1,3,7,2,-1,2,7,8,-1,2,8,9,-1,5,10,6,-1,6,10,11,-1,6,11,12,-1,13,9,14,-1,14,9,15,-1,13,16,9,-1,9,16,17,-1,9,17,2,-1,0,2,18,-1,18,2,19,-1,18,19,20,-1,20,19,21,-1,20,21,6,-1,6,21,22,-1,6,22,4,-1,12,23,6,-1,6,23,24,-1,6,24,25,-1,25,24,26,-1,25,26,27,-1,
        ]
    }
}
Shape{
    appearance Appearance {
        material  Material 	{
            diffuseColor 1.0 1.0 1.0
            specularColor 0.8784313725490196 0.8784313725490196 0.8784313725490196
            ambientIntensity 1.0
            transparency 0.0
            shininess 0.5
        }
    }
    geometry IndexedFaceSet {
        ccw TRUE
        solid FALSE
        coord DEF co Coordinate {
            point [
                0.3326 0.9823 3.1006, 0.306 0.9823 3.0759, 0.3474 0.9823 3.0426, 0.344 0.9823 2.9657, 0.3383 0.9823 2.98, 0.2801 0.9823 2.9718, 0.2782 0.9823 2.9948, 0.3395 0.9823 3.0247, 0.477 0.9823 3.184, 0.3606 0.9823 3.0598, 0.3832 0.9823 3.0782, 0.3358 0.9823 2.9997, 0.336 0.9823 3.0049, 0.2818 0.9823 3.0268, 0.2914 0.9823 3.0534, 0.4594 0.9823 3.1682, 0.429 0.9823 3.151, 0.2875 0.9823 2.946, 0.3001 0.9823 2.9241, 0.3539 0.9823 2.952, 0.3193 0.9823 2.9037, 0.3695 0.9823 2.9388, 0.3471 0.9823 2.8858, 0.3872 0.9823 2.93, 0.3774 0.9823 2.8758, 0.4089 0.9823 2.9249, 0.4153 0.9823 2.872, 0.4263 0.9823 2.9238, 0.4879 0.9823 3.1997, 0.4743 0.9823 3.1265, 0.4743 0.9823 3.1253, 0.4224 0.9823 3.0981, 0.433 0.9823 3.0941, 0.5118 0.9823 3.107, 0.4717 0.9823 3.0734, 0.5376 0.9823 3.0867, 0.492 0.9823 3.0557, 0.5557 0.9823 3.0635, 0.5039 0.9823 3.0393, 0.5671 0.9823 3.0369, 0.5113 0.9823 3.0214, 0.5718 0.9823 3.0084, 0.5145 0.9823 2.9979, 0.4515 0.9823 2.9263, 0.4393 0.9823 2.8729, 0.471 0.9823 2.9328, 0.4862 0.9823 2.8822, 0.4867 0.9823 2.9424, 0.5177 0.9823 2.8971, 0.5257 0.9823 2.9026, 0.4997 0.9823 2.9551, 0.545 0.9823 2.9207, 0.5081 0.9823 2.9684, 0.5591 0.9823 2.9416, 0.5132 0.9823 2.9841, 0.5683 0.9823 2.9664, 0.5721 0.9823 2.9995, 0.3468 0.9823 3.3327, 0.3225 0.9823 3.312, 0.3695 0.9823 3.2743, 0.3589 0.9823 3.2384, 0.2976 0.9823 3.2163, 0.3616 0.9823 3.2167, 0.3056 0.9823 3.1916, 0.3686 0.9823 3.1994, 0.3187 0.9823 3.1704, 0.3798 0.9823 3.1839, 0.3426 0.9823 3.1471, 0.399 0.9823 3.1672, 0.3774 0.9823 3.1262, 0.3774 0.9823 3.125, 0.375 0.9823 3.124, 0.3632 0.9823 3.2626, 0.3082 0.9823 3.292, 0.3597 0.9823 3.2495, 0.2993 0.9823 3.2696, 0.2955 0.9823 3.2393, 0.4293 0.9823 3.3041, 0.4076 0.9823 3.3543, 0.4094 0.9823 3.3017, 0.4024 0.9823 3.3531, 0.3942 0.9823 3.296, 0.3749 0.9823 3.3466, 0.3803 0.9823 3.2863, 0.3789 0.9823 3.2851, 0.5313 0.9823 3.1678, 0.5477 0.9823 3.1916, 0.4945 0.9823 3.2164, 0.5569 0.9823 3.2159, 0.4972 0.9823 3.2377, 0.5605 0.9823 3.2465, 0.4954 0.9823 3.2552, 0.5585 0.9823 3.2688, 0.4909 0.9823 3.2694, 0.5515 0.9823 3.2906, 0.4841 0.9823 3.2806, 0.5397 0.9823 3.3099, 0.5214 0.9823 3.3281, 0.4742 0.9823 3.2904, 0.4987 0.9823 3.3424, 0.4623 0.9823 3.2977, 0.4694 0.9823 3.3523, 0.4478 0.9823 3.3023, 0.4617 0.9823 3.3531, 0.4335 0.9823 3.3559, 0.5044 0.9823 3.144
            ]
        }
        coordIndex [
            0,1,2,-1,3,4,5,-1,5,4,6,-1,2,1,7,-1,8,9,10,-1,4,11,6,-1,6,11,12,-1,6,12,13,-1,13,12,7,-1,13,7,14,-1,14,7,1,-1,8,15,9,-1,9,15,16,-1,9,16,2,-1,5,17,3,-1,3,17,18,-1,3,18,19,-1,19,18,20,-1,19,20,21,-1,21,20,22,-1,21,22,23,-1,23,22,24,-1,23,24,25,-1,25,24,26,-1,25,26,27,-1,28,8,29,-1,29,8,10,-1,29,10,30,-1,10,31,30,-1,30,31,32,-1,30,32,33,-1,33,32,34,-1,33,34,35,-1,35,34,36,-1,35,36,37,-1,37,36,38,-1,37,38,39,-1,39,38,40,-1,39,40,41,-1,41,40,42,-1,27,26,43,-1,43,26,44,-1,43,44,45,-1,45,44,46,-1,45,46,47,-1,46,48,47,-1,47,48,49,-1,47,49,50,-1,50,49,51,-1,50,51,52,-1,52,51,53,-1,52,53,54,-1,54,53,55,-1,54,55,42,-1,42,55,56,-1,42,56,41,-1,57,58,59,-1,60,61,62,-1,62,61,63,-1,62,63,64,-1,64,63,65,-1,64,65,66,-1,66,65,67,-1,66,67,68,-1,68,67,69,-1,68,69,16,-1,16,69,70,-1,16,70,2,-1,2,70,71,-1,2,71,0,-1,59,58,72,-1,72,58,73,-1,72,73,74,-1,74,73,75,-1,74,75,60,-1,60,75,76,-1,60,76,61,-1,77,78,79,-1,79,78,80,-1,79,80,81,-1,81,80,82,-1,81,82,83,-1,83,82,57,-1,83,57,84,-1,84,57,59,-1,85,86,87,-1,87,86,88,-1,87,88,89,-1,89,88,90,-1,89,90,91,-1,91,90,92,-1,91,92,93,-1,93,92,94,-1,93,94,95,-1,94,96,95,-1,95,96,97,-1,95,97,98,-1,98,97,99,-1,98,99,100,-1,100,99,101,-1,100,101,102,-1,102,101,103,-1,102,103,77,-1,77,103,104,-1,77,104,78,-1,28,29,87,-1,87,29,105,-1,87,105,85,-1,
        ]
    }
}
Shape{
    appearance Appearance {
        material  Material 	{
            diffuseColor 0.08235294117647059 0.08235294117647059 0.08235294117647059
            specularColor 0.07058823529411765 0.07058823529411765 0.07058823529411765
            ambientIntensity 0.0824
            transparency 0.0
            shininess 0.5
        }
    }
    geometry IndexedFaceSet {
        ccw TRUE
        solid FALSE
        coord DEF co Coordinate {
            point [
                -0.3802 0.9823 3.1516, -0.3688 0.9823 3.1325, -0.218 0.9823 3.176, -0.3559 0.9823 3.1196, -0.2442 0.9823 3.2748, -0.2581 0.9823 3.2886, -0.3888 0.9823 3.2233, -0.3397 0.9823 3.1097, -0.3218 0.9823 3.1042, -0.3018 0.9823 3.1024, -0.2733 0.9823 3.2977, -0.2915 0.9823 3.303, -0.3053 0.9823 3.3041, -0.2461 0.9823 3.1232, -0.2624 0.9823 3.1118, -0.2797 0.9823 3.1051, -0.2316 0.9823 3.1397, -0.2228 0.9823 3.1568, -0.3874 0.9823 3.1748, -0.2173 0.9823 3.1882, -0.3901 0.9823 3.2042, -0.2207 0.9823 3.2235, -0.2297 0.9823 3.2512, -0.3272 0.9823 3.3013, -0.3425 0.9823 3.2951, -0.3827 0.9823 3.2474, -0.3569 0.9823 3.2849, -0.3721 0.9823 3.2677
            ]
        }
        coordIndex [
            0,1,2,-1,2,1,3,-1,4,5,6,-1,3,7,2,-1,2,7,8,-1,2,8,9,-1,5,10,6,-1,6,10,11,-1,6,11,12,-1,13,9,14,-1,14,9,15,-1,13,16,9,-1,9,16,17,-1,9,17,2,-1,0,2,18,-1,18,2,19,-1,18,19,20,-1,20,19,21,-1,20,21,6,-1,6,21,22,-1,6,22,4,-1,12,23,6,-1,6,23,24,-1,6,24,25,-1,25,24,26,-1,25,26,27,-1,
        ]
    }
}
Shape{
    appearance Appearance {
        material  Material 	{
            diffuseColor 1.0 1.0 1.0
            specularColor 0.8784313725490196 0.8784313725490196 0.8784313725490196
            ambientIntensity 1.0
            transparency 0.0
            shininess 0.5
        }
    }
    geometry IndexedFaceSet {
        ccw TRUE
        solid FALSE
        coord DEF co Coordinate {
            point [
                -0.0273 0.9823 2.93, -0.0675 0.9823 2.9483, -0.0675 0.9823 2.8965, 0.0897 0.9823 3.2977, 0.1048 0.9823 3.2886, 0.1462 0.9823 3.3269, 0.149 0.9823 3.1103, 0.1445 0.9823 3.0507, 0.2018 0.9823 3.0522, -0.057 0.9823 2.8898, -0.0274 0.9823 2.8776, 0.0108 0.9823 2.9239, 0.0165 0.9823 2.872, 0.1479 0.9823 3.1103, 0.1457 0.9823 3.1882, 0.145 0.9823 3.176, 0.1665 0.9823 3.3058, 0.1187 0.9823 3.2748, 0.1863 0.9823 3.2722, 0.1333 0.9823 3.2512, 0.2027 0.9823 3.218, 0.1423 0.9823 3.2235, 0.1835 0.9823 2.9879, 0.1304 0.9823 3.0011, 0.1587 0.9823 2.9429, 0.1127 0.9823 2.9702, 0.1309 0.9823 2.912, 0.0943 0.9823 2.9504, 0.0989 0.9823 2.8904, 0.0722 0.9823 2.9358, 0.0625 0.9823 2.8771, 0.0473 0.9823 2.9271, 0.0164 0.9823 2.9238, 0.1228 0.9823 3.3424, 0.0955 0.9823 3.3522, 0.0715 0.9823 3.303, 0.0874 0.9823 3.3531, 0.0577 0.9823 3.3041, 0.2091 0.9823 3.1413, 0.1488 0.9823 3.1101, 0.1487 0.9823 3.11, 0.1402 0.9823 3.1568, 0.1314 0.9823 3.1397, 0.1325 0.9823 3.087, 0.1169 0.9823 3.1232, 0.1151 0.9823 3.0708, 0.1006 0.9823 3.1118, 0.0955 0.9823 3.0598, 0.0833 0.9823 3.1051, 0.0714 0.9823 3.0528, 0.0612 0.9823 3.1024, 0.0449 0.9823 3.0506, 0.0412 0.9823 3.1042, 0.0094 0.9823 3.0548, 0.0233 0.9823 3.1097, -0.0185 0.9823 3.0655, 0.0071 0.9823 3.1196, -0.0438 0.9823 3.0833, -0.0058 0.9823 3.1325, 0.0611 0.9823 3.3559, 0.0378 0.9823 3.3531, 0.0358 0.9823 3.3013, 0.0175 0.9823 3.3506, 0.0204 0.9823 3.2951, -0.0132 0.9823 3.3385, 0.006 0.9823 3.2849, -0.0389 0.9823 3.3205, -0.0091 0.9823 3.2677, -0.0526 0.9823 3.3066, -0.0197 0.9823 3.2474, -0.074 0.9823 3.2745, -0.0258 0.9823 3.2233, -0.086 0.9823 3.24, -0.0271 0.9823 3.2042, -0.0905 0.9823 3.1973, -0.0245 0.9823 3.1748, -0.0885 0.9823 3.1689, -0.0172 0.9823 3.1516, -0.0802 0.9823 3.1364, -0.064 0.9823 3.1059, 0.1482 0.9823 3.11, 0.1483 0.9823 3.1099, 0.1484 0.9823 3.1099, 0.1485 0.9823 3.1099, 0.1486 0.9823 3.1099
            ]
        }
        coordIndex [
            0,1,2,-1,3,4,5,-1,6,7,8,-1,2,9,0,-1,0,9,10,-1,0,10,11,-1,11,10,12,-1,13,14,15,-1,5,4,16,-1,16,4,17,-1,16,17,18,-1,18,17,19,-1,18,19,20,-1,20,19,21,-1,20,21,14,-1,8,7,22,-1,22,7,23,-1,22,23,24,-1,24,23,25,-1,24,25,26,-1,26,25,27,-1,26,27,28,-1,28,27,29,-1,28,29,30,-1,30,29,31,-1,30,31,12,-1,12,31,32,-1,12,32,11,-1,5,33,3,-1,3,33,34,-1,3,34,35,-1,35,34,36,-1,35,36,37,-1,8,38,6,-1,6,38,20,-1,6,20,39,-1,39,20,14,-1,39,14,40,-1,15,41,13,-1,13,41,42,-1,13,42,43,-1,43,42,44,-1,43,44,45,-1,45,44,46,-1,45,46,47,-1,47,46,48,-1,47,48,49,-1,49,48,50,-1,49,50,51,-1,51,50,52,-1,51,52,53,-1,53,52,54,-1,53,54,55,-1,55,54,56,-1,55,56,57,-1,57,56,58,-1,36,59,37,-1,37,59,60,-1,37,60,61,-1,61,60,62,-1,61,62,63,-1,63,62,64,-1,63,64,65,-1,65,64,66,-1,65,66,67,-1,67,66,68,-1,67,68,69,-1,69,68,70,-1,69,70,71,-1,71,70,72,-1,71,72,73,-1,73,72,74,-1,73,74,75,-1,75,74,76,-1,75,76,77,-1,77,76,78,-1,77,78,58,-1,58,78,79,-1,58,79,57,-1,13,80,14,-1,14,80,81,-1,14,81,82,-1,82,83,14,-1,14,83,84,-1,14,84,40,-1,
        ]
    }
}
Shape{
    appearance Appearance {
        material  Material 	{
            diffuseColor 0.08235294117647059 0.08235294117647059 0.08235294117647059
            specularColor 0.07058823529411765 0.07058823529411765 0.07058823529411765
            ambientIntensity 0.0824
            transparency 0.0
            shininess 0.5
        }
    }
    geometry IndexedFaceSet {
        ccw TRUE
        solid FALSE
        coord DEF co Coordinate {
            point [
                -0.7017 0.9823 2.93, -0.68 0.9823 2.9249, -0.656 0.9823 3.0941, -0.6626 0.9823 2.9238, -0.6374 0.9823 2.9263, -0.6665 0.9823 3.0981, -0.7057 0.9823 3.0782, -0.7529 0.9823 3.0049, -0.7506 0.9823 2.98, -0.7449 0.9823 2.9657, -0.7283 0.9823 3.0598, -0.7415 0.9823 3.0426, -0.7494 0.9823 3.0247, -0.7531 0.9823 2.9997, -0.735 0.9823 2.952, -0.7194 0.9823 2.9388, -0.6179 0.9823 2.9328, -0.6022 0.9823 2.9424, -0.5892 0.9823 2.9551, -0.5745 0.9823 2.9979, -0.5776 0.9823 3.0214, -0.585 0.9823 3.0393, -0.5969 0.9823 3.0557, -0.6172 0.9823 3.0734, -0.5808 0.9823 2.9684, -0.5757 0.9823 2.9841, -0.6899 0.9823 3.1672, -0.6599 0.9823 3.151, -0.6296 0.9823 3.1682, -0.71 0.9823 3.2851, -0.7195 0.9823 3.2743, -0.7087 0.9823 3.2863, -0.612 0.9823 3.184, -0.601 0.9823 3.1997, -0.7257 0.9823 3.2626, -0.7292 0.9823 3.2495, -0.73 0.9823 3.2384, -0.7092 0.9823 3.1839, -0.5944 0.9823 3.2164, -0.5917 0.9823 3.2377, -0.5935 0.9823 3.2552, -0.6049 0.9823 3.2806, -0.6147 0.9823 3.2904, -0.598 0.9823 3.2694, -0.6267 0.9823 3.2977, -0.6411 0.9823 3.3023, -0.6596 0.9823 3.3041, -0.6795 0.9823 3.3017, -0.6947 0.9823 3.296, -0.7273 0.9823 3.2167, -0.7203 0.9823 3.1994
            ]
        }
        coordIndex [
            0,1,2,-1,2,1,3,-1,2,3,4,-1,5,6,7,-1,8,9,2,-1,6,10,7,-1,7,10,11,-1,7,11,12,-1,5,7,2,-1,2,7,13,-1,2,13,8,-1,9,14,2,-1,2,14,15,-1,2,15,0,-1,4,16,2,-1,2,16,17,-1,2,17,18,-1,19,20,21,-1,21,22,19,-1,19,22,23,-1,19,23,2,-1,18,24,2,-1,2,24,25,-1,2,25,19,-1,26,27,28,-1,28,29,30,-1,29,28,31,-1,31,28,32,-1,31,32,33,-1,30,34,28,-1,28,34,35,-1,28,35,36,-1,26,28,37,-1,33,38,31,-1,31,38,39,-1,31,39,40,-1,41,42,43,-1,43,42,44,-1,43,44,40,-1,40,44,45,-1,40,45,46,-1,46,47,40,-1,40,47,48,-1,40,48,31,-1,36,49,28,-1,28,49,50,-1,28,50,37,-1,
        ]
    }
}
Shape{
    appearance Appearance {
        material  Material 	{
            diffuseColor 1.0 1.0 1.0
            specularColor 0.8784313725490196 0.8784313725490196 0.8784313725490196
            ambientIntensity 1.0
            transparency 0.0
            shininess 0.5
        }
    }
    geometry IndexedFaceSet {
        ccw TRUE
        solid FALSE
        coord DEF co Coordinate {
            point [
                -0.3903 0.9823 2.93, -0.4304 0.9823 2.9483, -0.4304 0.9823 2.8965, -0.2733 0.9823 3.2977, -0.2581 0.9823 3.2886, -0.2167 0.9823 3.3269, -0.2139 0.9823 3.1103, -0.2185 0.9823 3.0507, -0.1611 0.9823 3.0522, -0.42 0.9823 2.8898, -0.3904 0.9823 2.8776, -0.3522 0.9823 2.9239, -0.3464 0.9823 2.872, -0.2151 0.9823 3.1103, -0.2173 0.9823 3.1882, -0.218 0.9823 3.176, -0.1965 0.9823 3.3058, -0.2442 0.9823 3.2748, -0.1767 0.9823 3.2722, -0.2297 0.9823 3.2512, -0.1603 0.9823 3.218, -0.2207 0.9823 3.2235, -0.1794 0.9823 2.9879, -0.2326 0.9823 3.0011, -0.2042 0.9823 2.9429, -0.2503 0.9823 2.9702, -0.2321 0.9823 2.912, -0.2686 0.9823 2.9504, -0.264 0.9823 2.8904, -0.2908 0.9823 2.9358, -0.3005 0.9823 2.8771, -0.3157 0.9823 2.9271, -0.3466 0.9823 2.9238, -0.2402 0.9823 3.3424, -0.2675 0.9823 3.3522, -0.2915 0.9823 3.303, -0.2756 0.9823 3.3531, -0.3053 0.9823 3.3041, -0.1539 0.9823 3.1413, -0.2141 0.9823 3.1101, -0.2143 0.9823 3.11, -0.2228 0.9823 3.1568, -0.2316 0.9823 3.1397, -0.2305 0.9823 3.087, -0.2461 0.9823 3.1232, -0.2479 0.9823 3.0708, -0.2624 0.9823 3.1118, -0.2675 0.9823 3.0598, -0.2797 0.9823 3.1051, -0.2916 0.9823 3.0528, -0.3018 0.9823 3.1024, -0.3181 0.9823 3.0506, -0.3218 0.9823 3.1042, -0.3536 0.9823 3.0548, -0.3397 0.9823 3.1097, -0.3815 0.9823 3.0655, -0.3559 0.9823 3.1196, -0.4068 0.9823 3.0833, -0.3688 0.9823 3.1325, -0.3019 0.9823 3.3559, -0.3252 0.9823 3.3531, -0.3272 0.9823 3.3013, -0.3455 0.9823 3.3506, -0.3425 0.9823 3.2951, -0.3762 0.9823 3.3385, -0.3569 0.9823 3.2849, -0.4018 0.9823 3.3205, -0.3721 0.9823 3.2677, -0.4156 0.9823 3.3066, -0.3827 0.9823 3.2474, -0.4369 0.9823 3.2745, -0.3888 0.9823 3.2233, -0.449 0.9823 3.24, -0.3901 0.9823 3.2042, -0.4535 0.9823 3.1973, -0.3874 0.9823 3.1748, -0.4515 0.9823 3.1689, -0.3802 0.9823 3.1516, -0.4431 0.9823 3.1364, -0.427 0.9823 3.1059, -0.2148 0.9823 3.11, -0.2147 0.9823 3.1099, -0.2146 0.9823 3.1099, -0.2145 0.9823 3.1099, -0.2144 0.9823 3.1099
            ]
        }
        coordIndex [
            0,1,2,-1,3,4,5,-1,6,7,8,-1,2,9,0,-1,0,9,10,-1,0,10,11,-1,11,10,12,-1,13,14,15,-1,5,4,16,-1,16,4,17,-1,16,17,18,-1,18,17,19,-1,18,19,20,-1,20,19,21,-1,20,21,14,-1,8,7,22,-1,22,7,23,-1,22,23,24,-1,24,23,25,-1,24,25,26,-1,26,25,27,-1,26,27,28,-1,28,27,29,-1,28,29,30,-1,30,29,31,-1,30,31,12,-1,12,31,32,-1,12,32,11,-1,5,33,3,-1,3,33,34,-1,3,34,35,-1,35,34,36,-1,35,36,37,-1,8,38,6,-1,6,38,20,-1,6,20,39,-1,39,20,14,-1,39,14,40,-1,15,41,13,-1,13,41,42,-1,13,42,43,-1,43,42,44,-1,43,44,45,-1,45,44,46,-1,45,46,47,-1,47,46,48,-1,47,48,49,-1,49,48,50,-1,49,50,51,-1,51,50,52,-1,51,52,53,-1,53,52,54,-1,53,54,55,-1,55,54,56,-1,55,56,57,-1,57,56,58,-1,36,59,37,-1,37,59,60,-1,37,60,61,-1,61,60,62,-1,61,62,63,-1,63,62,64,-1,63,64,65,-1,65,64,66,-1,65,66,67,-1,67,66,68,-1,67,68,69,-1,69,68,70,-1,69,70,71,-1,71,70,72,-1,71,72,73,-1,73,72,74,-1,73,74,75,-1,75,74,76,-1,75,76,77,-1,77,76,78,-1,77,78,58,-1,58,78,79,-1,58,79,57,-1,13,80,14,-1,14,80,81,-1,14,81,82,-1,82,83,14,-1,14,83,84,-1,14,84,40,-1,
        ]
    }
}
Shape{
    appearance Appearance {
        material  Material 	{
            diffuseColor 0.08235294117647059 0.08235294117647059 0.08235294117647059
            specularColor 0.07058823529411765 0.07058823529411765 0.07058823529411765
            ambientIntensity 0.0824
            transparency 0.0
            shininess 0.5
        }
    }
    geometry IndexedFaceSet {
        ccw TRUE
        solid FALSE
        coord DEF co Coordinate {
            point [
                -0.9502 0.9823 2.9802, -0.9376 0.9823 3.0281, -1.0231 0.9823 2.9238, -1.0389 0.9823 2.9253, -0.9945 0.9823 3.2989, -1.0093 0.9823 3.3032, -0.9317 0.9823 3.1107, -0.9411 0.9823 3.216, -0.9568 0.9823 3.2613, -0.9695 0.9823 3.2803, -1.0942 0.9823 2.9727, -1.0822 0.9823 2.9527, -1.0974 0.9823 3.2435, -1.1104 0.9823 3.1918, -1.116 0.9823 3.1077, -1.1082 0.9823 3.0166, -1.0042 0.9823 2.926, -0.9895 0.9823 2.9317, -0.9633 0.9823 2.9556, -0.9762 0.9823 2.9409, -0.9813 0.9823 3.2915, -1.0213 0.9823 3.3041, -1.0411 0.9823 3.3017, -1.0561 0.9823 3.2959, -1.0697 0.9823 3.2863, -1.0831 0.9823 3.2709, -1.0687 0.9823 2.9388, -1.055 0.9823 2.9304
            ]
        }
        coordIndex [
            0,1,2,-1,2,1,3,-1,4,5,6,-1,7,8,9,-1,10,11,1,-1,12,13,6,-1,6,13,14,-1,6,14,1,-1,1,14,15,-1,1,15,10,-1,2,16,0,-1,0,16,17,-1,0,17,18,-1,18,17,19,-1,7,9,6,-1,6,9,20,-1,6,20,4,-1,5,21,6,-1,6,21,22,-1,6,22,23,-1,23,24,6,-1,6,24,25,-1,6,25,12,-1,11,26,1,-1,1,26,27,-1,1,27,3,-1,
        ]
    }
}
Shape{
    appearance Appearance {
        material  Material 	{
            diffuseColor 1.0 1.0 1.0
            specularColor 0.8784313725490196 0.8784313725490196 0.8784313725490196
            ambientIntensity 1.0
            transparency 0.0
            shininess 0.5
        }
    }
    geometry IndexedFaceSet {
        ccw TRUE
        solid FALSE
        coord DEF co Coordinate {
            point [
                -0.7563 0.9823 3.1006, -0.7829 0.9823 3.0759, -0.7415 0.9823 3.0426, -0.7449 0.9823 2.9657, -0.7506 0.9823 2.98, -0.8088 0.9823 2.9718, -0.8107 0.9823 2.9948, -0.7494 0.9823 3.0247, -0.612 0.9823 3.184, -0.7283 0.9823 3.0598, -0.7057 0.9823 3.0782, -0.7531 0.9823 2.9997, -0.7529 0.9823 3.0049, -0.8071 0.9823 3.0268, -0.7975 0.9823 3.0534, -0.6296 0.9823 3.1682, -0.6599 0.9823 3.151, -0.8014 0.9823 2.946, -0.7888 0.9823 2.9241, -0.735 0.9823 2.952, -0.7696 0.9823 2.9037, -0.7194 0.9823 2.9388, -0.7418 0.9823 2.8858, -0.7017 0.9823 2.93, -0.7115 0.9823 2.8758, -0.68 0.9823 2.9249, -0.6736 0.9823 2.872, -0.6626 0.9823 2.9238, -0.601 0.9823 3.1997, -0.6146 0.9823 3.1265, -0.6146 0.9823 3.1253, -0.6665 0.9823 3.0981, -0.656 0.9823 3.0941, -0.5771 0.9823 3.107, -0.6172 0.9823 3.0734, -0.5513 0.9823 3.0867, -0.5969 0.9823 3.0557, -0.5332 0.9823 3.0635, -0.585 0.9823 3.0393, -0.5218 0.9823 3.0369, -0.5776 0.9823 3.0214, -0.5171 0.9823 3.0084, -0.5745 0.9823 2.9979, -0.6374 0.9823 2.9263, -0.6497 0.9823 2.8729, -0.6179 0.9823 2.9328, -0.6027 0.9823 2.8822, -0.6022 0.9823 2.9424, -0.5712 0.9823 2.8971, -0.5632 0.9823 2.9026, -0.5892 0.9823 2.9551, -0.5439 0.9823 2.9207, -0.5808 0.9823 2.9684, -0.5298 0.9823 2.9416, -0.5757 0.9823 2.9841, -0.5207 0.9823 2.9664, -0.5169 0.9823 2.9995, -0.7421 0.9823 3.3327, -0.7664 0.9823 3.312, -0.7195 0.9823 3.2743, -0.73 0.9823 3.2384, -0.7913 0.9823 3.2163, -0.7273 0.9823 3.2167, -0.7833 0.9823 3.1916, -0.7203 0.9823 3.1994, -0.7702 0.9823 3.1704, -0.7092 0.9823 3.1839, -0.7463 0.9823 3.1471, -0.6899 0.9823 3.1672, -0.7115 0.9823 3.1262, -0.7115 0.9823 3.125, -0.7139 0.9823 3.124, -0.7257 0.9823 3.2626, -0.7807 0.9823 3.292, -0.7292 0.9823 3.2495, -0.7896 0.9823 3.2696, -0.7934 0.9823 3.2393, -0.6596 0.9823 3.3041, -0.6813 0.9823 3.3543, -0.6795 0.9823 3.3017, -0.6865 0.9823 3.3531, -0.6947 0.9823 3.296, -0.714 0.9823 3.3466, -0.7087 0.9823 3.2863, -0.71 0.9823 3.2851, -0.5576 0.9823 3.1678, -0.5413 0.9823 3.1916, -0.5944 0.9823 3.2164, -0.5321 0.9823 3.2159, -0.5917 0.9823 3.2377, -0.5284 0.9823 3.2465, -0.5935 0.9823 3.2552, -0.5305 0.9823 3.2688, -0.598 0.9823 3.2694, -0.5374 0.9823 3.2906, -0.6049 0.9823 3.2806, -0.5492 0.9823 3.3099, -0.5675 0.9823 3.3281, -0.6147 0.9823 3.2904, -0.5902 0.9823 3.3424, -0.6267 0.9823 3.2977, -0.6195 0.9823 3.3523, -0.6411 0.9823 3.3023, -0.6272 0.9823 3.3531, -0.6554 0.9823 3.3559, -0.5846 0.9823 3.144
            ]
        }
        coordIndex [
            0,1,2,-1,3,4,5,-1,5,4,6,-1,2,1,7,-1,8,9,10,-1,4,11,6,-1,6,11,12,-1,6,12,13,-1,13,12,7,-1,13,7,14,-1,14,7,1,-1,8,15,9,-1,9,15,16,-1,9,16,2,-1,5,17,3,-1,3,17,18,-1,3,18,19,-1,19,18,20,-1,19,20,21,-1,21,20,22,-1,21,22,23,-1,23,22,24,-1,23,24,25,-1,25,24,26,-1,25,26,27,-1,28,8,29,-1,29,8,10,-1,29,10,30,-1,10,31,30,-1,30,31,32,-1,30,32,33,-1,33,32,34,-1,33,34,35,-1,35,34,36,-1,35,36,37,-1,37,36,38,-1,37,38,39,-1,39,38,40,-1,39,40,41,-1,41,40,42,-1,27,26,43,-1,43,26,44,-1,43,44,45,-1,45,44,46,-1,45,46,47,-1,46,48,47,-1,47,48,49,-1,47,49,50,-1,50,49,51,-1,50,51,52,-1,52,51,53,-1,52,53,54,-1,54,53,55,-1,54,55,42,-1,42,55,56,-1,42,56,41,-1,57,58,59,-1,60,61,62,-1,62,61,63,-1,62,63,64,-1,64,63,65,-1,64,65,66,-1,66,65,67,-1,66,67,68,-1,68,67,69,-1,68,69,16,-1,16,69,70,-1,16,70,2,-1,2,70,71,-1,2,71,0,-1,59,58,72,-1,72,58,73,-1,72,73,74,-1,74,73,75,-1,74,75,60,-1,60,75,76,-1,60,76,61,-1,77,78,79,-1,79,78,80,-1,79,80,81,-1,81,80,82,-1,81,82,83,-1,83,82,57,-1,83,57,84,-1,84,57,59,-1,85,86,87,-1,87,86,88,-1,87,88,89,-1,89,88,90,-1,89,90,91,-1,91,90,92,-1,91,92,93,-1,93,92,94,-1,93,94,95,-1,94,96,95,-1,95,96,97,-1,95,97,98,-1,98,97,99,-1,98,99,100,-1,100,99,101,-1,100,101,102,-1,102,101,103,-1,102,103,77,-1,77,103,104,-1,77,104,78,-1,28,29,87,-1,87,29,105,-1,87,105,85,-1,
        ]
    }
}
Shape{
    appearance Appearance {
        material  Material 	{
            diffuseColor 0.08235294117647059 0.08235294117647059 0.08235294117647059
            specularColor 0.07058823529411765 0.07058823529411765 0.07058823529411765
            ambientIntensity 0.0824
            transparency 0.0
            shininess 0.5
        }
    }
    geometry IndexedFaceSet {
        ccw TRUE
        solid FALSE
        coord DEF co Coordinate {
            point [
                -1.504 0.9823 3.0448, -1.3465 0.9823 3.0448, -1.3644 0.9823 3.2561, -1.3465 0.9823 3.2438, -1.3549 0.9823 3.2741, -1.3462 0.9823 3.2682, -1.3465 0.9823 3.2926, -1.3453 0.9823 3.2926
            ]
        }
        coordIndex [
            0,1,2,-1,2,1,3,-1,2,3,4,-1,4,3,5,-1,4,5,6,-1,6,5,7,-1,
        ]
    }
}
Shape{
    appearance Appearance {
        material  Material 	{
            diffuseColor 1.0 1.0 1.0
            specularColor 0.8784313725490196 0.8784313725490196 0.8784313725490196
            ambientIntensity 1.0
            transparency 0.0
            shininess 0.5
        }
    }
    geometry IndexedFaceSet {
        ccw TRUE
        solid FALSE
        coord DEF co Coordinate {
            point [
                -0.9568 0.9823 3.2613, -0.913 0.9823 3.3065, -0.9695 0.9823 3.2803, -0.9324 0.9823 3.3272, -0.9813 0.9823 3.2915, -0.9562 0.9823 3.3428, -0.9945 0.9823 3.2989, -0.9838 0.9823 3.3524, -1.0093 0.9823 3.3032, -0.9906 0.9823 3.3531, -1.0213 0.9823 3.3041, -0.9317 0.9823 3.1107, -0.8741 0.9823 3.1882, -0.9411 0.9823 3.216, -0.876 0.9823 3.2122, -0.8931 0.9823 3.2714, -0.9376 0.9823 3.0281, -0.8741 0.9823 3.0443, -0.8683 0.9823 3.1159, -1.0181 0.9823 3.3559, -1.0427 0.9823 3.3531, -1.0411 0.9823 3.3017, -1.0579 0.9823 3.3513, -1.0561 0.9823 3.2959, -1.0867 0.9823 3.3404, -1.0697 0.9823 3.2863, -1.1086 0.9823 3.3258, -1.0831 0.9823 3.2709, -1.1307 0.9823 3.3027, -1.0974 0.9823 3.2435, -1.1507 0.9823 3.2693, -1.1104 0.9823 3.1918, -1.1719 0.9823 3.1993, -1.116 0.9823 3.1077, -1.1794 0.9823 3.1048, -1.1082 0.9823 3.0166, -1.1723 0.9823 3.018, -1.0942 0.9823 2.9727, -1.1549 0.9823 2.9592, -1.0822 0.9823 2.9527, -1.1334 0.9823 2.9224, -1.0687 0.9823 2.9388, -1.1126 0.9823 2.9004, -1.055 0.9823 2.9304, -1.0891 0.9823 2.8851, -1.0389 0.9823 2.9253, -1.0622 0.9823 2.8756, -1.0231 0.9823 2.9238, -1.0287 0.9823 2.872, -1.0042 0.9823 2.926, -0.9947 0.9823 2.8755, -0.9895 0.9823 2.9317, -0.9645 0.9823 2.8859, -0.9762 0.9823 2.9409, -0.9374 0.9823 2.9039, -0.9633 0.9823 2.9556, -0.9143 0.9823 2.9293, -0.9502 0.9823 2.9802, -0.8928 0.9823 2.9677, -0.8753 0.9823 3.0285, -1.3453 0.9823 3.2926, -1.2889 0.9823 3.3502, -1.3465 0.9823 3.2926, -1.3578 0.9823 3.3502, -1.3549 0.9823 3.2741, -1.2313 0.9823 2.993, -1.2313 0.9823 3.0448, -1.2514 0.9823 2.993, -1.2514 0.9823 3.0448, -1.2889 0.9823 2.993, -1.2889 0.9823 3.0448, -1.3465 0.9823 2.993, -1.3465 0.9823 3.0448, -1.5309 0.9823 2.993, -1.504 0.9823 3.0448, -1.5654 0.9823 2.993, -1.5654 0.9823 3.0363, -1.5309 0.9823 3.0885, -1.3644 0.9823 3.2561, -1.3465 0.9823 2.8777, -1.2889 0.9823 2.8777, -1.3465 0.9823 3.2438, -1.3462 0.9823 3.2682, -0.949 0.9823 4.2044, -1.1276 0.9823 3.7838, -1.0642 0.9823 3.7838, -1.1852 0.9823 4.2562, -1.1852 0.9823 4.2044, -0.8798 0.9823 4.2562, -0.8798 0.9823 4.2362, -1.4214 0.9823 4.2044, -1.2514 0.9823 4.2562, -1.5309 0.9823 4.2562, -1.5539 0.9823 4.2562, -1.5539 0.9823 4.2044, -1.5309 0.9823 4.2044, -1.2198 0.9823 4.2044, -1.2198 0.9823 4.2562, -1.2514 0.9823 4.2044, -1.358 0.9823 4.2044, -1.358 0.9823 3.7838, -1.4214 0.9823 3.7838
            ]
        }
        coordIndex [
            0,1,2,-1,2,1,3,-1,2,3,4,-1,4,3,5,-1,4,5,6,-1,6,5,7,-1,6,7,8,-1,8,7,9,-1,8,9,10,-1,11,12,13,-1,13,12,14,-1,13,14,0,-1,0,14,15,-1,0,15,1,-1,16,17,11,-1,11,17,18,-1,11,18,12,-1,9,19,10,-1,10,19,20,-1,10,20,21,-1,21,20,22,-1,21,22,23,-1,23,22,24,-1,23,24,25,-1,25,24,26,-1,25,26,27,-1,27,26,28,-1,27,28,29,-1,29,28,30,-1,29,30,31,-1,31,30,32,-1,31,32,33,-1,33,32,34,-1,33,34,35,-1,35,34,36,-1,35,36,37,-1,37,36,38,-1,37,38,39,-1,39,38,40,-1,39,40,41,-1,41,40,42,-1,41,42,43,-1,43,42,44,-1,43,44,45,-1,45,44,46,-1,45,46,47,-1,47,46,48,-1,47,48,49,-1,49,48,50,-1,49,50,51,-1,51,50,52,-1,51,52,53,-1,53,52,54,-1,53,54,55,-1,55,54,56,-1,55,56,57,-1,57,56,58,-1,57,58,16,-1,16,58,59,-1,16,59,17,-1,60,61,62,-1,62,61,63,-1,62,63,64,-1,65,66,67,-1,67,66,68,-1,67,68,69,-1,69,68,70,-1,71,72,73,-1,73,72,74,-1,73,74,75,-1,76,75,77,-1,77,75,74,-1,77,74,63,-1,63,74,78,-1,63,78,64,-1,79,80,71,-1,71,80,69,-1,71,69,72,-1,72,69,70,-1,72,70,81,-1,81,70,61,-1,81,61,82,-1,82,61,60,-1,83,84,85,-1,86,87,88,-1,88,87,83,-1,88,83,89,-1,89,83,85,-1,90,91,92,-1,93,94,92,-1,92,94,95,-1,92,95,90,-1,96,97,98,-1,98,97,91,-1,98,91,99,-1,99,91,90,-1,99,90,100,-1,100,90,101,-1,
        ]
    }
}
Shape{
    appearance Appearance {
        material  Material 	{
            diffuseColor 0.08235294117647059 0.08235294117647059 0.08235294117647059
            specularColor 0.07058823529411765 0.07058823529411765 0.07058823529411765
            ambientIntensity 0.0824
            transparency 0.0
            shininess 0.5
        }
    }
    geometry IndexedFaceSet {
        ccw TRUE
        solid FALSE
        coord DEF co Coordinate {
            point [
                -0.0276 0.9823 4.7739, -0.006 0.9823 4.7688, 0.0181 0.9823 4.9379, 0.0115 0.9823 4.7677, 0.0367 0.9823 4.7702, 0.0076 0.9823 4.942, -0.0316 0.9823 4.922, -0.0788 0.9823 4.8487, -0.0765 0.9823 4.8239, -0.0708 0.9823 4.8095, -0.0542 0.9823 4.9037, -0.0674 0.9823 4.8865, -0.0753 0.9823 4.8686, -0.079 0.9823 4.8436, -0.061 0.9823 4.7958, -0.0453 0.9823 4.7826, 0.0562 0.9823 4.7766, 0.0719 0.9823 4.7863, 0.0849 0.9823 4.7989, 0.0996 0.9823 4.8418, 0.0965 0.9823 4.8653, 0.089 0.9823 4.8831, 0.0772 0.9823 4.8995, 0.0569 0.9823 4.9172, 0.0933 0.9823 4.8122, 0.0984 0.9823 4.8279, -0.0159 0.9823 5.011, 0.0142 0.9823 4.9948, 0.0445 0.9823 5.012, -0.0359 0.9823 5.1289, -0.0454 0.9823 5.1181, -0.0346 0.9823 5.1301, 0.0621 0.9823 5.0279, 0.0731 0.9823 5.0436, -0.0516 0.9823 5.1065, -0.0551 0.9823 5.0934, -0.0559 0.9823 5.0822, -0.0351 0.9823 5.0277, 0.0797 0.9823 5.0602, 0.0823 0.9823 5.0816, 0.0806 0.9823 5.0991, 0.0692 0.9823 5.1245, 0.0594 0.9823 5.1342, 0.0761 0.9823 5.1133, 0.0474 0.9823 5.1415, 0.033 0.9823 5.1461, 0.0145 0.9823 5.1479, -0.0054 0.9823 5.1456, -0.0206 0.9823 5.1398, -0.0532 0.9823 5.0605, -0.0462 0.9823 5.0433
            ]
        }
        coordIndex [
            0,1,2,-1,2,1,3,-1,2,3,4,-1,5,6,7,-1,8,9,2,-1,6,10,7,-1,7,10,11,-1,7,11,12,-1,5,7,2,-1,2,7,13,-1,2,13,8,-1,9,14,2,-1,2,14,15,-1,2,15,0,-1,4,16,2,-1,2,16,17,-1,2,17,18,-1,19,20,21,-1,21,22,19,-1,19,22,23,-1,19,23,2,-1,18,24,2,-1,2,24,25,-1,2,25,19,-1,26,27,28,-1,28,29,30,-1,29,28,31,-1,31,28,32,-1,31,32,33,-1,30,34,28,-1,28,34,35,-1,28,35,36,-1,26,28,37,-1,33,38,31,-1,31,38,39,-1,31,39,40,-1,41,42,43,-1,43,42,44,-1,43,44,40,-1,40,44,45,-1,40,45,46,-1,46,47,40,-1,40,47,48,-1,40,48,31,-1,36,49,28,-1,28,49,50,-1,28,50,37,-1,
        ]
    }
}
Shape{
    appearance Appearance {
        material  Material 	{
            diffuseColor 1.0 1.0 1.0
            specularColor 0.8784313725490196 0.8784313725490196 0.8784313725490196
            ambientIntensity 1.0
            transparency 0.0
            shininess 0.5
        }
    }
    geometry IndexedFaceSet {
        ccw TRUE
        solid FALSE
        coord DEF co Coordinate {
            point [
                0.2437 0.9823 5.1537, 0.2437 0.9823 5.0961, 0.2609 0.9823 5.1585, 0.2609 0.9823 5.1011, 0.4107 0.9823 5.1998, 0.3531 0.9823 5.1278, 0.4107 0.9823 4.7734, 0.3531 0.9823 4.7734, 0.2437 0.9823 4.7734, 0.2437 0.9823 4.7216, 0.2609 0.9823 4.7734, 0.2609 0.9823 4.7216, 0.5145 0.9823 4.7216, 0.5145 0.9823 4.7734
            ]
        }
        coordIndex [
            0,1,2,-1,2,1,3,-1,2,3,4,-1,4,3,5,-1,4,5,6,-1,6,5,7,-1,8,9,10,-1,10,9,11,-1,10,11,7,-1,7,11,12,-1,7,12,6,-1,6,12,13,-1,
        ]
    }
}
Shape{
    appearance Appearance {
        material  Material 	{
            diffuseColor 0.08235294117647059 0.08235294117647059 0.08235294117647059
            specularColor 0.07058823529411765 0.07058823529411765 0.07058823529411765
            ambientIntensity 0.0824
            transparency 0.0
            shininess 0.5
        }
    }
    geometry IndexedFaceSet {
        ccw TRUE
        solid FALSE
        coord DEF co Coordinate {
            point [
                -0.2761 0.9823 4.8241, -0.2635 0.9823 4.8719, -0.349 0.9823 4.7677, -0.3648 0.9823 4.7691, -0.3204 0.9823 5.1427, -0.3352 0.9823 5.147, -0.2576 0.9823 4.9546, -0.267 0.9823 5.0598, -0.2827 0.9823 5.1051, -0.2954 0.9823 5.1241, -0.4202 0.9823 4.8165, -0.4081 0.9823 4.7965, -0.4233 0.9823 5.0874, -0.4363 0.9823 5.0357, -0.442 0.9823 4.9515, -0.4341 0.9823 4.8604, -0.3301 0.9823 4.7699, -0.3154 0.9823 4.7755, -0.2892 0.9823 4.7994, -0.3021 0.9823 4.7847, -0.3072 0.9823 5.1353, -0.3472 0.9823 5.1479, -0.367 0.9823 5.1456, -0.382 0.9823 5.1397, -0.3956 0.9823 5.1302, -0.409 0.9823 5.1148, -0.3946 0.9823 4.7827, -0.3809 0.9823 4.7743
            ]
        }
        coordIndex [
            0,1,2,-1,2,1,3,-1,4,5,6,-1,7,8,9,-1,10,11,1,-1,12,13,6,-1,6,13,14,-1,6,14,1,-1,1,14,15,-1,1,15,10,-1,2,16,0,-1,0,16,17,-1,0,17,18,-1,18,17,19,-1,7,9,6,-1,6,9,20,-1,6,20,4,-1,5,21,6,-1,6,21,22,-1,6,22,23,-1,23,24,6,-1,6,24,25,-1,6,25,12,-1,11,26,1,-1,1,26,27,-1,1,27,3,-1,
        ]
    }
}
Shape{
    appearance Appearance {
        material  Material 	{
            diffuseColor 1.0 1.0 1.0
            specularColor 0.8784313725490196 0.8784313725490196 0.8784313725490196
            ambientIntensity 1.0
            transparency 0.0
            shininess 0.5
        }
    }
    geometry IndexedFaceSet {
        ccw TRUE
        solid FALSE
        coord DEF co Coordinate {
            point [
                0.0621 0.9823 5.0279, -0.0542 0.9823 4.9037, -0.0316 0.9823 4.922, -0.1273 0.9823 4.7898, -0.0708 0.9823 4.8095, -0.1347 0.9823 4.8157, -0.0765 0.9823 4.8239, -0.1366 0.9823 4.8386, -0.079 0.9823 4.8436, -0.0788 0.9823 4.8487, -0.133 0.9823 4.8707, -0.0753 0.9823 4.8686, 0.0445 0.9823 5.012, 0.0142 0.9823 4.9948, -0.0674 0.9823 4.8865, -0.1147 0.9823 4.7679, -0.1135 0.9823 4.7667, -0.061 0.9823 4.7958, -0.0955 0.9823 4.7476, -0.0453 0.9823 4.7826, -0.0677 0.9823 4.7297, -0.0276 0.9823 4.7739, -0.0823 0.9823 4.9444, -0.1088 0.9823 4.9197, -0.1135 0.9823 4.9124, -0.1234 0.9823 4.8973, 0.0731 0.9823 5.0436, 0.0595 0.9823 4.9703, 0.0595 0.9823 4.9691, -0.0532 0.9823 5.0605, -0.1092 0.9823 5.0354, -0.0462 0.9823 5.0433, -0.0961 0.9823 5.0142, -0.0351 0.9823 5.0277, -0.0722 0.9823 4.991, -0.0159 0.9823 5.011, -0.0374 0.9823 4.97, -0.0374 0.9823 4.9689, -0.0398 0.9823 4.9678, 0.0076 0.9823 4.942, 0.0181 0.9823 4.9379, 0.097 0.9823 4.9509, 0.0569 0.9823 4.9172, 0.1228 0.9823 4.9306, 0.0772 0.9823 4.8995, 0.1409 0.9823 4.9073, 0.089 0.9823 4.8831, 0.1523 0.9823 4.8808, 0.0965 0.9823 4.8653, 0.157 0.9823 4.8522, 0.0996 0.9823 4.8418, 0.0719 0.9823 4.7863, 0.1109 0.9823 4.7465, 0.0849 0.9823 4.7989, 0.1302 0.9823 4.7645, 0.0933 0.9823 4.8122, 0.1443 0.9823 4.7854, 0.0984 0.9823 4.8279, 0.1534 0.9823 4.8103, 0.1572 0.9823 4.8434, -0.0374 0.9823 4.7196, -0.0284 0.9823 4.7187, -0.006 0.9823 4.7688, 0.0005 0.9823 4.7158, 0.0115 0.9823 4.7677, 0.0244 0.9823 4.7168, 0.0367 0.9823 4.7702, 0.0342 0.9823 4.7187, 0.0562 0.9823 4.7766, 0.0714 0.9823 4.726, 0.1029 0.9823 4.7409, -0.0516 0.9823 5.1065, -0.0454 0.9823 5.1181, -0.0923 0.9823 5.1559, -0.068 0.9823 5.1765, 0.0839 0.9823 5.1862, 0.0594 0.9823 5.1342, 0.1066 0.9823 5.172, 0.0692 0.9823 5.1245, -0.0559 0.9823 5.0822, -0.1172 0.9823 5.0602, -0.1135 0.9823 5.0489, -0.1066 0.9823 5.1358, -0.1135 0.9823 5.1184, -0.0551 0.9823 5.0934, -0.1155 0.9823 5.1134, -0.1193 0.9823 5.0831, -0.0359 0.9823 5.1289, -0.0346 0.9823 5.1301, -0.0399 0.9823 5.1904, -0.0206 0.9823 5.1398, -0.0073 0.9823 5.1981, -0.0054 0.9823 5.1456, 0.0187 0.9823 5.1998, 0.0145 0.9823 5.1479, 0.0546 0.9823 5.1961, 0.033 0.9823 5.1461, 0.0474 0.9823 5.1415, 0.1165 0.9823 5.0117, 0.1328 0.9823 5.0355, 0.0797 0.9823 5.0602, 0.142 0.9823 5.0597, 0.0823 0.9823 5.0816, 0.1457 0.9823 5.0903, 0.0806 0.9823 5.0991, 0.1436 0.9823 5.1127, 0.0761 0.9823 5.1133, 0.1366 0.9823 5.1344, 0.1249 0.9823 5.1537, 0.0895 0.9823 4.9878, -0.2827 0.9823 5.1051, -0.2389 0.9823 5.1503, -0.2954 0.9823 5.1241, -0.2583 0.9823 5.171, -0.3072 0.9823 5.1353, -0.2821 0.9823 5.1866, -0.3204 0.9823 5.1427, -0.3097 0.9823 5.1962, -0.3352 0.9823 5.147, -0.3472 0.9823 5.1479, -0.344 0.9823 5.1998, -0.367 0.9823 5.1456, -0.3838 0.9823 5.1951, -0.382 0.9823 5.1397, -0.4126 0.9823 5.1842, -0.3956 0.9823 5.1302, -0.4345 0.9823 5.1696, -0.409 0.9823 5.1148, -0.3809 0.9823 4.7743, -0.3881 0.9823 4.7194, -0.3648 0.9823 4.7691, -0.3816 0.9823 4.7187, -0.349 0.9823 4.7677, -0.4341 0.9823 4.8604, -0.4809 0.9823 4.803, -0.4202 0.9823 4.8165, -0.4794 0.9823 4.8005, -0.4081 0.9823 4.7965, -0.4593 0.9823 4.7662, -0.3946 0.9823 4.7827, -0.4385 0.9823 4.7443, -0.415 0.9823 4.7289, -0.3546 0.9823 4.7158, -0.3269 0.9823 4.7187, -0.3301 0.9823 4.7699, -0.3206 0.9823 4.7194, -0.3154 0.9823 4.7755, -0.2904 0.9823 4.7297, -0.3021 0.9823 4.7847, -0.2633 0.9823 4.7477, -0.2892 0.9823 4.7994, -0.2402 0.9823 4.7731, -0.2761 0.9823 4.8241, -0.2187 0.9823 4.8115, -0.2635 0.9823 4.8719, -0.2012 0.9823 4.8723, -0.2576 0.9823 4.9546, -0.1942 0.9823 4.9598, -0.267 0.9823 5.0598, -0.2019 0.9823 5.056, -0.219 0.9823 5.1153, -0.4567 0.9823 5.1465, -0.4766 0.9823 5.1132, -0.4233 0.9823 5.0874, -0.4794 0.9823 5.104, -0.4363 0.9823 5.0357, -0.4978 0.9823 5.0431, -0.442 0.9823 4.9515, -0.5053 0.9823 4.9486, -0.4982 0.9823 4.8618, -0.8122 0.9823 4.7813, -0.851 0.9823 4.8037, -0.851 0.9823 4.7403, -0.8049 0.9823 4.9924, -0.8049 0.9823 4.9405, -0.7677 0.9823 4.9924, -0.7658 0.9823 4.9405, -0.7286 0.9823 4.9954, -0.6883 0.9823 4.9703, -0.722 0.9823 4.9374, -0.6883 0.9823 4.9691, -0.6875 0.9823 4.9281, -0.6534 0.9823 4.962, -0.6679 0.9823 4.9174, -0.6378 0.9823 4.8534, -0.5749 0.9823 4.8679, -0.6401 0.9823 4.8749, -0.5795 0.9823 4.8916, -0.6458 0.9823 4.8912, -0.589 0.9823 4.9128, -0.6552 0.9823 4.9057, -0.6041 0.9823 4.9322, -0.6265 0.9823 4.9499, -0.8392 0.9823 4.734, -0.7985 0.9823 4.7209, -0.7723 0.9823 4.77, -0.7742 0.9823 4.7187, -0.7426 0.9823 4.7677, -0.7426 0.9823 4.7158, -0.708 0.9823 4.718, -0.712 0.9823 4.7704, -0.7054 0.9823 4.7187, -0.6881 0.9823 4.7776, -0.6633 0.9823 4.7293, -0.6703 0.9823 4.7877, -0.6326 0.9823 4.7454, -0.6558 0.9823 4.801, -0.607 0.9823 4.7675, -0.6464 0.9823 4.815, -0.589 0.9823 4.7935, -0.6403 0.9823 4.8317, -0.5788 0.9823 4.8205, -0.5745 0.9823 4.8571, -0.7018 0.9823 5.0026, -0.6778 0.9823 4.9734, -0.6823 0.9823 5.0133, -0.6435 0.9823 4.989, -0.6709 0.9823 5.024, -0.6233 0.9823 5.0046, -0.6635 0.9823 5.035, -0.6156 0.9823 5.0132, -0.6581 0.9823 5.0493, -0.6029 0.9823 5.0335, -0.6552 0.9823 5.0705, -0.5947 0.9823 5.0579, -0.6551 0.9823 5.0732, -0.5917 0.9823 5.0879, -0.6569 0.9823 5.0928, -0.5943 0.9823 5.1128, -0.6614 0.9823 5.1081, -0.6019 0.9823 5.1351, -0.6678 0.9823 5.1197, -0.6142 0.9823 5.1542, -0.6772 0.9823 5.1297, -0.6332 0.9823 5.1725, -0.6856 0.9823 5.1357, -0.6568 0.9823 5.1866, -0.7024 0.9823 5.1429, -0.6874 0.9823 5.1962, -0.7299 0.9823 5.1476, -0.7254 0.9823 5.1998, -0.7411 0.9823 5.1479, -0.7584 0.9823 5.197, -0.7742 0.9823 5.1437, -0.7972 0.9823 5.1855, -0.8075 0.9823 5.1301, -0.8337 0.9823 5.1638, -0.8337 0.9823 5.1119, -1.2025 0.9823 5.194, -1.237 0.9823 5.194, -1.237 0.9823 5.1422, -1.1045 0.9823 4.7216, -1.0411 0.9823 4.7216, -1.1045 0.9823 5.1422, -1.0411 0.9823 5.1422, -1.2025 0.9823 5.1422, -0.9029 0.9823 5.194, -0.9029 0.9823 5.1422, 1.5551 2.2311 5.5665, 1.5748 2.2311 5.6374, 1.5748 2.2311 3.0783, -1.063 2.2311 6.0311, -1.0591 2.2311 6.0311, -1.063 2.2311 5.6374, -1.0591 2.2311 5.5665, -1.5748 2.2311 5.6374, -1.5551 2.2311 5.5665, -1.5748 2.2311 3.0783, -1.5551 2.2311 3.098, 1.5551 2.2311 3.098, 1.0591 2.2311 6.0311, 1.063 2.2311 6.0311, 1.063 2.2311 5.6374, 1.0591 2.2311 5.5665, 1.5748 2.7823 5.6374, 1.5748 2.7823 3.0783, -1.5748 2.7823 5.6374, -1.5748 2.7823 3.0783
            ]
        }
        coordIndex [
            0,1,2,-1,3,4,5,-1,5,4,6,-1,5,6,7,-1,6,8,7,-1,7,8,9,-1,7,9,10,-1,10,9,11,-1,0,12,1,-1,1,12,13,-1,1,13,14,-1,3,15,4,-1,4,15,16,-1,4,16,17,-1,17,16,18,-1,17,18,19,-1,19,18,20,-1,19,20,21,-1,22,23,14,-1,14,23,24,-1,14,24,11,-1,11,24,25,-1,11,25,10,-1,26,0,27,-1,27,0,2,-1,27,2,28,-1,29,30,31,-1,31,30,32,-1,31,32,33,-1,33,32,34,-1,33,34,35,-1,35,34,36,-1,35,36,13,-1,13,36,37,-1,13,37,14,-1,14,37,38,-1,14,38,22,-1,2,39,28,-1,28,39,40,-1,28,40,41,-1,41,40,42,-1,41,42,43,-1,43,42,44,-1,43,44,45,-1,45,44,46,-1,45,46,47,-1,47,46,48,-1,47,48,49,-1,49,48,50,-1,51,52,53,-1,53,52,54,-1,53,54,55,-1,55,54,56,-1,55,56,57,-1,57,56,58,-1,57,58,50,-1,50,58,59,-1,50,59,49,-1,20,60,21,-1,21,60,61,-1,21,61,62,-1,62,61,63,-1,62,63,64,-1,64,63,65,-1,64,65,66,-1,66,65,67,-1,66,67,68,-1,68,67,69,-1,68,69,51,-1,51,69,70,-1,51,70,52,-1,71,72,73,-1,73,72,74,-1,75,76,77,-1,77,76,78,-1,79,80,29,-1,29,80,81,-1,29,81,30,-1,73,82,71,-1,71,82,83,-1,71,83,84,-1,84,83,85,-1,84,85,79,-1,79,85,86,-1,79,86,80,-1,72,87,74,-1,74,87,88,-1,74,88,89,-1,89,88,90,-1,89,90,91,-1,91,90,92,-1,91,92,93,-1,93,92,94,-1,93,94,95,-1,95,94,96,-1,95,96,75,-1,75,96,97,-1,75,97,76,-1,98,99,100,-1,100,99,101,-1,100,101,102,-1,102,101,103,-1,102,103,104,-1,104,103,105,-1,104,105,106,-1,106,105,107,-1,106,107,78,-1,78,107,108,-1,78,108,77,-1,26,27,100,-1,100,27,109,-1,100,109,98,-1,110,111,112,-1,112,111,113,-1,112,113,114,-1,114,113,115,-1,114,115,116,-1,116,115,117,-1,116,117,118,-1,118,117,119,-1,119,117,120,-1,119,120,121,-1,121,120,122,-1,121,122,123,-1,123,122,124,-1,123,124,125,-1,125,124,126,-1,125,126,127,-1,128,129,130,-1,130,129,131,-1,130,131,132,-1,133,134,135,-1,135,134,136,-1,135,136,137,-1,137,136,138,-1,137,138,139,-1,139,138,140,-1,139,140,128,-1,128,140,141,-1,128,141,129,-1,131,142,132,-1,132,142,143,-1,132,143,144,-1,144,143,145,-1,144,145,146,-1,146,145,147,-1,146,147,148,-1,148,147,149,-1,148,149,150,-1,150,149,151,-1,150,151,152,-1,152,151,153,-1,152,153,154,-1,154,153,155,-1,154,155,156,-1,156,155,157,-1,156,157,158,-1,158,157,159,-1,158,159,110,-1,110,159,160,-1,110,160,111,-1,126,161,127,-1,127,161,162,-1,127,162,163,-1,163,162,164,-1,163,164,165,-1,165,164,166,-1,165,166,167,-1,167,166,168,-1,167,168,133,-1,133,168,169,-1,133,169,134,-1,170,171,172,-1,173,174,175,-1,175,174,176,-1,175,176,177,-1,178,179,180,-1,180,179,181,-1,180,181,182,-1,182,181,183,-1,184,185,186,-1,186,185,187,-1,186,187,188,-1,188,187,189,-1,188,189,190,-1,190,189,191,-1,190,191,183,-1,183,191,192,-1,183,192,182,-1,172,193,170,-1,170,193,194,-1,170,194,195,-1,195,194,196,-1,195,196,197,-1,196,198,197,-1,197,198,199,-1,197,199,200,-1,200,199,201,-1,200,201,202,-1,202,201,203,-1,202,203,204,-1,204,203,205,-1,204,205,206,-1,206,205,207,-1,206,207,208,-1,208,207,209,-1,208,209,210,-1,210,209,211,-1,210,211,184,-1,184,211,212,-1,184,212,185,-1,176,179,177,-1,177,179,178,-1,177,178,213,-1,213,178,214,-1,213,214,215,-1,215,214,216,-1,215,216,217,-1,217,216,218,-1,217,218,219,-1,219,218,220,-1,219,220,221,-1,221,220,222,-1,221,222,223,-1,223,222,224,-1,223,224,225,-1,225,224,226,-1,225,226,227,-1,227,226,228,-1,227,228,229,-1,229,228,230,-1,229,230,231,-1,231,230,232,-1,231,232,233,-1,233,232,234,-1,233,234,235,-1,235,234,236,-1,235,236,237,-1,237,236,238,-1,237,238,239,-1,239,238,240,-1,239,240,241,-1,241,240,242,-1,241,242,243,-1,243,242,244,-1,243,244,245,-1,245,244,246,-1,245,246,247,-1,248,249,250,-1,251,252,253,-1,253,252,254,-1,250,255,248,-1,248,255,253,-1,248,253,256,-1,256,253,254,-1,256,254,257,-1,258,259,260,-1,261,262,263,-1,263,262,264,-1,263,264,265,-1,265,264,266,-1,265,266,267,-1,267,266,268,-1,267,268,260,-1,260,268,269,-1,260,269,258,-1,270,271,272,-1,259,258,272,-1,272,258,273,-1,272,273,270,-1,274,275,259,-1,259,275,260,-1,265,267,276,-1,276,267,277,-1,
        ]
    }
}
Shape{
    appearance Appearance {
        material  Material 	{
            diffuseColor 0.08235294117647059 0.08235294117647059 0.08235294117647059
            specularColor 0.07058823529411765 0.07058823529411765 0.07058823529411765
            ambientIntensity 0.0824
            transparency 0.0
            shininess 0.5
        }
    }
    geometry IndexedFaceSet {
        ccw TRUE
        solid FALSE
        coord DEF co Coordinate {
            point [
                2.075 1.5531 6.0311, 2.075 2.7823 6.0311, 1.063 2.7823 6.0311, -1.063 2.7823 6.0311, -2.075 2.7823 6.0311, -1.063 2.2311 6.0311, -2.075 1.5531 6.0311, 1.063 2.2311 6.0311, 1.0591 2.2311 6.0311, -1.0591 2.2311 6.0311, 1.063 2.7823 5.6374, 1.5748 2.7823 5.6374, 1.5748 2.7823 3.0783, 2.075 2.7823 2.3311, -1.5748 2.7823 3.0783, -2.075 2.7823 2.3311, -1.5748 2.7823 5.6374, -1.063 2.7823 5.6374, 2.075 1.5531 2.3311, 1.6799 1.5531 2.3311, 1.3201 1.5531 2.3311, 1.1799 1.5531 2.3311, 1.3201 1.7472 2.3311, 1.1799 1.7472 2.3311, 1.6799 1.7472 2.3311, 0.8201 1.7472 2.3311, 0.3201 1.7472 2.3311, 0.3201 1.5531 2.3311, 0.1799 1.5531 2.3311, 0.1799 1.7472 2.3311, -0.1799 1.7472 2.3311, 0.6799 1.7472 2.3311, 0.6799 1.5531 2.3311, 0.8201 1.5531 2.3311, -0.6799 1.7472 2.3311, -0.6799 1.5531 2.3311, -0.8201 1.5531 2.3311, -0.8201 1.7472 2.3311, -1.1799 1.7472 2.3311, -0.3201 1.7472 2.3311, -0.3201 1.5531 2.3311, -0.1799 1.5531 2.3311, -1.6799 1.5531 2.3311, -2.075 1.5531 2.3311, -1.6799 1.7472 2.3311, -1.3201 1.7472 2.3311, -1.3201 1.5531 2.3311, -1.1799 1.5531 2.3311
            ]
        }
        coordIndex [
            0,1,2,-1,3,4,5,-1,5,4,6,-1,2,7,0,-1,0,7,8,-1,0,8,6,-1,6,8,9,-1,6,9,5,-1,10,2,11,-1,11,2,1,-1,11,1,12,-1,12,1,13,-1,12,13,14,-1,14,13,15,-1,14,15,16,-1,16,15,4,-1,16,4,17,-1,17,4,3,-1,18,13,0,-1,0,13,1,-1,13,18,19,-1,20,21,22,-1,22,21,23,-1,19,24,13,-1,13,24,22,-1,13,22,15,-1,15,22,23,-1,15,23,25,-1,26,27,28,-1,29,30,15,-1,28,29,26,-1,26,29,15,-1,26,15,31,-1,31,15,25,-1,31,25,32,-1,32,25,33,-1,34,35,36,-1,37,38,15,-1,36,37,34,-1,34,37,15,-1,34,15,39,-1,39,15,30,-1,39,30,40,-1,40,30,41,-1,42,43,44,-1,44,43,15,-1,44,15,45,-1,45,15,38,-1,45,38,46,-1,46,38,47,-1,6,4,43,-1,43,4,15,-1,
        ]
    }
}
Shape{
    appearance Appearance {
        material  Material 	{
            diffuseColor 1.0 1.0 1.0
            specularColor 0.8784313725490196 0.8784313725490196 0.8784313725490196
            ambientIntensity 1.0
            transparency 0.0
            shininess 0.5
        }
    }
    geometry IndexedFaceSet {
        ccw TRUE
        solid FALSE
        coord DEF co Coordinate {
            point [
                -1.4444 0.9823 5.194, -1.5078 0.9823 5.194, -1.4444 0.9823 4.7734, -1.5078 0.9823 4.7216, -1.2658 0.9823 4.7734, -1.2658 0.9823 4.7216, -1.5748 2.2311 3.0783, 1.5748 2.2311 3.0783, -1.5748 2.7823 3.0783, 1.5748 2.7823 3.0783, -1.063 2.7823 5.6374, -1.063 2.2311 5.6374, -1.5748 2.7823 5.6374, -1.5748 2.2311 5.6374, -1.063 2.7823 6.0311, -1.063 2.2311 6.0311, 1.063 2.7823 5.6374, 1.063 2.2311 5.6374, 1.063 2.7823 6.0311, 1.063 2.2311 6.0311, 1.5748 2.7823 5.6374, 1.5748 2.2311 5.6374, 0.7486 2.2311 7.5317, 0.775 2.2311 7.3311, 1.0591 2.2311 6.039, 0.7486 2.2311 7.1305, -0.3875 2.2311 6.6599, -0.548 2.2311 6.7831, -1.0591 2.2311 6.039, 0.6712 2.2311 6.9436, 0.548 2.2311 6.7831, 1.0591 2.2311 6.0311, -2.075 2.2311 6.039, -2.075 2.2311 8.5311, -0.2006 2.2311 8.0797, 0.0 2.2311 8.1061, 0.3875 2.2311 8.0023, 0.548 2.2311 7.8791, 2.075 2.2311 8.5311, 0.3875 2.2311 6.6599, 0.2006 2.2311 6.5825, -1.0591 2.2311 6.0311, 0.0 2.2311 6.5561, -0.2006 2.2311 6.5825, -0.7486 2.2311 7.5317, -0.6712 2.2311 7.7186, 0.2006 2.2311 8.0797, 2.075 2.2311 6.039, 0.6712 2.2311 7.7186, -0.6712 2.2311 6.9436, -0.7486 2.2311 7.1305, -0.775 2.2311 7.3311, -0.548 2.2311 7.8791, -0.3875 2.2311 8.0023, 1.5551 2.7823 3.098, 1.5551 2.7823 3.6026, 1.5551 2.2311 3.098, 1.5551 2.7823 4.2003, 1.5551 2.2311 5.5665, 1.5551 2.7823 5.38, 1.5551 2.7823 5.5665, 0.8402 2.7823 3.098, -1.5551 2.2311 3.098, -1.5551 2.7823 3.098, -0.9991 2.7823 3.098, -0.6686 2.7823 3.098, -0.1141 2.7823 3.098, 0.318 2.7823 3.098, -1.5551 2.7823 3.6026, -1.5551 2.2311 5.5665, -1.5551 2.7823 5.5665, -1.5551 2.7823 5.38, -1.5551 2.7823 4.2003, -1.0591 2.7823 5.5665, -1.0591 2.2311 5.5665, -1.0591 2.7823 6.039, -2.075 2.7823 6.039, -2.075 2.7823 8.5311, -0.9991 2.7823 8.5311, 2.075 2.7823 8.5311, 0.8402 2.7823 8.5311, 0.318 2.7823 8.5311, -0.1141 2.7823 8.5311, -0.6686 2.7823 8.5311, 2.075 2.7823 6.039, 1.0591 2.7823 6.039, 1.0591 2.2311 5.5665, 1.0591 2.7823 5.5665, 1.0886 2.7823 4.1967, 1.1679 2.7823 4.1967, 1.0886 2.7823 3.671, 1.1679 2.7823 3.6062, 0.8654 2.7823 3.671, 0.8654 2.7823 3.6062, 0.318 2.7823 6.6312, 0.2006 2.7823 6.5825, 0.318 2.7823 8.031, 0.3875 2.7823 8.0023, 0.548 2.7823 7.8791, 0.6712 2.7823 7.7186, 0.7486 2.7823 7.5317, 0.775 2.7823 7.3311, 0.7486 2.7823 7.1305, 0.6712 2.7823 6.9436, 0.548 2.7823 6.7831, 0.3875 2.7823 6.6599, -0.1141 2.7823 8.0911, 0.0 2.7823 8.1061, 0.2006 2.7823 8.0797, -0.6686 2.7823 7.7219, -0.548 2.7823 7.8791, -0.3875 2.7823 8.0023, -0.2006 2.7823 8.0797, -0.6686 2.7823 6.9403, -0.6712 2.7823 6.9436, -0.7486 2.7823 7.1305, -0.775 2.7823 7.3311, -0.7486 2.7823 7.5317, -0.6712 2.7823 7.7186, 0.0 2.7823 6.5561, -0.1141 2.7823 6.5711, -0.2006 2.7823 6.5825, -0.3875 2.7823 6.6599, -0.548 2.7823 6.7831, 1.1799 0.7173 0.0512, 0.8201 0.7173 0.0512, 1.1799 0.7173 -2.9333, 0.8201 0.7173 -2.9333, 1.1012 0.7173 -3.1496, 0.8988 0.7173 -3.1496, 0.8988 0.9472 -3.1496, 1.1012 0.9472 -3.1496, 1.1799 0.9472 -2.9333, 0.8201 0.9472 -2.9333, 1.1799 0.9472 0.0512, 0.8201 0.9472 0.0512, 1.1799 0.95 0.0724, 0.8201 0.95 0.0724, 1.1799 0.9582 0.0921, 0.8201 0.9582 0.0921, 1.1799 0.9712 0.1091, 0.8201 0.9712 0.1091, 1.1799 0.9882 0.1221, 0.8201 0.9882 0.1221, 1.1799 1.5913 0.4703, 0.8201 1.5913 0.4703, 0.8201 1.6441 0.5086, 1.1799 1.6441 0.5086, 0.8201 1.6877 0.5571, 1.1799 1.6877 0.5571, 0.8201 1.7203 0.6135, 1.1799 1.7203 0.6135, 0.8201 1.7404 0.6755, 1.1799 1.7404 0.6755, 0.8201 1.7472 0.7404, 1.1799 1.7472 0.7404, 1.1799 1.7472 2.3311, 0.8201 1.7472 2.3311, 1.1799 1.5173 0.7404, 1.1799 1.5173 2.3355, 0.8201 1.5173 0.7404, 0.8201 1.5173 2.3355, 1.1799 1.5145 0.7192, 0.8201 1.5145 0.7192, 1.1799 1.5063 0.6994, 0.8201 1.5063 0.6994, 1.1799 1.4933 0.6825, 0.8201 1.4933 0.6825, 1.1799 1.4764 0.6694, 0.8201 1.4764 0.6694, 1.1799 0.8732 0.3212, 0.8201 0.8732 0.3212, 0.8201 0.8086 0.2717, 1.1799 0.8086 0.2717, 0.8201 0.7591 0.2071, 1.1799 0.7591 0.2071, 0.8201 0.7279 0.1319, 1.1799 0.7279 0.1319, 1.1799 1.5531 2.3311, 0.8201 1.5531 2.3311, -0.1012 0.7173 -3.1496, 0.1012 0.7173 -3.1496, -0.1799 0.7173 -2.9333, 0.1799 0.7173 -2.9333, -0.1799 0.7173 0.0512, 0.1799 0.7173 0.0512, -0.1012 0.9472 -3.1496, 0.1012 0.9472 -3.1496, -0.1799 0.9472 0.0512, 0.1799 0.9472 0.0512, -0.1799 0.9472 -2.9333, 0.1799 0.9472 -2.9333, 0.1799 0.95 0.0724, -0.1799 0.95 0.0724, 0.1799 0.9582 0.0921, -0.1799 0.9582 0.0921, 0.1799 0.9712 0.1091, -0.1799 0.9712 0.1091, 0.1799 0.9882 0.1221, -0.1799 0.9882 0.1221, 0.1799 1.5913 0.4703, -0.1799 1.5913 0.4703, -0.1799 1.6441 0.5086, 0.1799 1.6441 0.5086, -0.1799 1.6877 0.5571, 0.1799 1.6877 0.5571, -0.1799 1.7203 0.6135, 0.1799 1.7203 0.6135, -0.1799 1.7404 0.6755, 0.1799 1.7404 0.6755, -0.1799 1.7472 0.7404, 0.1799 1.7472 0.7404, 0.1799 1.7472 2.3311, -0.1799 1.7472 2.3311, 0.1799 1.5173 0.7404, 0.1799 1.5173 2.3355, -0.1799 1.5173 0.7404, -0.1799 1.5173 2.3355, 0.1799 1.5145 0.7192, -0.1799 1.5145 0.7192, 0.1799 1.5063 0.6994, -0.1799 1.5063 0.6994, 0.1799 1.4933 0.6825, -0.1799 1.4933 0.6825, 0.1799 1.4764 0.6694, -0.1799 1.4764 0.6694, 0.1799 0.8732 0.3212, -0.1799 0.8732 0.3212, -0.1799 0.8086 0.2717, 0.1799 0.8086 0.2717, -0.1799 0.7591 0.2071, 0.1799 0.7591 0.2071, -0.1799 0.7279 0.1319, 0.1799 0.7279 0.1319, 0.1799 1.5531 2.3311, -0.1799 1.5531 2.3311, -1.1012 0.7173 -3.1496, -0.8988 0.7173 -3.1496, -1.1799 0.7173 -2.9333, -0.8201 0.7173 -2.9333, -1.1799 0.7173 0.0512, -0.8201 0.7173 0.0512, -1.1012 0.9472 -3.1496, -0.8988 0.9472 -3.1496, -1.1799 0.9472 0.0512, -0.8201 0.9472 0.0512, -1.1799 0.9472 -2.9333, -0.8201 0.9472 -2.9333, -0.8201 0.95 0.0724, -1.1799 0.95 0.0724, -0.8201 0.9582 0.0921, -1.1799 0.9582 0.0921, -0.8201 0.9712 0.1091, -1.1799 0.9712 0.1091, -0.8201 0.9882 0.1221, -1.1799 0.9882 0.1221, -0.8201 1.5913 0.4703, -1.1799 1.5913 0.4703, -1.1799 1.6441 0.5086, -0.8201 1.6441 0.5086, -1.1799 1.6877 0.5571, -0.8201 1.6877 0.5571, -1.1799 1.7203 0.6135, -0.8201 1.7203 0.6135, -1.1799 1.7404 0.6755, -0.8201 1.7404 0.6755, -1.1799 1.7472 0.7404, -0.8201 1.7472 0.7404, -0.8201 1.7472 2.3311, -1.1799 1.7472 2.3311, -0.8201 1.5173 0.7404, -0.8201 1.5173 2.3355, -1.1799 1.5173 0.7404, -1.1799 1.5173 2.3355, -0.8201 1.5145 0.7192, -1.1799 1.5145 0.7192, -0.8201 1.5063 0.6994, -1.1799 1.5063 0.6994, -0.8201 1.4933 0.6825, -1.1799 1.4933 0.6825, -0.8201 1.4764 0.6694, -1.1799 1.4764 0.6694, -0.8201 0.8732 0.3212, -1.1799 0.8732 0.3212, -1.1799 0.8086 0.2717, -0.8201 0.8086 0.2717, -1.1799 0.7591 0.2071, -0.8201 0.7591 0.2071, -1.1799 0.7279 0.1319, -0.8201 0.7279 0.1319, -0.8201 1.5531 2.3311, -1.1799 1.5531 2.3311, 1.6799 -0.9323 0.0512, 1.3201 -0.9323 0.0512, 1.6799 -0.9323 -1.7522, 1.3201 -0.9323 -1.7522, 1.6012 -0.9323 -1.9685, 1.3988 -0.9323 -1.9685, 1.6012 -0.7024 -1.9685, 1.3988 -0.7024 -1.9685, 1.6799 -0.7024 -1.7522, 1.3201 -0.7024 -1.7522, 1.6799 -0.7024 0.0512, 1.3201 -0.7024 0.0512, 1.6799 -0.7001 0.0705, 1.3201 -0.7001 0.0705, 1.6799 -0.6932 0.0888, 1.3201 -0.6932 0.0888, 1.6799 -0.6823 0.1049, 1.3201 -0.6823 0.1049, 1.6799 -0.6678 0.118, 1.3201 -0.6678 0.118, 1.6799 -0.6507 0.1273, 1.3201 -0.6507 0.1273, 1.6799 -0.6319 0.1323, 1.3201 -0.6319 0.1323, 1.6799 1.4788 0.4289, 1.3201 1.4788 0.4289, 1.3201 1.5505 0.4479, 1.6799 1.5505 0.4479, 1.3201 1.6158 0.4833, 1.6799 1.6158 0.4833, 1.3201 1.6707 0.5331, 1.6799 1.6707 0.5331, 1.3201 1.7124 0.5945, 1.6799 1.7124 0.5945, 1.3201 1.7384 0.664, 1.6799 1.7384 0.664, 1.3201 1.7472 0.7377, 1.6799 1.7472 0.7377, 1.6799 1.7472 2.3311, 1.3201 1.7472 2.3311, 1.6799 1.5173 0.7377, 1.6799 1.5173 2.3355, 1.3201 1.5173 0.7377, 1.3201 1.5173 2.3355, 1.6799 1.515 0.7183, 1.3201 1.515 0.7183, 1.6799 1.5082 0.7001, 1.3201 1.5082 0.7001, 1.6799 1.4972 0.684, 1.3201 1.4972 0.684, 1.6799 1.4828 0.6709, 1.3201 1.4828 0.6709, 1.6799 1.4657 0.6616, 1.3201 1.4657 0.6616, 1.6799 1.4468 0.6566, 1.3201 1.4468 0.6566, 1.6799 -0.6639 0.36, 1.3201 -0.6639 0.36, 1.3201 -0.7356 0.341, 1.6799 -0.7356 0.341, 1.3201 -0.8008 0.3056, 1.6799 -0.8008 0.3056, 1.3201 -0.8558 0.2557, 1.6799 -0.8558 0.2557, 1.3201 -0.8975 0.1944, 1.6799 -0.8975 0.1944, 1.3201 -0.9235 0.1248, 1.6799 -0.9235 0.1248, 1.6799 1.5531 2.3311, 1.3201 1.5531 2.3311, 0.6799 -0.9323 0.0512, 0.3201 -0.9323 0.0512, 0.6799 -0.9323 -1.7522, 0.3201 -0.9323 -1.7522, 0.6012 -0.9323 -1.9685, 0.3988 -0.9323 -1.9685, 0.6012 -0.7024 -1.9685, 0.3988 -0.7024 -1.9685, 0.6799 -0.7024 -1.7522, 0.3201 -0.7024 -1.7522, 0.6799 -0.7024 0.0512, 0.3201 -0.7024 0.0512, 0.6799 -0.7001 0.0705, 0.3201 -0.7001 0.0705, 0.6799 -0.6932 0.0888, 0.3201 -0.6932 0.0888, 0.6799 -0.6823 0.1049, 0.3201 -0.6823 0.1049, 0.6799 -0.6678 0.118, 0.3201 -0.6678 0.118, 0.6799 -0.6507 0.1273, 0.3201 -0.6507 0.1273, 0.6799 -0.6319 0.1323, 0.3201 -0.6319 0.1323, 0.6799 1.4788 0.4289, 0.3201 1.4788 0.4289, 0.3201 1.5505 0.4479, 0.6799 1.5505 0.4479, 0.3201 1.6158 0.4833, 0.6799 1.6158 0.4833, 0.3201 1.6707 0.5331, 0.6799 1.6707 0.5331, 0.3201 1.7124 0.5945, 0.6799 1.7124 0.5945, 0.3201 1.7384 0.664, 0.6799 1.7384 0.664, 0.3201 1.7472 0.7377, 0.6799 1.7472 0.7377, 0.6799 1.7472 2.3311, 0.3201 1.7472 2.3311, 0.6799 1.5173 0.7377, 0.6799 1.5173 2.3355, 0.3201 1.5173 0.7377, 0.3201 1.5173 2.3355, 0.6799 1.515 0.7183, 0.3201 1.515 0.7183, 0.6799 1.5082 0.7001, 0.3201 1.5082 0.7001, 0.6799 1.4972 0.684, 0.3201 1.4972 0.684, 0.6799 1.4828 0.6709, 0.3201 1.4828 0.6709, 0.6799 1.4657 0.6616, 0.3201 1.4657 0.6616, 0.6799 1.4468 0.6566, 0.3201 1.4468 0.6566, 0.6799 -0.6639 0.36, 0.3201 -0.6639 0.36, 0.3201 -0.7356 0.341, 0.6799 -0.7356 0.341, 0.3201 -0.8008 0.3056, 0.6799 -0.8008 0.3056, 0.3201 -0.8558 0.2557, 0.6799 -0.8558 0.2557, 0.3201 -0.8975 0.1944, 0.6799 -0.8975 0.1944, 0.3201 -0.9235 0.1248, 0.6799 -0.9235 0.1248, 0.6799 1.5531 2.3311, 0.3201 1.5531 2.3311, -0.3201 -0.9323 0.0512, -0.6799 -0.9323 0.0512, -0.3201 -0.9323 -1.7522, -0.6799 -0.9323 -1.7522, -0.3988 -0.9323 -1.9685, -0.6012 -0.9323 -1.9685, -0.3988 -0.7024 -1.9685, -0.6012 -0.7024 -1.9685, -0.3201 -0.7024 -1.7522, -0.6799 -0.7024 -1.7522, -0.3201 -0.7024 0.0512, -0.6799 -0.7024 0.0512, -0.3201 -0.7001 0.0705, -0.6799 -0.7001 0.0705, -0.3201 -0.6932 0.0888, -0.6799 -0.6932 0.0888, -0.3201 -0.6823 0.1049, -0.6799 -0.6823 0.1049, -0.3201 -0.6678 0.118, -0.6799 -0.6678 0.118, -0.3201 -0.6507 0.1273, -0.6799 -0.6507 0.1273, -0.3201 -0.6319 0.1323, -0.6799 -0.6319 0.1323, -0.3201 1.4788 0.4289, -0.6799 1.4788 0.4289, -0.6799 1.5505 0.4479, -0.3201 1.5505 0.4479, -0.6799 1.6158 0.4833, -0.3201 1.6158 0.4833, -0.6799 1.6707 0.5331, -0.3201 1.6707 0.5331, -0.6799 1.7124 0.5945, -0.3201 1.7124 0.5945, -0.6799 1.7384 0.664, -0.3201 1.7384 0.664, -0.6799 1.7472 0.7377, -0.3201 1.7472 0.7377, -0.3201 1.7472 2.3311, -0.6799 1.7472 2.3311, -0.3201 1.5173 0.7377, -0.3201 1.5173 2.3355, -0.6799 1.5173 0.7377, -0.6799 1.5173 2.3355, -0.3201 1.515 0.7183, -0.6799 1.515 0.7183, -0.3201 1.5082 0.7001, -0.6799 1.5082 0.7001, -0.3201 1.4972 0.684, -0.6799 1.4972 0.684, -0.3201 1.4828 0.6709, -0.6799 1.4828 0.6709, -0.3201 1.4657 0.6616, -0.6799 1.4657 0.6616, -0.3201 1.4468 0.6566, -0.6799 1.4468 0.6566, -0.3201 -0.6639 0.36, -0.6799 -0.6639 0.36, -0.6799 -0.7356 0.341, -0.3201 -0.7356 0.341, -0.6799 -0.8008 0.3056, -0.3201 -0.8008 0.3056, -0.6799 -0.8558 0.2557, -0.3201 -0.8558 0.2557, -0.6799 -0.8975 0.1944, -0.3201 -0.8975 0.1944, -0.6799 -0.9235 0.1248, -0.3201 -0.9235 0.1248, -0.3201 1.5531 2.3311, -0.6799 1.5531 2.3311, -1.6012 -0.9323 -1.9685, -1.3988 -0.9323 -1.9685, -1.6799 -0.9323 -1.7522, -1.3201 -0.9323 -1.7522, -1.6799 -0.9323 0.0512, -1.3201 -0.9323 0.0512, -1.3988 -0.7024 -1.9685, -1.6012 -0.7024 -1.9685, -1.6799 -0.7024 0.0512, -1.3201 -0.7024 0.0512, -1.6799 -0.7024 -1.7522, -1.3201 -0.7024 -1.7522, -1.3201 -0.7001 0.0705, -1.6799 -0.7001 0.0705, -1.3201 -0.6932 0.0888, -1.6799 -0.6932 0.0888, -1.3201 -0.6823 0.1049, -1.6799 -0.6823 0.1049, -1.3201 -0.6678 0.118, -1.6799 -0.6678 0.118, -1.3201 -0.6507 0.1273, -1.6799 -0.6507 0.1273, -1.3201 -0.6319 0.1323, -1.6799 -0.6319 0.1323, -1.3201 1.4788 0.4289, -1.6799 1.4788 0.4289, -1.6799 1.5505 0.4479, -1.3201 1.5505 0.4479, -1.6799 1.6158 0.4833, -1.3201 1.6158 0.4833, -1.6799 1.6707 0.5331, -1.3201 1.6707 0.5331, -1.6799 1.7124 0.5945, -1.3201 1.7124 0.5945, -1.6799 1.7384 0.664, -1.3201 1.7384 0.664, -1.6799 1.7472 0.7377, -1.3201 1.7472 0.7377, -1.3201 1.7472 2.3311, -1.6799 1.7472 2.3311, -1.3201 1.5173 0.7377, -1.3201 1.5173 2.3355, -1.6799 1.5173 0.7377, -1.6799 1.5173 2.3355, -1.3201 1.515 0.7183, -1.6799 1.515 0.7183, -1.3201 1.5082 0.7001, -1.6799 1.5082 0.7001, -1.3201 1.4972 0.684, -1.6799 1.4972 0.684, -1.3201 1.4828 0.6709, -1.6799 1.4828 0.6709, -1.3201 1.4657 0.6616, -1.6799 1.4657 0.6616, -1.3201 1.4468 0.6566, -1.6799 1.4468 0.6566, -1.3201 -0.6639 0.36, -1.6799 -0.6639 0.36, -1.6799 -0.7356 0.341, -1.3201 -0.7356 0.341, -1.6799 -0.8008 0.3056, -1.3201 -0.8008 0.3056, -1.6799 -0.8558 0.2557, -1.3201 -0.8558 0.2557, -1.6799 -0.8975 0.1944, -1.3201 -0.8975 0.1944, -1.6799 -0.9235 0.1248, -1.3201 -0.9235 0.1248, -1.3201 1.5531 2.3311, -1.6799 1.5531 2.3311
            ]
        }
        coordIndex [
            0,1,2,-1,2,1,3,-1,2,3,4,-1,4,3,5,-1,6,7,8,-1,8,7,9,-1,10,11,12,-1,12,11,13,-1,14,15,10,-1,10,15,11,-1,16,17,18,-1,18,17,19,-1,20,21,16,-1,16,21,17,-1,22,23,24,-1,24,23,25,-1,26,27,28,-1,25,29,24,-1,24,29,30,-1,24,30,31,-1,28,27,32,-1,33,34,35,-1,36,37,38,-1,30,39,31,-1,31,39,40,-1,31,40,41,-1,41,40,42,-1,41,42,28,-1,28,42,43,-1,28,43,26,-1,44,45,33,-1,33,35,38,-1,38,35,46,-1,38,46,36,-1,24,47,22,-1,22,47,38,-1,22,38,48,-1,48,38,37,-1,27,49,32,-1,32,49,50,-1,32,50,33,-1,33,50,51,-1,33,51,44,-1,45,52,33,-1,33,52,53,-1,33,53,34,-1,54,55,56,-1,56,55,57,-1,56,57,58,-1,58,57,59,-1,58,59,60,-1,61,54,56,-1,62,63,64,-1,64,65,62,-1,62,65,66,-1,62,66,56,-1,56,66,67,-1,56,67,61,-1,68,63,62,-1,69,70,71,-1,69,71,62,-1,62,71,72,-1,62,72,68,-1,73,70,74,-1,74,70,69,-1,28,75,41,-1,41,75,73,-1,41,73,74,-1,76,75,32,-1,32,75,28,-1,77,76,33,-1,33,76,32,-1,78,77,33,-1,38,79,80,-1,80,81,38,-1,38,81,82,-1,38,82,33,-1,33,82,83,-1,33,83,78,-1,84,79,47,-1,47,79,38,-1,85,84,24,-1,24,84,47,-1,86,87,31,-1,31,87,85,-1,31,85,24,-1,60,87,58,-1,58,87,86,-1,88,89,90,-1,90,89,91,-1,90,91,92,-1,92,91,93,-1,39,94,40,-1,40,94,95,-1,40,95,42,-1,46,96,36,-1,36,96,97,-1,36,97,37,-1,37,97,98,-1,37,98,48,-1,48,98,99,-1,48,99,22,-1,22,99,100,-1,22,100,23,-1,23,100,101,-1,23,101,25,-1,25,101,102,-1,25,102,29,-1,29,102,103,-1,29,103,30,-1,30,103,104,-1,30,104,39,-1,39,104,105,-1,39,105,94,-1,34,106,35,-1,35,106,107,-1,35,107,46,-1,46,107,108,-1,46,108,96,-1,45,109,52,-1,52,109,110,-1,52,110,53,-1,53,110,111,-1,53,111,34,-1,34,111,112,-1,34,112,106,-1,27,113,49,-1,49,113,114,-1,49,114,50,-1,50,114,115,-1,50,115,51,-1,51,115,116,-1,51,116,44,-1,44,116,117,-1,44,117,45,-1,45,117,118,-1,45,118,109,-1,95,119,42,-1,42,119,120,-1,42,120,43,-1,43,120,121,-1,43,121,26,-1,26,121,122,-1,26,122,27,-1,27,122,123,-1,27,123,113,-1,124,125,126,-1,126,125,127,-1,126,127,128,-1,128,127,129,-1,130,131,129,-1,129,131,128,-1,131,130,132,-1,132,130,133,-1,132,133,134,-1,134,133,135,-1,134,135,136,-1,136,135,137,-1,136,137,138,-1,138,137,139,-1,138,139,140,-1,140,139,141,-1,140,141,142,-1,142,141,143,-1,144,142,145,-1,145,142,143,-1,144,145,146,-1,144,146,147,-1,147,146,148,-1,147,148,149,-1,149,148,150,-1,149,150,151,-1,151,150,152,-1,151,152,153,-1,153,152,154,-1,153,154,155,-1,156,155,157,-1,157,155,154,-1,158,159,160,-1,160,159,161,-1,158,160,162,-1,162,160,163,-1,162,163,164,-1,164,163,165,-1,164,165,166,-1,166,165,167,-1,166,167,168,-1,168,167,169,-1,170,168,171,-1,171,168,169,-1,170,171,172,-1,170,172,173,-1,173,172,174,-1,173,174,175,-1,175,174,176,-1,175,176,177,-1,177,176,125,-1,177,125,124,-1,178,159,158,-1,178,158,156,-1,164,151,162,-1,162,151,153,-1,162,153,158,-1,158,153,155,-1,158,155,156,-1,126,132,124,-1,124,132,134,-1,124,134,177,-1,177,134,136,-1,177,136,175,-1,175,136,138,-1,175,138,173,-1,173,138,140,-1,173,140,170,-1,170,140,142,-1,170,142,168,-1,168,142,144,-1,168,144,166,-1,166,144,147,-1,166,147,164,-1,164,147,149,-1,164,149,151,-1,163,160,154,-1,157,154,179,-1,179,154,160,-1,179,160,161,-1,133,127,135,-1,135,127,125,-1,135,125,137,-1,137,125,176,-1,137,176,139,-1,139,176,174,-1,139,174,141,-1,141,174,172,-1,141,172,143,-1,143,172,171,-1,143,171,145,-1,145,171,169,-1,145,169,146,-1,146,169,167,-1,146,167,148,-1,148,167,165,-1,148,165,150,-1,150,165,163,-1,150,163,152,-1,152,163,154,-1,129,127,130,-1,130,127,133,-1,126,128,132,-1,132,128,131,-1,180,181,182,-1,182,181,183,-1,182,183,184,-1,184,183,185,-1,186,187,180,-1,180,187,181,-1,188,189,190,-1,190,189,191,-1,190,191,186,-1,186,191,187,-1,189,188,192,-1,192,188,193,-1,192,193,194,-1,194,193,195,-1,194,195,196,-1,196,195,197,-1,196,197,198,-1,198,197,199,-1,200,198,201,-1,201,198,199,-1,200,201,202,-1,200,202,203,-1,203,202,204,-1,203,204,205,-1,205,204,206,-1,205,206,207,-1,207,206,208,-1,207,208,209,-1,209,208,210,-1,209,210,211,-1,212,211,213,-1,213,211,210,-1,214,215,216,-1,216,215,217,-1,214,216,218,-1,218,216,219,-1,218,219,220,-1,220,219,221,-1,220,221,222,-1,222,221,223,-1,222,223,224,-1,224,223,225,-1,226,224,227,-1,227,224,225,-1,226,227,228,-1,226,228,229,-1,229,228,230,-1,229,230,231,-1,231,230,232,-1,231,232,233,-1,233,232,184,-1,233,184,185,-1,234,215,214,-1,234,214,212,-1,220,207,218,-1,218,207,209,-1,218,209,214,-1,214,209,211,-1,214,211,212,-1,183,191,185,-1,185,191,189,-1,185,189,233,-1,233,189,192,-1,233,192,231,-1,231,192,194,-1,231,194,229,-1,229,194,196,-1,229,196,226,-1,226,196,198,-1,226,198,224,-1,224,198,200,-1,224,200,222,-1,222,200,203,-1,222,203,220,-1,220,203,205,-1,220,205,207,-1,219,216,210,-1,213,210,235,-1,235,210,216,-1,235,216,217,-1,190,182,188,-1,188,182,184,-1,188,184,193,-1,193,184,232,-1,193,232,195,-1,195,232,230,-1,195,230,197,-1,197,230,228,-1,197,228,199,-1,199,228,227,-1,199,227,201,-1,201,227,225,-1,201,225,202,-1,202,225,223,-1,202,223,204,-1,204,223,221,-1,204,221,206,-1,206,221,219,-1,206,219,208,-1,208,219,210,-1,236,237,238,-1,238,237,239,-1,238,239,240,-1,240,239,241,-1,242,243,236,-1,236,243,237,-1,244,245,246,-1,246,245,247,-1,246,247,242,-1,242,247,243,-1,245,244,248,-1,248,244,249,-1,248,249,250,-1,250,249,251,-1,250,251,252,-1,252,251,253,-1,252,253,254,-1,254,253,255,-1,256,254,257,-1,257,254,255,-1,256,257,258,-1,256,258,259,-1,259,258,260,-1,259,260,261,-1,261,260,262,-1,261,262,263,-1,263,262,264,-1,263,264,265,-1,265,264,266,-1,265,266,267,-1,268,267,269,-1,269,267,266,-1,270,271,272,-1,272,271,273,-1,270,272,274,-1,274,272,275,-1,274,275,276,-1,276,275,277,-1,276,277,278,-1,278,277,279,-1,278,279,280,-1,280,279,281,-1,282,280,283,-1,283,280,281,-1,282,283,284,-1,282,284,285,-1,285,284,286,-1,285,286,287,-1,287,286,288,-1,287,288,289,-1,289,288,240,-1,289,240,241,-1,290,271,270,-1,290,270,268,-1,276,263,274,-1,274,263,265,-1,274,265,270,-1,270,265,267,-1,270,267,268,-1,239,247,241,-1,241,247,245,-1,241,245,289,-1,289,245,248,-1,289,248,287,-1,287,248,250,-1,287,250,285,-1,285,250,252,-1,285,252,282,-1,282,252,254,-1,282,254,280,-1,280,254,256,-1,280,256,278,-1,278,256,259,-1,278,259,276,-1,276,259,261,-1,276,261,263,-1,275,272,266,-1,269,266,291,-1,291,266,272,-1,291,272,273,-1,246,238,244,-1,244,238,240,-1,244,240,249,-1,249,240,288,-1,249,288,251,-1,251,288,286,-1,251,286,253,-1,253,286,284,-1,253,284,255,-1,255,284,283,-1,255,283,257,-1,257,283,281,-1,257,281,258,-1,258,281,279,-1,258,279,260,-1,260,279,277,-1,260,277,262,-1,262,277,275,-1,262,275,264,-1,264,275,266,-1,180,182,186,-1,186,182,190,-1,183,181,191,-1,191,181,187,-1,236,238,242,-1,242,238,246,-1,239,237,247,-1,247,237,243,-1,292,293,294,-1,294,293,295,-1,294,295,296,-1,296,295,297,-1,296,297,298,-1,298,297,299,-1,298,299,300,-1,300,299,301,-1,300,301,302,-1,302,301,303,-1,302,303,304,-1,304,303,305,-1,304,305,306,-1,306,305,307,-1,306,307,308,-1,308,307,309,-1,308,309,310,-1,310,309,311,-1,310,311,312,-1,312,311,313,-1,312,313,314,-1,314,313,315,-1,316,314,317,-1,317,314,315,-1,316,317,318,-1,316,318,319,-1,319,318,320,-1,319,320,321,-1,321,320,322,-1,321,322,323,-1,323,322,324,-1,323,324,325,-1,325,324,326,-1,325,326,327,-1,327,326,328,-1,327,328,329,-1,330,329,331,-1,331,329,328,-1,332,333,334,-1,334,333,335,-1,332,334,336,-1,336,334,337,-1,336,337,338,-1,338,337,339,-1,338,339,340,-1,340,339,341,-1,340,341,342,-1,342,341,343,-1,342,343,344,-1,344,343,345,-1,344,345,346,-1,346,345,347,-1,348,346,349,-1,349,346,347,-1,348,349,350,-1,348,350,351,-1,351,350,352,-1,351,352,353,-1,353,352,354,-1,353,354,355,-1,355,354,356,-1,355,356,357,-1,357,356,358,-1,357,358,359,-1,359,358,293,-1,359,293,292,-1,333,327,360,-1,360,327,329,-1,360,329,330,-1,294,300,292,-1,292,300,302,-1,292,302,359,-1,359,302,304,-1,359,304,357,-1,357,304,306,-1,357,306,355,-1,355,306,308,-1,355,308,353,-1,353,308,310,-1,353,310,351,-1,351,310,312,-1,351,312,348,-1,348,312,314,-1,348,314,346,-1,346,314,316,-1,346,316,344,-1,344,316,319,-1,344,319,342,-1,342,319,321,-1,342,321,340,-1,340,321,323,-1,340,323,338,-1,338,323,325,-1,338,325,336,-1,336,325,327,-1,336,327,332,-1,332,327,333,-1,334,335,361,-1,361,331,334,-1,334,331,328,-1,334,328,337,-1,337,328,326,-1,337,326,339,-1,339,326,324,-1,339,324,341,-1,341,324,322,-1,341,322,343,-1,343,322,320,-1,343,320,345,-1,345,320,318,-1,345,318,347,-1,347,318,317,-1,347,317,349,-1,349,317,315,-1,349,315,350,-1,350,315,313,-1,350,313,352,-1,352,313,311,-1,352,311,354,-1,354,311,309,-1,354,309,356,-1,356,309,307,-1,356,307,358,-1,358,307,305,-1,358,305,293,-1,293,305,303,-1,293,303,295,-1,295,303,301,-1,294,296,300,-1,300,296,298,-1,297,295,299,-1,299,295,301,-1,362,363,364,-1,364,363,365,-1,364,365,366,-1,366,365,367,-1,366,367,368,-1,368,367,369,-1,368,369,370,-1,370,369,371,-1,370,371,372,-1,372,371,373,-1,372,373,374,-1,374,373,375,-1,374,375,376,-1,376,375,377,-1,376,377,378,-1,378,377,379,-1,378,379,380,-1,380,379,381,-1,380,381,382,-1,382,381,383,-1,382,383,384,-1,384,383,385,-1,386,384,387,-1,387,384,385,-1,386,387,388,-1,386,388,389,-1,389,388,390,-1,389,390,391,-1,391,390,392,-1,391,392,393,-1,393,392,394,-1,393,394,395,-1,395,394,396,-1,395,396,397,-1,397,396,398,-1,397,398,399,-1,400,399,401,-1,401,399,398,-1,402,403,404,-1,404,403,405,-1,402,404,406,-1,406,404,407,-1,406,407,408,-1,408,407,409,-1,408,409,410,-1,410,409,411,-1,410,411,412,-1,412,411,413,-1,412,413,414,-1,414,413,415,-1,414,415,416,-1,416,415,417,-1,418,416,419,-1,419,416,417,-1,418,419,420,-1,418,420,421,-1,421,420,422,-1,421,422,423,-1,423,422,424,-1,423,424,425,-1,425,424,426,-1,425,426,427,-1,427,426,428,-1,427,428,429,-1,429,428,363,-1,429,363,362,-1,403,397,430,-1,430,397,399,-1,430,399,400,-1,364,370,362,-1,362,370,372,-1,362,372,429,-1,429,372,374,-1,429,374,427,-1,427,374,376,-1,427,376,425,-1,425,376,378,-1,425,378,423,-1,423,378,380,-1,423,380,421,-1,421,380,382,-1,421,382,418,-1,418,382,384,-1,418,384,416,-1,416,384,386,-1,416,386,414,-1,414,386,389,-1,414,389,412,-1,412,389,391,-1,412,391,410,-1,410,391,393,-1,410,393,408,-1,408,393,395,-1,408,395,406,-1,406,395,397,-1,406,397,402,-1,402,397,403,-1,404,405,431,-1,431,401,404,-1,404,401,398,-1,404,398,407,-1,407,398,396,-1,407,396,409,-1,409,396,394,-1,409,394,411,-1,411,394,392,-1,411,392,413,-1,413,392,390,-1,413,390,415,-1,415,390,388,-1,415,388,417,-1,417,388,387,-1,417,387,419,-1,419,387,385,-1,419,385,420,-1,420,385,383,-1,420,383,422,-1,422,383,381,-1,422,381,424,-1,424,381,379,-1,424,379,426,-1,426,379,377,-1,426,377,428,-1,428,377,375,-1,428,375,363,-1,363,375,373,-1,363,373,365,-1,365,373,371,-1,432,433,434,-1,434,433,435,-1,434,435,436,-1,436,435,437,-1,436,437,438,-1,438,437,439,-1,438,439,440,-1,440,439,441,-1,440,441,442,-1,442,441,443,-1,442,443,444,-1,444,443,445,-1,444,445,446,-1,446,445,447,-1,446,447,448,-1,448,447,449,-1,448,449,450,-1,450,449,451,-1,450,451,452,-1,452,451,453,-1,452,453,454,-1,454,453,455,-1,456,454,457,-1,457,454,455,-1,456,457,458,-1,456,458,459,-1,459,458,460,-1,459,460,461,-1,461,460,462,-1,461,462,463,-1,463,462,464,-1,463,464,465,-1,465,464,466,-1,465,466,467,-1,467,466,468,-1,467,468,469,-1,470,469,471,-1,471,469,468,-1,472,473,474,-1,474,473,475,-1,472,474,476,-1,476,474,477,-1,476,477,478,-1,478,477,479,-1,478,479,480,-1,480,479,481,-1,480,481,482,-1,482,481,483,-1,482,483,484,-1,484,483,485,-1,484,485,486,-1,486,485,487,-1,488,486,489,-1,489,486,487,-1,488,489,490,-1,488,490,491,-1,491,490,492,-1,491,492,493,-1,493,492,494,-1,493,494,495,-1,495,494,496,-1,495,496,497,-1,497,496,498,-1,497,498,499,-1,499,498,433,-1,499,433,432,-1,473,467,500,-1,500,467,469,-1,500,469,470,-1,434,440,432,-1,432,440,442,-1,432,442,499,-1,499,442,444,-1,499,444,497,-1,497,444,446,-1,497,446,495,-1,495,446,448,-1,495,448,493,-1,493,448,450,-1,493,450,491,-1,491,450,452,-1,491,452,488,-1,488,452,454,-1,488,454,486,-1,486,454,456,-1,486,456,484,-1,484,456,459,-1,484,459,482,-1,482,459,461,-1,482,461,480,-1,480,461,463,-1,480,463,478,-1,478,463,465,-1,478,465,476,-1,476,465,467,-1,476,467,472,-1,472,467,473,-1,474,475,501,-1,501,471,474,-1,474,471,468,-1,474,468,477,-1,477,468,466,-1,477,466,479,-1,479,466,464,-1,479,464,481,-1,481,464,462,-1,481,462,483,-1,483,462,460,-1,483,460,485,-1,485,460,458,-1,485,458,487,-1,487,458,457,-1,487,457,489,-1,489,457,455,-1,489,455,490,-1,490,455,453,-1,490,453,492,-1,492,453,451,-1,492,451,494,-1,494,451,449,-1,494,449,496,-1,496,449,447,-1,496,447,498,-1,498,447,445,-1,498,445,433,-1,433,445,443,-1,433,443,435,-1,435,443,441,-1,502,503,504,-1,504,503,505,-1,504,505,506,-1,506,505,507,-1,503,502,508,-1,508,502,509,-1,510,511,512,-1,512,511,513,-1,512,513,509,-1,509,513,508,-1,511,510,514,-1,514,510,515,-1,514,515,516,-1,516,515,517,-1,516,517,518,-1,518,517,519,-1,518,519,520,-1,520,519,521,-1,520,521,522,-1,522,521,523,-1,522,523,524,-1,524,523,525,-1,526,524,527,-1,527,524,525,-1,526,527,528,-1,526,528,529,-1,529,528,530,-1,529,530,531,-1,531,530,532,-1,531,532,533,-1,533,532,534,-1,533,534,535,-1,535,534,536,-1,535,536,537,-1,537,536,538,-1,537,538,539,-1,540,539,541,-1,541,539,538,-1,542,543,544,-1,544,543,545,-1,542,544,546,-1,546,544,547,-1,546,547,548,-1,548,547,549,-1,548,549,550,-1,550,549,551,-1,550,551,552,-1,552,551,553,-1,552,553,554,-1,554,553,555,-1,554,555,556,-1,556,555,557,-1,558,556,559,-1,559,556,557,-1,558,559,560,-1,558,560,561,-1,561,560,562,-1,561,562,563,-1,563,562,564,-1,563,564,565,-1,565,564,566,-1,565,566,567,-1,567,566,568,-1,567,568,569,-1,569,568,506,-1,569,506,507,-1,543,537,570,-1,570,537,539,-1,570,539,540,-1,505,513,507,-1,507,513,511,-1,507,511,569,-1,569,511,514,-1,569,514,567,-1,567,514,516,-1,567,516,565,-1,565,516,518,-1,565,518,563,-1,563,518,520,-1,563,520,561,-1,561,520,522,-1,561,522,558,-1,558,522,524,-1,558,524,556,-1,556,524,526,-1,556,526,554,-1,554,526,529,-1,554,529,552,-1,552,529,531,-1,552,531,550,-1,550,531,533,-1,550,533,548,-1,548,533,535,-1,548,535,546,-1,546,535,537,-1,546,537,542,-1,542,537,543,-1,544,545,571,-1,571,541,544,-1,544,541,538,-1,544,538,547,-1,547,538,536,-1,547,536,549,-1,549,536,534,-1,549,534,551,-1,551,534,532,-1,551,532,553,-1,553,532,530,-1,553,530,555,-1,555,530,528,-1,555,528,557,-1,557,528,527,-1,557,527,559,-1,559,527,525,-1,559,525,560,-1,560,525,523,-1,560,523,562,-1,562,523,521,-1,562,521,564,-1,564,521,519,-1,564,519,566,-1,566,519,517,-1,566,517,568,-1,568,517,515,-1,568,515,506,-1,506,515,510,-1,506,510,504,-1,504,510,512,-1,364,366,370,-1,370,366,368,-1,367,365,369,-1,369,365,371,-1,434,436,440,-1,440,436,438,-1,437,435,439,-1,439,435,441,-1,505,503,513,-1,513,503,508,-1,502,504,509,-1,509,504,512,-1,
        ]
    }
}
Shape{
    appearance Appearance {
        material  Material 	{
            diffuseColor 0.08235294117647059 0.08235294117647059 0.08235294117647059
            specularColor 0.07058823529411765 0.07058823529411765 0.07058823529411765
            ambientIntensity 0.0824
            transparency 0.0
            shininess 0.5
        }
    }
    geometry IndexedFaceSet {
        ccw TRUE
        solid FALSE
        coord DEF co Coordinate {
            point [
                -2.075 1.5531 6.0311, -2.0049 0.9823 5.961, -1.7852 0.9823 5.961, -1.5309 0.9823 5.961, -1.2514 0.9823 5.961, -1.2025 0.9823 5.961, -0.8741 0.9823 5.961, -0.8597 0.9823 5.961, 2.075 1.5531 6.0311, -0.5111 0.9823 5.961, -0.4794 0.9823 5.961, -0.1452 0.9823 5.961, -0.1135 0.9823 5.961, 0.2264 0.9823 5.961, 0.2609 0.9823 5.961, 0.6038 0.9823 5.961, 2.0049 0.9823 5.961, 2.0049 0.9823 3.3531, 2.0049 0.9823 2.4012, 2.075 1.5531 2.3311, 2.0049 0.9823 4.7187, 2.0049 0.9823 3.5699, -2.0049 0.9823 2.4012, -2.0049 0.9823 3.3531, -2.075 1.5531 2.3311, -2.0049 0.9823 3.5699, -2.0049 0.9823 4.7187, -1.3201 1.5531 2.3311, -1.1799 1.5531 2.3311, -1.3201 1.5173 2.3355, -1.1799 1.5173 2.3355, -0.8201 1.5531 2.3311, -0.6799 1.5531 2.3311, -0.8201 1.5173 2.3355, -0.6799 1.5173 2.3355, -1.5309 0.9823 2.4012, -1.6799 1.5173 2.3355, -1.2514 0.9823 2.4012, -1.2025 0.9823 2.4012, -1.6799 1.5531 2.3311, -1.7852 0.9823 2.4012, -0.5111 0.9823 2.4012, -0.8597 0.9823 2.4012, -0.8741 0.9823 2.4012, -0.3201 1.5531 2.3311, -0.1799 1.5531 2.3311, -0.3201 1.5173 2.3355, -0.1799 1.5173 2.3355, 0.1799 1.5531 2.3311, 0.3201 1.5531 2.3311, 0.1799 1.5173 2.3355, 0.3201 1.5173 2.3355, 0.6799 1.5173 2.3355, 0.6799 1.5531 2.3311, 0.8201 1.5531 2.3311, 0.8201 1.5173 2.3355, 1.1799 1.5173 2.3355, 0.6038 0.9823 2.4012, 0.2609 0.9823 2.4012, 0.2264 0.9823 2.4012, -0.1135 0.9823 2.4012, -0.1452 0.9823 2.4012, -0.4794 0.9823 2.4012, 1.6799 1.5531 2.3311, 1.6799 1.5173 2.3355, 1.3201 1.5173 2.3355, 1.3201 1.5531 2.3311, 1.1799 1.5531 2.3311
            ]
        }
        coordIndex [
            0,1,2,-1,2,3,0,-1,0,3,4,-1,0,4,5,-1,5,6,0,-1,0,6,7,-1,0,7,8,-1,8,7,9,-1,8,9,10,-1,10,11,8,-1,8,11,12,-1,8,12,13,-1,13,14,8,-1,8,14,15,-1,8,15,16,-1,17,18,19,-1,8,16,20,-1,8,20,19,-1,19,20,21,-1,19,21,17,-1,22,23,24,-1,24,23,25,-1,24,25,0,-1,0,25,26,-1,0,26,1,-1,27,28,29,-1,29,28,30,-1,31,32,33,-1,33,32,34,-1,35,36,37,-1,37,36,29,-1,37,29,38,-1,24,39,22,-1,22,39,36,-1,22,36,40,-1,40,36,35,-1,33,41,30,-1,30,41,42,-1,30,42,29,-1,29,42,43,-1,29,43,38,-1,44,45,46,-1,46,45,47,-1,48,49,50,-1,50,49,51,-1,52,53,54,-1,55,56,18,-1,54,55,52,-1,52,55,18,-1,52,18,51,-1,51,18,57,-1,51,57,50,-1,50,57,58,-1,50,58,47,-1,47,58,59,-1,47,59,46,-1,46,59,60,-1,46,60,34,-1,34,60,61,-1,34,61,33,-1,33,61,62,-1,33,62,41,-1,63,19,64,-1,64,19,18,-1,64,18,65,-1,65,18,56,-1,65,56,66,-1,66,56,67,-1,
        ]
    }
}