#VRML V2.0 utf8
# 3D model generated by easyeda2kicad.py (https://github.com/uPesy/easyeda2kicad.py)

Shape{
    appearance Appearance {
        material  Material 	{
            diffuseColor 0.25098039215686274 0.25098039215686274 0.25098039215686274
            specularColor 0.12549019607843137 0.12549019607843137 0.12549019607843137
            ambientIntensity 0.251
            transparency 0.0
            shininess 0.5
        }
    }
    geometry IndexedFaceSet {
        ccw TRUE
        solid FALSE
        coord DEF co Coordinate {
            point [
                -0.2373 -0.3937 0.1538, -0.2373 -0.3937 0.1432, -0.2116 -0.3937 0.1432, -0.1688 -0.3937 0.1457, -0.169 -0.3937 0.1456, -0.169 -0.3937 0.1432, -0.1561 -0.3937 0.173, -0.1637 -0.3937 0.1538, -0.1543 -0.3937 0.1538, -0.1998 -0.3937 0.1542, -0.201 -0.3937 0.1538, -0.1969 -0.3937 0.154, -0.2015 -0.3937 0.223, -0.1994 -0.3937 0.2232, -0.21 -0.3937 0.2232, -0.1946 -0.3937 0.1963, -0.1963 -0.3937 0.1961, -0.1901 -0.3937 0.1961, -0.1825 -0.3937 0.2199, -0.1825 -0.3937 0.2114, -0.1753 -0.3937 0.2114, -0.1808 -0.3937 0.1539, -0.182 -0.3937 0.1538, -0.1753 -0.3937 0.1538, -0.149 -0.3937 0.166, -0.149 -0.3937 0.157, -0.144 -0.3937 0.157, -0.3172 -0.3937 0.1761, -0.3139 -0.3937 0.1731, -0.3062 -0.3937 0.1771, -0.2551 -0.3937 0.1976, -0.254 -0.3937 0.1961, -0.2373 -0.3937 0.1961, -0.2817 -0.3937 0.2232, -0.2773 -0.3937 0.2203, -0.2373 -0.3937 0.2232, -0.2711 -0.3937 0.2131, -0.267 -0.3937 0.2053, -0.2657 -0.3937 0.2049, -0.2601 -0.3937 0.202, -0.3213 -0.3937 0.2256, -0.3125 -0.3937 0.229, -0.3815 -0.3937 0.2441, -0.3031 -0.3937 0.2302, -0.2373 -0.3937 0.2441, -0.2953 -0.3937 0.2293, -0.2858 -0.3937 0.226, -0.3604 -0.3937 0.2057, -0.3586 -0.3937 0.2074, -0.3815 -0.3937 0.2232, -0.3522 -0.3937 0.2116, -0.3451 -0.3937 0.2141, -0.3386 -0.3937 0.2148, -0.3251 -0.3937 0.2232, -0.3259 -0.3937 0.2228, -0.3303 -0.3937 0.219, -0.3364 -0.3937 0.2147, -0.3342 -0.3937 0.2144, -0.3692 -0.3937 0.1865, -0.3677 -0.3937 0.194, -0.3815 -0.3937 0.1961, -0.3667 -0.3937 0.1961, -0.3645 -0.3937 0.2007, -0.3693 -0.3937 0.1841, -0.3815 -0.3937 0.1771, -0.3686 -0.3937 0.1776, -0.3496 -0.3937 0.1554, -0.3564 -0.3937 0.159, -0.3815 -0.3937 0.1538, -0.3662 -0.3937 0.1705, -0.3685 -0.3937 0.1771, -0.3462 -0.3937 0.1543, -0.3614 -0.3937 0.1634, -0.3622 -0.3937 0.1644, -0.3378 -0.3937 0.1439, -0.3415 -0.3937 0.1467, -0.3815 -0.3937 0.1432, -0.3443 -0.3937 0.1502, -0.3459 -0.3937 0.1538, -0.2373 -0.3937 0.0079, -0.3236 -0.3937 0.1419, -0.3815 -0.3937 0.0079, -0.3281 -0.3937 0.1414, -0.3289 -0.3937 0.1414, -0.3334 -0.3937 0.1421, -0.336 -0.3937 0.1432, -0.3104 -0.3937 0.1538, -0.3104 -0.3937 0.1537, -0.3126 -0.3937 0.1495, -0.3156 -0.3937 0.1462, -0.3193 -0.3937 0.1435, -0.3203 -0.3937 0.1432, -0.2558 -0.3937 0.1618, -0.2608 -0.3937 0.1578, -0.2872 -0.3937 0.1642, -0.286 -0.3937 0.165, -0.2826 -0.3937 0.1763, -0.2847 -0.3937 0.1655, -0.2553 -0.3937 0.1624, -0.2846 -0.3937 0.154, -0.2858 -0.3937 0.1544, -0.2871 -0.3937 0.1552, -0.2878 -0.3937 0.1559, -0.2483 -0.3937 0.1794, -0.2487 -0.3937 0.1771, -0.2373 -0.3937 0.1771, -0.2493 -0.3937 0.1732, -0.2517 -0.3937 0.1673, -0.2667 -0.3937 0.1551, -0.2725 -0.3937 0.1539, -0.2837 -0.3937 0.1539, -0.2892 -0.3937 0.1598, -0.2892 -0.3937 0.1603, -0.3092 -0.3937 0.1622, -0.2889 -0.3937 0.1618, -0.2882 -0.3937 0.1631, -0.2834 -0.3937 0.1657, -0.2832 -0.3937 0.1656, -0.2826 -0.3937 0.1655, -0.2886 -0.3937 0.1571, -0.2891 -0.3937 0.1584, -0.3093 -0.3937 0.1584, -0.3092 -0.3937 0.1603, -0.2639 -0.3937 0.1702, -0.2618 -0.3937 0.1732, -0.2822 -0.3937 0.1655, -0.2737 -0.3937 0.1655, -0.2703 -0.3937 0.1661, -0.267 -0.3937 0.1677, -0.2641 -0.3937 0.1699, -0.3258 -0.3937 0.1794, -0.3213 -0.3937 0.1782, -0.2765 -0.3937 0.1961, -0.3281 -0.3937 0.1795, -0.2605 -0.3937 0.1766, -0.2604 -0.3937 0.1771, -0.2831 -0.3937 0.1771, -0.26 -0.3937 0.1803, -0.2601 -0.3937 0.1819, -0.3327 -0.3937 0.1789, -0.3532 -0.3937 0.1961, -0.3369 -0.3937 0.1773, -0.3552 -0.3937 0.1933, -0.3568 -0.3937 0.189, -0.3558 -0.3937 0.1771, -0.3373 -0.3937 0.1771, -0.3572 -0.3937 0.1815, -0.3574 -0.3937 0.1844, -0.265 -0.3937 0.1913, -0.2679 -0.3937 0.1933, -0.261 -0.3937 0.1855, -0.2628 -0.3937 0.1888, -0.2763 -0.3937 0.1951, -0.2885 -0.3937 0.1863, -0.2748 -0.3937 0.1951, -0.2712 -0.3937 0.1946, -0.3191 -0.3937 0.1771, -0.3558 -0.3937 0.1769, -0.3439 -0.3937 0.1711, -0.3407 -0.3937 0.1747, -0.3535 -0.3937 0.173, -0.3501 -0.3937 0.1695, -0.346 -0.3937 0.167, -0.3283 -0.3937 0.2006, -0.3297 -0.3937 0.2013, -0.2796 -0.3937 0.2051, -0.2836 -0.3937 0.2105, -0.2856 -0.3937 0.2124, -0.291 -0.3937 0.2159, -0.297 -0.3937 0.2181, -0.334 -0.3937 0.2029, -0.3384 -0.3937 0.2034, -0.3403 -0.3937 0.2033, -0.2771 -0.3937 0.1989, -0.3029 -0.3937 0.2188, -0.3039 -0.3937 0.2188, -0.3257 -0.3937 0.2061, -0.3102 -0.3937 0.2178, -0.3216 -0.3937 0.2113, -0.3164 -0.3937 0.2152, -0.345 -0.3937 0.2022, -0.3493 -0.3937 0.2, -0.3526 -0.3937 0.197, -0.2513 -0.3937 0.1921, -0.249 -0.3937 0.1863, -0.2483 -0.3937 0.1805, 0.0095 -0.3937 0.1961, -0.096 -0.3937 0.1807, 0.0095 -0.3937 0.1771, -0.0947 -0.3937 0.1771, 0.0095 -0.3937 0.1538, -0.0859 -0.3937 0.154, -0.0997 -0.3937 0.1807, -0.1106 -0.3937 0.1961, -0.1011 -0.3937 0.1771, -0.1106 -0.3937 0.1771, -0.1099 -0.3937 0.154, -0.1106 -0.3937 0.1538, -0.1061 -0.3937 0.154, -0.0897 -0.3937 0.154, -0.1035 -0.3937 0.1613, -0.0924 -0.3937 0.1613, -0.1145 -0.3937 0.1762, -0.1128 -0.3937 0.1739, -0.1395 -0.3937 0.166, -0.1331 -0.3937 0.154, -0.1395 -0.3937 0.1691, -0.1331 -0.3937 0.1771, -0.144 -0.3937 0.1691, -0.1121 -0.3937 0.1628, -0.1134 -0.3937 0.1601, -0.1154 -0.3937 0.1577, -0.1181 -0.3937 0.1557, -0.1212 -0.3937 0.1545, -0.1257 -0.3937 0.154, -0.144 -0.3937 0.1538, -0.1381 -0.3937 0.154, -0.1118 -0.3937 0.1714, -0.1114 -0.3937 0.1677, -0.1114 -0.3937 0.166, -0.1387 -0.3937 0.1807, -0.1387 -0.3937 0.1776, -0.144 -0.3937 0.1771, -0.144 -0.3937 0.1776, -0.1255 -0.3937 0.1807, -0.1214 -0.3937 0.1802, -0.1331 -0.3937 0.1807, -0.1182 -0.3937 0.179, -0.1154 -0.3937 0.1771, -0.1153 -0.3937 0.1771, -0.1381 -0.3937 0.157, -0.144 -0.3937 0.166, -0.149 -0.3937 0.1691, -0.149 -0.3937 0.1771, -0.149 -0.3937 0.1776, -0.1525 -0.3937 0.154, -0.1525 -0.3937 0.1771, -0.1543 -0.3937 0.1771, -0.1525 -0.3937 0.1807, -0.1867 -0.3937 0.1538, -0.189 -0.3937 0.1546, -0.1901 -0.3937 0.1538, -0.189 -0.3937 0.1581, -0.1792 -0.3937 0.1733, -0.177 -0.3937 0.1726, -0.1753 -0.3937 0.1771, -0.177 -0.3937 0.1694, -0.1767 -0.3937 0.1615, -0.1763 -0.3937 0.1605, -0.1884 -0.3937 0.1655, -0.1888 -0.3937 0.1665, -0.1772 -0.3937 0.1623, -0.188 -0.3937 0.1649, -0.1901 -0.3937 0.1771, -0.1879 -0.3937 0.171, -0.1868 -0.3937 0.172, -0.1761 -0.3937 0.1592, -0.1763 -0.3937 0.1579, -0.1766 -0.3937 0.1569, -0.1772 -0.3937 0.156, -0.1783 -0.3937 0.155, -0.179 -0.3937 0.1546, -0.189 -0.3937 0.1679, -0.1889 -0.3937 0.169, -0.1885 -0.3937 0.1701, -0.186 -0.3937 0.1725, -0.1842 -0.3937 0.1732, -0.1816 -0.3937 0.1735, -0.1857 -0.3937 0.1565, -0.1839 -0.3937 0.1624, -0.1878 -0.3937 0.1573, -0.1859 -0.3937 0.1633, -0.1875 -0.3937 0.1643, -0.1835 -0.3937 0.1563, -0.1834 -0.3937 0.1563, -0.1817 -0.3937 0.1614, -0.1816 -0.3937 0.1565, -0.1796 -0.3937 0.1588, -0.1796 -0.3937 0.1593, -0.1808 -0.3937 0.1568, -0.1805 -0.3937 0.157, -0.1801 -0.3937 0.1573, -0.1819 -0.3937 0.1708, -0.1829 -0.3937 0.1707, -0.1855 -0.3937 0.1682, -0.1838 -0.3937 0.1705, -0.1845 -0.3937 0.1701, -0.1855 -0.3937 0.1678, -0.1854 -0.3937 0.1672, -0.1851 -0.3937 0.1668, -0.1798 -0.3937 0.1577, -0.1796 -0.3937 0.1582, -0.1797 -0.3937 0.1598, -0.18 -0.3937 0.1602, -0.1804 -0.3937 0.1607, -0.1848 -0.3937 0.1664, -0.1836 -0.3937 0.1657, -0.1795 -0.3937 0.1705, -0.1816 -0.3937 0.1648, -0.1777 -0.3937 0.1697, -0.1803 -0.3937 0.1643, -0.178 -0.3937 0.163, -0.185 -0.3937 0.1696, -0.1853 -0.3937 0.1692, -0.1855 -0.3937 0.1687, -0.186 -0.3937 0.1538, -0.1901 -0.3937 0.1432, -0.1838 -0.3937 0.1535, -0.1543 -0.3937 0.1961, -0.1546 -0.3937 0.1969, -0.1592 -0.3937 0.1963, -0.1589 -0.3937 0.223, -0.1543 -0.3937 0.2232, -0.169 -0.3937 0.2232, -0.169 -0.3937 0.1961, -0.1665 -0.3937 0.1963, -0.1665 -0.3937 0.223, -0.1455 -0.3937 0.2052, -0.1468 -0.3937 0.2024, -0.144 -0.3937 0.1961, -0.1479 -0.3937 0.2186, -0.1462 -0.3937 0.2163, -0.144 -0.3937 0.2232, -0.1488 -0.3937 0.2001, -0.1516 -0.3937 0.1981, -0.1543 -0.3937 0.197, -0.1488 -0.3937 0.2195, -0.1548 -0.3937 0.2226, -0.1543 -0.3937 0.2224, -0.1516 -0.3937 0.2214, -0.1452 -0.3937 0.2137, -0.1448 -0.3937 0.21, -0.1449 -0.3937 0.2083, -0.1753 -0.3937 0.2232, -0.1722 -0.3937 0.223, -0.1753 -0.3937 0.223, -0.1722 -0.3937 0.2199, -0.1716 -0.3937 0.1994, -0.1716 -0.3937 0.1963, -0.1753 -0.3937 0.1961, -0.1825 -0.3937 0.1994, -0.1753 -0.3937 0.1994, -0.1825 -0.3937 0.2083, -0.1753 -0.3937 0.2083, -0.1729 -0.3937 0.2083, -0.1729 -0.3937 0.2114, -0.1753 -0.3937 0.2199, -0.1859 -0.3937 0.223, -0.1901 -0.3937 0.2232, -0.1859 -0.3937 0.1963, -0.1106 -0.3937 0.0702, -0.1106 -0.3937 0.1432, -0.144 -0.3937 0.1432, -0.144 -0.3937 0.0702, -0.1543 -0.3937 0.1432, -0.1543 -0.3937 0.0702, -0.1543 -0.3937 0.0427, -0.1593 -0.3937 0.0427, -0.169 -0.3937 0.0079, -0.1593 -0.3937 0.0702, -0.1106 -0.3937 0.0079, -0.144 -0.3937 0.0427, -0.144 -0.3937 0.0079, -0.1543 -0.3937 0.0079, 0.0095 -0.3937 0.1432, -0.1049 -0.3937 0.0702, 0.0095 -0.3937 0.0079, -0.1049 -0.3937 0.0427, -0.1106 -0.3937 0.0427, -0.1913 -0.3937 0.2224, -0.194 -0.3937 0.2232, -0.1947 -0.3937 0.2232, -0.1753 -0.3937 0.1963, -0.1913 -0.3937 0.2188, -0.1917 -0.3937 0.1972, -0.1969 -0.3937 0.199, -0.1939 -0.3937 0.1996, -0.1913 -0.3937 0.2007, -0.1913 -0.3937 0.1974, -0.2076 -0.3937 0.2084, -0.1915 -0.3937 0.2189, -0.1943 -0.3937 0.22, -0.2063 -0.3937 0.2036, -0.205 -0.3937 0.2018, -0.2045 -0.3937 0.2012, -0.2027 -0.3937 0.2, -0.2008 -0.3937 0.1993, -0.1981 -0.3937 0.1989, -0.2048 -0.3937 0.2174, -0.2063 -0.3937 0.2154, -0.203 -0.3937 0.2189, -0.2009 -0.3937 0.2199, -0.1975 -0.3937 0.2203, -0.1986 -0.3937 0.2203, -0.2076 -0.3937 0.2094, -0.2072 -0.3937 0.2131, -0.2072 -0.3937 0.2057, -0.1901 -0.3937 0.2441, -0.1976 -0.3937 0.2235, -0.1975 -0.3937 0.2235, -0.2093 -0.3937 0.217, -0.2074 -0.3937 0.2195, -0.2067 -0.3937 0.2201, -0.2043 -0.3937 0.2219, -0.2116 -0.3937 0.2232, -0.2106 -0.3937 0.214, -0.21 -0.3937 0.2153, -0.21 -0.3937 0.2031, -0.2108 -0.3937 0.2052, -0.2116 -0.3937 0.1961, -0.2112 -0.3937 0.2092, -0.2112 -0.3937 0.2106, -0.21 -0.3937 0.1771, -0.201 -0.3937 0.1961, -0.21 -0.3937 0.1961, -0.2031 -0.3937 0.1965, -0.2057 -0.3937 0.1977, -0.2078 -0.3937 0.1995, -0.2082 -0.3937 0.2, -0.2098 -0.3937 0.2023, -0.1986 -0.3937 0.1959, -0.2002 -0.3937 0.1959, -0.223 -0.3937 0.1771, -0.223 -0.3937 0.1691, -0.2116 -0.3937 0.1771, -0.2134 -0.3937 0.1691, -0.223 -0.3937 0.166, -0.223 -0.3937 0.157, -0.2134 -0.3937 0.166, -0.212 -0.3937 0.157, -0.2116 -0.3937 0.1538, -0.212 -0.3937 0.154, -0.2264 -0.3937 0.154, -0.1986 -0.3937 0.155, -0.21 -0.3937 0.1538, -0.2083 -0.3937 0.1564, -0.2087 -0.3937 0.1575, -0.207 -0.3937 0.1685, -0.207 -0.3937 0.1717, -0.2063 -0.3937 0.1721, -0.1959 -0.3937 0.1722, -0.195 -0.3937 0.1714, -0.1996 -0.3937 0.1706, -0.2007 -0.3937 0.1708, -0.2025 -0.3937 0.1653, -0.197 -0.3937 0.1729, -0.2075 -0.3937 0.1631, -0.2065 -0.3937 0.1639, -0.2051 -0.3937 0.1647, -0.2047 -0.3937 0.1699, -0.2026 -0.3937 0.1706, -0.2061 -0.3937 0.1543, -0.2072 -0.3937 0.155, -0.2076 -0.3937 0.1554, -0.1969 -0.3937 0.1569, -0.197 -0.3937 0.1569, -0.1975 -0.3937 0.1561, -0.1943 -0.3937 0.1703, -0.1938 -0.3937 0.1688, -0.1935 -0.3937 0.1662, -0.2088 -0.3937 0.1591, -0.2088 -0.3937 0.1595, -0.2086 -0.3937 0.1609, -0.2082 -0.3937 0.1621, -0.1935 -0.3937 0.154, -0.1969 -0.3937 0.1661, -0.197 -0.3937 0.1675, -0.1973 -0.3937 0.1687, -0.1977 -0.3937 0.1694, -0.2038 -0.3937 0.1731, -0.2004 -0.3937 0.1735, -0.1984 -0.3937 0.1733, -0.1982 -0.3937 0.17, -0.1988 -0.3937 0.1704, -0.2012 -0.3937 0.1537, -0.21 -0.3937 0.1432, -0.2028 -0.3937 0.1535, -0.2033 -0.3937 0.1535, -0.2047 -0.3937 0.1538, -0.2049 -0.3937 0.1538, -0.1596 -0.3937 0.173, -0.144 -0.3937 0.154, -0.1657 -0.3937 0.1587, -0.1653 -0.3937 0.1571, -0.1652 -0.3937 0.1571, -0.169 -0.3937 0.1771, -0.169 -0.3937 0.1684, -0.1648 -0.3937 0.1587, -0.165 -0.3937 0.1578, -0.169 -0.3937 0.1538, -0.169 -0.3937 0.1594, -0.1744 -0.3937 0.173, -0.1706 -0.3937 0.173, -0.1669 -0.3937 0.154, -0.167 -0.3937 0.1538, -0.1684 -0.3937 0.1506, -0.1753 -0.3937 0.1432, -0.1737 -0.3937 0.1453, -0.1737 -0.3937 0.1482, -0.173 -0.3937 0.148, -0.1718 -0.3937 0.1479, -0.1712 -0.3937 0.1479, -0.1704 -0.3937 0.1482, -0.1698 -0.3937 0.1485, -0.1701 -0.3937 0.1452, -0.1715 -0.3937 0.145, -0.1723 -0.3937 0.145, -0.1691 -0.3937 0.1492, -0.169 -0.3937 0.1494, -0.1647 -0.3937 0.1511, -0.1648 -0.3937 0.151, -0.1664 -0.3937 0.148, -0.1676 -0.3937 0.1466, -0.1677 -0.3937 0.1465, -0.3937 -0.3937 0.0079, -0.3937 -0.3937 0.1432, -0.3937 -0.3937 0.1538, -0.3937 -0.3937 0.1771, -0.3937 -0.3937 0.1961, -0.3937 -0.3937 0.2232, -0.3937 -0.3937 0.2441, -0.223 -0.3937 0.223, -0.223 -0.3937 0.1994, -0.2123 -0.3937 0.1994, -0.2264 -0.3937 0.1963, -0.2264 -0.3937 0.223, -0.2123 -0.3937 0.1963, -0.223 -0.3937 0.1776, -0.2127 -0.3937 0.1776, -0.2127 -0.3937 0.1807, -0.2264 -0.3937 0.1807, -0.2264 -0.3937 0.1771, -0.21 -0.3937 0.2441, -0.2116 -0.3937 0.2441, -0.1753 -0.3937 0.0079, -0.1901 -0.3937 0.0079, -0.21 -0.3937 0.0079, -0.2116 -0.3937 0.0079, -0.1543 -0.3937 0.2441, -0.169 -0.3937 0.2441, -0.1753 -0.3937 0.2441, -0.144 -0.3937 0.1807, -0.1106 -0.3937 0.2232, -0.1106 -0.3937 0.2441, -0.144 -0.3937 0.2441, -0.1258 -0.3937 0.2036, -0.1369 -0.3937 0.2036, -0.1231 -0.3937 0.1963, -0.1395 -0.3937 0.1963, -0.1193 -0.3937 0.1963, -0.1433 -0.3937 0.1963, -0.1331 -0.3937 0.223, -0.1295 -0.3937 0.223, 0.0095 -0.3937 0.2232, 0.0095 -0.3937 0.2441, 0.3937 -0.3937 0.2441, 0.3937 -0.3937 0.2232, 0.3937 -0.3937 0.1961, 0.3937 -0.3937 0.1771, 0.3937 -0.3937 0.1538, 0.3937 -0.3937 0.1432, 0.1049 -0.3937 0.0702, 0.1593 -0.3937 0.0702, 0.1049 -0.3937 0.0427, 0.1593 -0.3937 0.0427, 0.3937 -0.3937 0.0079, -0.1049 0.3937 0.0427, 0.3937 0.3937 0.0079, -0.3937 0.3937 0.0079, -0.1049 0.3937 0.0702, -0.1593 0.3937 0.0702, -0.3937 0.3937 0.2441, -0.1593 0.3937 0.0427, 0.3937 0.3937 0.2441, 0.1049 0.3937 0.0702, 0.1049 0.3937 0.0427, 0.1593 0.3937 0.0427, 0.1593 0.3937 0.0702, 0.3681 -0.0492 0.0079, 0.378 -0.0394 0.0079, 0.3937 -0.0394 0.0079, -0.3681 -0.2067 0.0079, -0.378 -0.2165 0.0079, -0.3937 -0.2165 0.0079, -0.378 0.2953 0.0079, -0.3937 0.2953 0.0079, -0.3681 0.3051 0.0079, -0.3248 0.3051 0.0079, -0.3681 0.0492 0.0079, -0.378 0.0394 0.0079, -0.3937 0.0394 0.0079, -0.128 -0.2657 0.0079, 0.128 -0.2657 0.0079, 0.128 0.2657 0.0079, -0.0098 0.2657 0.0079, 0.3681 0.2067 0.0079, 0.378 0.2165 0.0079, 0.3937 0.2165 0.0079, 0.378 -0.2953 0.0079, 0.3937 -0.2953 0.0079, 0.3681 -0.3051 0.0079, 0.3248 -0.3051 0.0079, -0.2822 0.2805 0.0079, -0.2773 0.2686 0.0079, -0.2756 0.2559 0.0079, -0.29 0.2907 0.0079, -0.3002 0.2985 0.0079, -0.3121 0.3034 0.0079, -0.2773 0.2432 0.0079, -0.128 0.1476 0.0079, -0.2822 0.2313 0.0079, -0.2822 0.0246 0.0079, -0.29 0.0348 0.0079, -0.3681 0.2067 0.0079, -0.3002 0.0426 0.0079, -0.3121 0.0475 0.0079, -0.3937 0.2165 0.0079, -0.378 0.2165 0.0079, -0.2822 -0.2313 0.0079, -0.29 -0.2211 0.0079, -0.3681 -0.0492 0.0079, -0.3002 -0.2133 0.0079, -0.3121 -0.2084 0.0079, -0.3248 0.0492 0.0079, -0.3937 -0.2953 0.0079, -0.378 -0.2953 0.0079, -0.3681 -0.3051 0.0079, -0.3248 -0.3051 0.0079, 0.2822 -0.0246 0.0079, 0.29 -0.0348 0.0079, 0.3681 -0.2067 0.0079, 0.3002 -0.0426 0.0079, 0.3121 -0.0475 0.0079, -0.3937 -0.0394 0.0079, -0.378 -0.0394 0.0079, 0.2822 0.2313 0.0079, 0.29 0.2211 0.0079, 0.3681 0.0492 0.0079, 0.3002 0.2133 0.0079, 0.3121 0.2084 0.0079, -0.3248 -0.2067 0.0079, -0.3121 -0.3034 0.0079, -0.3002 -0.2985 0.0079, -0.29 -0.2907 0.0079, -0.2822 -0.2805 0.0079, -0.3248 0.2067 0.0079, -0.3121 0.2084 0.0079, -0.2773 0.0127 0.0079, -0.3002 0.2133 0.0079, -0.29 0.2211 0.0079, 0.3937 -0.2165 0.0079, 0.378 -0.2165 0.0079, -0.2773 -0.2686 0.0079, -0.2756 -0.2559 0.0079, -0.2773 -0.2432 0.0079, -0.29 -0.0348 0.0079, -0.3002 -0.0426 0.0079, -0.3121 -0.0475 0.0079, -0.3248 -0.0492 0.0079, -0.2822 -0.0246 0.0079, -0.2773 -0.0127 0.0079, -0.2756 0.0 0.0079, 0.3248 -0.0492 0.0079, 0.3937 0.0394 0.0079, 0.378 0.0394 0.0079, 0.3937 0.2953 0.0079, 0.378 0.2953 0.0079, 0.3681 0.3051 0.0079, 0.3248 0.3051 0.0079, 0.3248 0.2067 0.0079, 0.2773 -0.2432 0.0079, 0.2756 -0.2559 0.0079, 0.2773 -0.2686 0.0079, 0.2822 -0.2805 0.0079, 0.29 -0.2907 0.0079, 0.3002 -0.2985 0.0079, 0.3121 -0.3034 0.0079, 0.3121 0.3034 0.0079, 0.3002 0.2985 0.0079, 0.29 0.2907 0.0079, 0.2822 0.2805 0.0079, 0.2773 0.2686 0.0079, 0.2756 0.2559 0.0079, 0.2773 0.2432 0.0079, 0.3248 0.0492 0.0079, 0.3121 0.0475 0.0079, 0.3002 0.0426 0.0079, 0.29 0.0348 0.0079, 0.2822 0.0246 0.0079, 0.2773 0.0127 0.0079, 0.2756 -0.0 0.0079, 0.2773 -0.0127 0.0079, 0.3248 -0.2067 0.0079, 0.3121 -0.2084 0.0079, 0.3002 -0.2133 0.0079, 0.29 -0.2211 0.0079, 0.2822 -0.2313 0.0079, 0.3937 -0.2165 0.0787, 0.3937 -0.0394 0.0787, 0.3937 -0.2953 0.0787, 0.3937 0.0394 0.0787, 0.3937 0.2953 0.0787, 0.3937 0.2165 0.0787, -0.3937 0.2165 0.0787, -0.3937 0.0394 0.0787, -0.3937 0.2953 0.0787, -0.3937 -0.0394 0.0787, -0.3937 -0.2953 0.0787, -0.3937 -0.2165 0.0787, -0.2487 0.2636 0.2441, -0.2441 0.2745 0.2441, -0.2426 0.2862 0.2441, -0.2761 0.2425 0.2441, -0.2652 0.247 0.2441, -0.2559 0.2542 0.2441, -0.3315 0.2979 0.2441, -0.327 0.3088 0.2441, -0.3315 0.2745 0.2441, -0.3331 0.2862 0.2441, -0.2878 0.241 0.2441, -0.2995 0.2425 0.2441, -0.3105 0.247 0.2441, -0.3198 0.3182 0.2441, -0.3105 0.3254 0.2441, -0.2995 0.3299 0.2441, -0.3198 0.2542 0.2441, -0.327 0.2636 0.2441, -0.2878 0.3314 0.2441, -0.2761 0.3299 0.2441, -0.2652 0.3254 0.2441, -0.2559 0.3182 0.2441, -0.2487 0.3088 0.2441, -0.2441 0.2979 0.2441
            ]
        }
        coordIndex [
            0,1,2,-1,3,4,5,-1,6,7,8,-1,9,10,11,-1,12,13,14,-1,15,16,17,-1,18,19,20,-1,21,22,23,-1,24,25,26,-1,27,28,29,-1,30,31,32,-1,33,34,35,-1,35,34,36,-1,36,37,35,-1,35,37,38,-1,35,38,39,-1,40,41,42,-1,42,41,43,-1,42,43,44,-1,44,43,45,-1,44,45,46,-1,47,48,49,-1,48,50,49,-1,49,50,51,-1,49,51,52,-1,40,42,53,-1,53,42,49,-1,53,49,54,-1,54,49,52,-1,54,52,55,-1,55,52,56,-1,55,56,57,-1,58,59,60,-1,60,59,61,-1,60,61,49,-1,49,61,62,-1,49,62,47,-1,58,60,63,-1,63,60,64,-1,63,64,65,-1,66,67,68,-1,68,69,64,-1,64,69,70,-1,64,70,65,-1,66,68,71,-1,67,72,68,-1,68,72,73,-1,68,73,69,-1,74,75,76,-1,76,75,77,-1,76,77,68,-1,68,77,78,-1,68,78,71,-1,79,80,81,-1,81,80,82,-1,82,83,81,-1,81,83,84,-1,81,84,76,-1,76,84,85,-1,76,85,74,-1,0,86,1,-1,1,86,87,-1,1,87,88,-1,88,89,1,-1,1,89,90,-1,1,90,91,-1,92,93,0,-1,94,95,96,-1,96,95,97,-1,92,0,98,-1,99,100,86,-1,86,100,101,-1,86,101,102,-1,103,104,105,-1,105,104,106,-1,105,106,0,-1,0,106,107,-1,0,107,98,-1,93,108,0,-1,0,108,109,-1,0,109,86,-1,86,109,110,-1,86,110,99,-1,111,112,113,-1,113,112,114,-1,113,114,96,-1,96,114,115,-1,96,115,94,-1,97,116,96,-1,96,116,117,-1,96,117,118,-1,102,119,86,-1,86,119,120,-1,86,120,121,-1,121,120,111,-1,121,111,122,-1,122,111,113,-1,96,123,124,-1,118,125,96,-1,96,125,126,-1,96,126,127,-1,127,128,96,-1,96,128,129,-1,96,129,123,-1,130,131,132,-1,130,132,133,-1,124,134,96,-1,96,134,135,-1,96,135,136,-1,136,135,137,-1,136,137,138,-1,139,140,141,-1,141,140,142,-1,141,142,143,-1,144,145,146,-1,146,145,141,-1,146,141,147,-1,147,141,143,-1,136,148,149,-1,138,150,136,-1,136,150,151,-1,136,151,148,-1,152,153,154,-1,154,153,136,-1,154,136,155,-1,155,136,149,-1,152,132,153,-1,153,132,131,-1,153,131,29,-1,29,131,156,-1,29,156,27,-1,157,158,144,-1,144,158,159,-1,144,159,145,-1,157,160,158,-1,158,160,161,-1,158,161,162,-1,140,163,164,-1,165,166,163,-1,166,167,163,-1,163,167,168,-1,163,168,169,-1,164,170,140,-1,140,170,171,-1,140,171,172,-1,139,133,140,-1,140,133,132,-1,140,132,163,-1,163,132,173,-1,163,173,165,-1,169,174,163,-1,163,174,175,-1,163,175,176,-1,176,175,177,-1,176,177,178,-1,178,177,179,-1,180,181,172,-1,172,181,182,-1,172,182,140,-1,31,183,32,-1,32,183,184,-1,32,184,105,-1,105,184,185,-1,105,185,103,-1,186,187,188,-1,188,187,189,-1,188,189,190,-1,190,189,191,-1,192,193,194,-1,194,193,195,-1,194,195,196,-1,196,195,197,-1,196,197,198,-1,198,197,199,-1,198,199,200,-1,200,199,201,-1,202,203,195,-1,204,205,206,-1,206,205,207,-1,206,207,208,-1,209,210,197,-1,197,210,211,-1,197,211,212,-1,212,213,197,-1,197,213,214,-1,197,214,215,-1,215,214,205,-1,215,205,216,-1,203,217,195,-1,195,217,218,-1,195,218,197,-1,197,218,219,-1,197,219,209,-1,220,221,207,-1,208,207,222,-1,222,207,221,-1,222,221,223,-1,224,225,193,-1,224,193,226,-1,225,227,193,-1,193,227,228,-1,193,228,195,-1,195,228,229,-1,195,229,202,-1,216,205,230,-1,230,205,204,-1,230,204,26,-1,26,204,231,-1,26,231,24,-1,232,208,233,-1,233,208,222,-1,233,222,234,-1,234,222,223,-1,235,236,237,-1,237,236,238,-1,239,240,241,-1,241,240,242,-1,243,244,245,-1,245,244,246,-1,247,248,246,-1,249,250,242,-1,247,246,251,-1,249,242,252,-1,253,254,255,-1,256,257,23,-1,23,257,258,-1,23,258,259,-1,259,260,23,-1,23,260,261,-1,23,261,21,-1,262,263,253,-1,253,263,264,-1,253,264,254,-1,255,265,253,-1,253,265,266,-1,253,266,245,-1,245,266,267,-1,245,267,243,-1,268,269,270,-1,270,269,271,-1,270,271,242,-1,242,271,272,-1,242,272,252,-1,268,273,269,-1,269,273,274,-1,269,274,275,-1,275,274,276,-1,275,277,278,-1,276,279,275,-1,275,279,280,-1,275,280,281,-1,282,283,284,-1,284,283,285,-1,284,285,286,-1,284,287,282,-1,282,287,288,-1,282,288,289,-1,281,290,275,-1,275,290,291,-1,275,291,277,-1,278,292,275,-1,275,292,293,-1,275,293,294,-1,289,295,282,-1,282,295,296,-1,282,296,297,-1,297,296,298,-1,297,298,299,-1,299,298,300,-1,299,300,246,-1,246,300,301,-1,246,301,251,-1,302,303,286,-1,286,303,304,-1,286,304,284,-1,239,241,305,-1,305,241,306,-1,305,306,307,-1,308,309,310,-1,311,312,313,-1,308,310,314,-1,314,310,315,-1,314,315,313,-1,313,315,316,-1,313,316,311,-1,317,318,319,-1,320,321,322,-1,318,323,319,-1,319,323,324,-1,319,324,308,-1,308,324,325,-1,308,325,309,-1,320,322,326,-1,311,327,312,-1,312,327,328,-1,312,328,322,-1,322,328,329,-1,322,329,326,-1,321,330,322,-1,322,330,331,-1,322,331,319,-1,319,331,332,-1,319,332,317,-1,313,333,334,-1,334,333,335,-1,334,336,313,-1,313,336,337,-1,313,337,314,-1,314,337,338,-1,314,338,339,-1,340,341,342,-1,342,341,343,-1,343,341,344,-1,344,341,337,-1,344,337,345,-1,345,337,336,-1,345,336,20,-1,20,336,346,-1,20,346,18,-1,335,333,347,-1,347,333,348,-1,347,348,349,-1,350,351,352,-1,350,352,353,-1,353,352,354,-1,353,354,355,-1,356,357,358,-1,358,357,359,-1,360,361,362,-1,362,361,356,-1,362,356,363,-1,363,356,358,-1,351,350,364,-1,364,350,365,-1,364,365,366,-1,366,365,367,-1,366,367,360,-1,360,367,368,-1,360,368,361,-1,369,348,370,-1,370,348,371,-1,338,372,339,-1,339,372,349,-1,339,349,17,-1,17,349,348,-1,17,348,373,-1,373,348,369,-1,15,17,374,-1,375,376,373,-1,373,376,377,-1,373,377,17,-1,17,377,378,-1,17,378,374,-1,379,380,381,-1,382,383,373,-1,373,383,384,-1,373,384,385,-1,385,386,373,-1,373,386,387,-1,373,387,375,-1,388,389,390,-1,390,389,391,-1,381,392,379,-1,379,392,393,-1,379,393,394,-1,394,393,391,-1,394,391,395,-1,395,391,389,-1,380,379,373,-1,373,379,396,-1,373,396,382,-1,397,398,399,-1,14,400,401,-1,401,402,14,-1,14,402,403,-1,14,403,12,-1,404,405,14,-1,14,405,406,-1,14,406,400,-1,407,408,409,-1,409,408,410,-1,409,410,404,-1,404,410,411,-1,404,411,405,-1,412,413,414,-1,414,413,415,-1,414,415,416,-1,416,417,414,-1,414,417,418,-1,414,418,419,-1,253,420,412,-1,412,420,421,-1,412,421,413,-1,422,423,424,-1,424,423,425,-1,426,427,428,-1,428,427,429,-1,425,428,424,-1,424,428,429,-1,424,429,430,-1,430,429,431,-1,430,431,432,-1,9,11,433,-1,434,435,436,-1,437,438,412,-1,412,438,439,-1,440,441,253,-1,442,443,444,-1,440,253,445,-1,446,447,437,-1,437,447,448,-1,437,448,449,-1,449,448,444,-1,449,444,450,-1,450,444,443,-1,451,452,434,-1,434,452,453,-1,434,453,435,-1,454,455,11,-1,11,455,456,-1,11,456,433,-1,441,457,253,-1,253,457,458,-1,253,458,459,-1,436,460,434,-1,434,460,461,-1,434,461,412,-1,412,461,462,-1,412,462,437,-1,437,462,463,-1,437,463,446,-1,250,262,242,-1,242,262,253,-1,242,253,241,-1,241,253,459,-1,241,459,464,-1,465,466,444,-1,444,466,467,-1,444,467,468,-1,439,469,412,-1,412,469,470,-1,412,470,253,-1,253,470,471,-1,253,471,445,-1,468,472,444,-1,444,472,473,-1,444,473,442,-1,464,11,241,-1,241,11,10,-1,241,10,306,-1,306,10,474,-1,306,474,475,-1,475,474,476,-1,476,477,475,-1,475,477,478,-1,475,478,434,-1,434,478,479,-1,434,479,451,-1,480,6,237,-1,237,6,8,-1,237,8,235,-1,235,8,215,-1,235,215,481,-1,481,215,216,-1,482,483,484,-1,237,485,480,-1,480,485,486,-1,480,486,487,-1,487,486,482,-1,487,482,488,-1,488,482,484,-1,489,490,23,-1,23,490,491,-1,248,256,246,-1,246,256,23,-1,246,23,245,-1,245,23,491,-1,245,491,485,-1,485,491,492,-1,485,492,486,-1,493,490,494,-1,494,490,489,-1,494,489,495,-1,496,497,498,-1,307,306,22,-1,22,306,496,-1,22,496,23,-1,23,496,498,-1,23,498,489,-1,489,498,499,-1,489,499,500,-1,500,501,489,-1,489,501,502,-1,489,502,503,-1,4,504,5,-1,5,504,505,-1,5,505,496,-1,496,505,506,-1,496,506,497,-1,503,507,489,-1,489,507,508,-1,489,508,495,-1,509,510,354,-1,510,511,354,-1,354,511,512,-1,354,512,5,-1,5,512,513,-1,5,513,3,-1,514,81,515,-1,515,81,76,-1,515,76,516,-1,516,76,68,-1,516,68,517,-1,517,68,64,-1,517,64,518,-1,518,64,60,-1,518,60,519,-1,519,60,49,-1,519,49,520,-1,520,49,42,-1,521,522,523,-1,409,524,32,-1,32,524,35,-1,32,35,30,-1,30,35,39,-1,524,525,35,-1,35,525,521,-1,35,521,404,-1,404,521,523,-1,404,523,409,-1,409,523,526,-1,409,526,524,-1,527,422,528,-1,528,422,424,-1,528,424,529,-1,529,424,409,-1,529,409,530,-1,530,409,32,-1,530,32,531,-1,531,32,105,-1,531,105,432,-1,432,105,0,-1,432,0,430,-1,430,0,2,-1,398,397,13,-1,13,397,532,-1,13,532,14,-1,14,532,533,-1,14,533,404,-1,404,533,44,-1,404,44,35,-1,35,44,46,-1,35,46,33,-1,2,475,430,-1,430,475,434,-1,430,434,424,-1,424,434,412,-1,424,412,409,-1,409,412,414,-1,409,414,407,-1,407,414,419,-1,355,354,359,-1,359,354,5,-1,359,5,358,-1,358,5,496,-1,358,496,534,-1,534,496,306,-1,534,306,535,-1,535,306,475,-1,535,475,536,-1,536,475,2,-1,536,2,537,-1,537,2,1,-1,537,1,79,-1,79,1,91,-1,79,91,80,-1,322,538,312,-1,312,538,539,-1,312,539,313,-1,313,539,540,-1,313,540,333,-1,333,540,397,-1,333,397,348,-1,348,397,399,-1,348,399,371,-1,207,226,220,-1,220,226,193,-1,220,193,541,-1,541,193,319,-1,541,319,238,-1,238,319,308,-1,238,308,237,-1,237,308,314,-1,237,314,485,-1,485,314,339,-1,485,339,245,-1,245,339,17,-1,245,17,253,-1,253,17,16,-1,253,16,420,-1,542,543,544,-1,545,546,547,-1,547,546,548,-1,549,547,193,-1,193,547,548,-1,193,548,319,-1,319,548,550,-1,319,550,322,-1,322,550,551,-1,322,551,552,-1,549,193,552,-1,552,193,542,-1,552,542,322,-1,322,542,544,-1,322,544,538,-1,364,197,351,-1,351,197,215,-1,351,215,352,-1,352,215,8,-1,352,8,354,-1,354,8,7,-1,354,7,509,-1,192,187,193,-1,193,187,186,-1,193,186,542,-1,542,186,553,-1,542,553,543,-1,543,553,554,-1,555,554,556,-1,556,554,553,-1,556,553,557,-1,557,553,186,-1,557,186,558,-1,558,186,188,-1,558,188,559,-1,559,188,190,-1,559,190,560,-1,364,561,562,-1,561,364,563,-1,563,364,366,-1,563,366,564,-1,564,366,565,-1,564,565,562,-1,562,565,560,-1,562,560,364,-1,364,560,190,-1,364,190,197,-1,197,190,191,-1,197,191,199,-1,566,567,568,-1,569,570,571,-1,571,570,568,-1,568,570,572,-1,568,572,566,-1,571,573,569,-1,569,573,574,-1,569,574,566,-1,566,574,575,-1,566,575,567,-1,567,575,576,-1,567,576,573,-1,573,576,577,-1,573,577,574,-1,578,579,580,-1,581,582,583,-1,584,585,586,-1,586,585,568,-1,586,568,587,-1,588,589,590,-1,514,591,565,-1,565,591,592,-1,567,593,568,-1,568,593,594,-1,595,596,597,-1,598,599,600,-1,600,599,565,-1,600,565,601,-1,602,594,603,-1,603,594,604,-1,602,605,594,-1,594,605,606,-1,594,606,568,-1,568,606,607,-1,568,607,587,-1,604,594,608,-1,608,594,609,-1,608,609,610,-1,611,612,613,-1,613,612,614,-1,613,614,615,-1,616,617,613,-1,618,619,620,-1,620,619,621,-1,620,621,622,-1,590,616,588,-1,588,616,613,-1,588,613,623,-1,623,613,615,-1,624,625,514,-1,514,625,626,-1,514,626,627,-1,628,629,630,-1,630,629,631,-1,630,631,632,-1,633,634,620,-1,635,636,637,-1,637,636,638,-1,637,638,639,-1,583,633,581,-1,581,633,620,-1,581,620,640,-1,640,620,622,-1,627,641,514,-1,514,641,642,-1,514,642,591,-1,591,642,643,-1,591,643,644,-1,613,645,611,-1,611,645,646,-1,611,646,647,-1,647,646,648,-1,647,648,609,-1,609,648,649,-1,609,649,610,-1,650,651,630,-1,644,652,591,-1,591,652,653,-1,591,653,654,-1,655,591,656,-1,656,591,654,-1,656,654,657,-1,657,654,618,-1,657,618,658,-1,658,618,620,-1,655,659,591,-1,591,659,660,-1,591,660,609,-1,609,660,661,-1,609,661,647,-1,580,650,578,-1,578,650,630,-1,578,630,662,-1,662,630,632,-1,663,664,637,-1,665,666,567,-1,567,666,667,-1,567,667,668,-1,597,663,595,-1,595,663,637,-1,595,637,669,-1,669,637,639,-1,670,671,592,-1,592,671,672,-1,592,672,673,-1,673,674,592,-1,592,674,675,-1,592,675,565,-1,565,675,676,-1,565,676,601,-1,668,677,567,-1,567,677,678,-1,567,678,593,-1,593,678,679,-1,593,679,680,-1,680,681,593,-1,593,681,682,-1,593,682,683,-1,637,684,635,-1,635,684,685,-1,635,685,683,-1,683,685,686,-1,683,686,593,-1,593,686,687,-1,593,687,688,-1,688,689,593,-1,593,689,690,-1,593,690,691,-1,630,692,628,-1,628,692,693,-1,628,693,691,-1,691,693,694,-1,691,694,593,-1,593,694,695,-1,593,695,592,-1,592,695,696,-1,592,696,670,-1,555,565,599,-1,650,580,697,-1,697,580,698,-1,599,699,555,-1,555,699,697,-1,555,697,573,-1,573,697,698,-1,573,698,700,-1,665,567,701,-1,701,567,573,-1,701,573,702,-1,702,573,700,-1,702,700,597,-1,597,700,663,-1,571,568,585,-1,616,590,703,-1,703,590,704,-1,585,705,571,-1,571,705,703,-1,571,703,520,-1,520,703,704,-1,520,704,706,-1,624,514,707,-1,707,514,520,-1,707,520,708,-1,708,520,706,-1,708,706,583,-1,583,706,633,-1,709,555,710,-1,710,555,573,-1,710,573,711,-1,712,520,713,-1,713,520,555,-1,713,555,714,-1,714,555,709,-1,571,715,716,-1,520,717,571,-1,571,717,718,-1,571,718,715,-1,712,719,520,-1,520,719,720,-1,520,720,721,-1,716,722,571,-1,571,722,723,-1,571,723,724,-1,721,725,520,-1,520,725,726,-1,520,726,717,-1,724,727,571,-1,571,727,728,-1,571,728,573,-1,573,728,729,-1,573,729,730,-1,730,731,573,-1,573,731,732,-1,573,732,711,-1,
        ]
    }
}
Shape{
    appearance Appearance {
        material  Material 	{
            diffuseColor 1.0 1.0 1.0
            specularColor 0.5019607843137255 0.5019607843137255 0.5019607843137255
            ambientIntensity 1.0
            transparency 0.0
            shininess 0.5
        }
    }
    geometry IndexedFaceSet {
        ccw TRUE
        solid FALSE
        coord DEF co Coordinate {
            point [
                -0.2426 0.2862 0.2402, -0.2426 0.2862 0.2441, -0.2441 0.2979 0.2402, -0.2441 0.2979 0.2441, -0.2487 0.3088 0.2402, -0.2487 0.3088 0.2441, -0.2559 0.3182 0.2402, -0.2559 0.3182 0.2441, -0.2652 0.3254 0.2402, -0.2652 0.3254 0.2441, -0.2761 0.3299 0.2402, -0.2761 0.3299 0.2441, -0.2878 0.3314 0.2402, -0.2878 0.3314 0.2441, -0.2995 0.3299 0.2402, -0.2995 0.3299 0.2441, -0.3105 0.3254 0.2402, -0.3105 0.3254 0.2441, -0.3198 0.3182 0.2402, -0.3198 0.3182 0.2441, -0.327 0.3088 0.2402, -0.327 0.3088 0.2441, -0.3315 0.2979 0.2402, -0.3315 0.2979 0.2441, -0.3331 0.2862 0.2402, -0.3331 0.2862 0.2441, -0.3315 0.2745 0.2402, -0.3315 0.2745 0.2441, -0.327 0.2636 0.2402, -0.327 0.2636 0.2441, -0.3198 0.2542 0.2402, -0.3198 0.2542 0.2441, -0.3105 0.247 0.2402, -0.3105 0.247 0.2441, -0.2995 0.2425 0.2402, -0.2995 0.2425 0.2441, -0.2878 0.241 0.2402, -0.2878 0.241 0.2441, -0.2761 0.2425 0.2402, -0.2761 0.2425 0.2441, -0.2652 0.247 0.2402, -0.2652 0.247 0.2441, -0.2559 0.2542 0.2402, -0.2559 0.2542 0.2441, -0.2487 0.2636 0.2402, -0.2487 0.2636 0.2441, -0.2441 0.2745 0.2402, -0.2441 0.2745 0.2441, -0.2878 0.2862 0.2402
            ]
        }
        coordIndex [
            0,1,2,-1,2,1,3,-1,2,3,4,-1,4,3,5,-1,4,5,6,-1,6,5,7,-1,6,7,8,-1,8,7,9,-1,8,9,10,-1,10,9,11,-1,10,11,12,-1,12,11,13,-1,12,13,14,-1,14,13,15,-1,14,15,16,-1,16,15,17,-1,16,17,18,-1,18,17,19,-1,18,19,20,-1,20,19,21,-1,20,21,22,-1,22,21,23,-1,22,23,24,-1,24,23,25,-1,24,25,26,-1,26,25,27,-1,26,27,28,-1,28,27,29,-1,28,29,30,-1,30,29,31,-1,30,31,32,-1,32,31,33,-1,32,33,34,-1,34,33,35,-1,34,35,36,-1,36,35,37,-1,36,37,38,-1,38,37,39,-1,38,39,40,-1,40,39,41,-1,40,41,42,-1,42,41,43,-1,42,43,44,-1,44,43,45,-1,44,45,46,-1,46,45,47,-1,46,47,0,-1,0,47,1,-1,44,46,48,-1,48,46,0,-1,48,0,2,-1,38,40,48,-1,48,40,42,-1,48,42,44,-1,32,34,48,-1,48,34,36,-1,48,36,38,-1,26,28,48,-1,48,28,30,-1,48,30,32,-1,20,22,48,-1,48,22,24,-1,48,24,26,-1,14,16,48,-1,48,16,18,-1,48,18,20,-1,8,10,48,-1,48,10,12,-1,48,12,14,-1,2,4,48,-1,48,4,6,-1,48,6,8,-1,
        ]
    }
}
Shape{
    appearance Appearance {
        material  Material 	{
            diffuseColor 0.7529411764705882 0.7529411764705882 0.7529411764705882
            specularColor 0.3764705882352941 0.3764705882352941 0.3764705882352941
            ambientIntensity 0.7529
            transparency 0.0
            shininess 0.5
        }
    }
    geometry IndexedFaceSet {
        ccw TRUE
        solid FALSE
        coord DEF co Coordinate {
            point [
                -0.3976 -0.2165 0.0787, -0.3976 -0.2953 0.0787, -0.3937 -0.2165 0.0787, -0.3937 -0.2953 0.0787, -0.3937 -0.2953 0.0079, -0.3976 -0.2953 0.0, -0.378 -0.2953 0.0079, -0.378 -0.2953 0.0, -0.3681 -0.3051 0.0, -0.3681 -0.3051 0.0079, -0.3248 -0.3051 0.0, -0.3248 -0.3051 0.0079, -0.3121 -0.3034 0.0, -0.3121 -0.3034 0.0079, -0.3002 -0.2985 0.0, -0.3002 -0.2985 0.0079, -0.29 -0.2907 0.0, -0.29 -0.2907 0.0079, -0.2822 -0.2805 0.0, -0.2822 -0.2805 0.0079, -0.2773 -0.2686 0.0, -0.2773 -0.2686 0.0079, -0.2756 -0.2559 0.0, -0.2756 -0.2559 0.0079, -0.2773 -0.2432 0.0, -0.2773 -0.2432 0.0079, -0.2822 -0.2313 0.0, -0.2822 -0.2313 0.0079, -0.29 -0.2211 0.0, -0.29 -0.2211 0.0079, -0.3002 -0.2133 0.0, -0.3002 -0.2133 0.0079, -0.3121 -0.2084 0.0, -0.3121 -0.2084 0.0079, -0.3248 -0.2067 0.0, -0.3248 -0.2067 0.0079, -0.3681 -0.2067 0.0, -0.3681 -0.2067 0.0079, -0.378 -0.2165 0.0, -0.378 -0.2165 0.0079, -0.3937 -0.2165 0.0079, -0.3976 -0.2165 0.0, -0.3976 0.0394 0.0787, -0.3976 -0.0394 0.0787, -0.3937 0.0394 0.0787, -0.3937 -0.0394 0.0787, -0.3937 -0.0394 0.0079, -0.3976 -0.0394 0.0, -0.378 -0.0394 0.0079, -0.378 -0.0394 0.0, -0.3681 -0.0492 0.0, -0.3681 -0.0492 0.0079, -0.3248 -0.0492 0.0, -0.3248 -0.0492 0.0079, -0.3121 -0.0475 0.0, -0.3121 -0.0475 0.0079, -0.3002 -0.0426 0.0, -0.3002 -0.0426 0.0079, -0.29 -0.0348 0.0, -0.29 -0.0348 0.0079, -0.2822 -0.0246 0.0, -0.2822 -0.0246 0.0079, -0.2773 -0.0127 0.0, -0.2773 -0.0127 0.0079, -0.2756 0.0 0.0, -0.2756 0.0 0.0079, -0.2773 0.0127 0.0, -0.2773 0.0127 0.0079, -0.2822 0.0246 0.0, -0.2822 0.0246 0.0079, -0.29 0.0348 0.0, -0.29 0.0348 0.0079, -0.3002 0.0426 0.0, -0.3002 0.0426 0.0079, -0.3121 0.0475 0.0, -0.3121 0.0475 0.0079, -0.3248 0.0492 0.0, -0.3248 0.0492 0.0079, -0.3681 0.0492 0.0, -0.3681 0.0492 0.0079, -0.378 0.0394 0.0, -0.378 0.0394 0.0079, -0.3937 0.0394 0.0079, -0.3976 0.0394 0.0, -0.3976 0.2953 0.0787, -0.3976 0.2165 0.0787, -0.3937 0.2953 0.0787, -0.3937 0.2165 0.0787, -0.3937 0.2165 0.0079, -0.3976 0.2165 0.0, -0.378 0.2165 0.0079, -0.378 0.2165 0.0, -0.3681 0.2067 0.0, -0.3681 0.2067 0.0079, -0.3248 0.2067 0.0, -0.3248 0.2067 0.0079, -0.3121 0.2084 0.0, -0.3121 0.2084 0.0079, -0.3002 0.2133 0.0, -0.3002 0.2133 0.0079, -0.29 0.2211 0.0, -0.29 0.2211 0.0079, -0.2822 0.2313 0.0, -0.2822 0.2313 0.0079, -0.2773 0.2432 0.0, -0.2773 0.2432 0.0079, -0.2756 0.2559 0.0, -0.2756 0.2559 0.0079, -0.2773 0.2686 0.0, -0.2773 0.2686 0.0079, -0.2822 0.2805 0.0, -0.2822 0.2805 0.0079, -0.29 0.2907 0.0, -0.29 0.2907 0.0079, -0.3002 0.2985 0.0, -0.3002 0.2985 0.0079, -0.3121 0.3034 0.0, -0.3121 0.3034 0.0079, -0.3248 0.3051 0.0, -0.3248 0.3051 0.0079, -0.3681 0.3051 0.0, -0.3681 0.3051 0.0079, -0.378 0.2953 0.0, -0.378 0.2953 0.0079, -0.3937 0.2953 0.0079, -0.3976 0.2953 0.0, 0.3976 -0.2953 0.0787, 0.3976 -0.2165 0.0787, 0.3937 -0.2953 0.0787, 0.3937 -0.2165 0.0787, 0.3937 -0.2165 0.0079, 0.3976 -0.2165 0.0, 0.378 -0.2165 0.0079, 0.378 -0.2165 0.0, 0.3681 -0.2067 0.0079, 0.3681 -0.2067 0.0, 0.3248 -0.2067 0.0079, 0.3248 -0.2067 0.0, 0.3121 -0.2084 0.0, 0.3121 -0.2084 0.0079, 0.3002 -0.2133 0.0, 0.3002 -0.2133 0.0079, 0.29 -0.2211 0.0, 0.29 -0.2211 0.0079, 0.2822 -0.2313 0.0, 0.2822 -0.2313 0.0079, 0.2773 -0.2432 0.0, 0.2773 -0.2432 0.0079, 0.2756 -0.2559 0.0, 0.2756 -0.2559 0.0079, 0.2773 -0.2686 0.0, 0.2773 -0.2686 0.0079, 0.2822 -0.2805 0.0, 0.2822 -0.2805 0.0079, 0.29 -0.2907 0.0, 0.29 -0.2907 0.0079, 0.3002 -0.2985 0.0, 0.3002 -0.2985 0.0079, 0.3121 -0.3034 0.0, 0.3121 -0.3034 0.0079, 0.3248 -0.3051 0.0, 0.3248 -0.3051 0.0079, 0.3681 -0.3051 0.0079, 0.3681 -0.3051 0.0, 0.378 -0.2953 0.0079, 0.378 -0.2953 0.0, 0.3937 -0.2953 0.0079, 0.3976 -0.2953 0.0, 0.3976 -0.0394 0.0787, 0.3976 0.0394 0.0787, 0.3937 -0.0394 0.0787, 0.3937 0.0394 0.0787, 0.3937 0.0394 0.0079, 0.3976 0.0394 0.0, 0.378 0.0394 0.0079, 0.378 0.0394 0.0, 0.3681 0.0492 0.0079, 0.3681 0.0492 0.0, 0.3248 0.0492 0.0079, 0.3248 0.0492 0.0, 0.3121 0.0475 0.0, 0.3121 0.0475 0.0079, 0.3002 0.0426 0.0, 0.3002 0.0426 0.0079, 0.29 0.0348 0.0, 0.29 0.0348 0.0079, 0.2822 0.0246 0.0, 0.2822 0.0246 0.0079, 0.2773 0.0127 0.0, 0.2773 0.0127 0.0079, 0.2756 -0.0 0.0, 0.2756 -0.0 0.0079, 0.2773 -0.0127 0.0, 0.2773 -0.0127 0.0079, 0.2822 -0.0246 0.0, 0.2822 -0.0246 0.0079, 0.29 -0.0348 0.0, 0.29 -0.0348 0.0079, 0.3002 -0.0426 0.0, 0.3002 -0.0426 0.0079, 0.3121 -0.0475 0.0, 0.3121 -0.0475 0.0079, 0.3248 -0.0492 0.0, 0.3248 -0.0492 0.0079, 0.3681 -0.0492 0.0079, 0.3681 -0.0492 0.0, 0.378 -0.0394 0.0079, 0.378 -0.0394 0.0, 0.3937 -0.0394 0.0079, 0.3976 -0.0394 0.0, 0.3976 0.2165 0.0787, 0.3976 0.2953 0.0787, 0.3937 0.2165 0.0787, 0.3937 0.2953 0.0787, 0.3937 0.2953 0.0079, 0.3976 0.2953 0.0, 0.378 0.2953 0.0079, 0.378 0.2953 0.0, 0.3681 0.3051 0.0079, 0.3681 0.3051 0.0, 0.3248 0.3051 0.0079, 0.3248 0.3051 0.0, 0.3121 0.3034 0.0, 0.3121 0.3034 0.0079, 0.3002 0.2985 0.0, 0.3002 0.2985 0.0079, 0.29 0.2907 0.0, 0.29 0.2907 0.0079, 0.2822 0.2805 0.0, 0.2822 0.2805 0.0079, 0.2773 0.2686 0.0, 0.2773 0.2686 0.0079, 0.2756 0.2559 0.0, 0.2756 0.2559 0.0079, 0.2773 0.2432 0.0, 0.2773 0.2432 0.0079, 0.2822 0.2313 0.0, 0.2822 0.2313 0.0079, 0.29 0.2211 0.0, 0.29 0.2211 0.0079, 0.3002 0.2133 0.0, 0.3002 0.2133 0.0079, 0.3121 0.2084 0.0, 0.3121 0.2084 0.0079, 0.3248 0.2067 0.0, 0.3248 0.2067 0.0079, 0.3681 0.2067 0.0079, 0.3681 0.2067 0.0, 0.378 0.2165 0.0079, 0.378 0.2165 0.0, 0.3937 0.2165 0.0079, 0.3976 0.2165 0.0, 0.128 -0.2657 0.0, 0.128 0.2657 0.0, 0.128 -0.2657 0.0079, 0.128 0.2657 0.0079, -0.128 -0.2657 0.0, -0.128 -0.2657 0.0079, -0.128 0.1476 0.0, -0.128 0.1476 0.0079, -0.0098 0.2657 0.0, -0.0098 0.2657 0.0079, -0.1049 -0.3976 0.0702, -0.1049 -0.3976 0.0427, -0.1049 -0.3937 0.0702, -0.1049 -0.3937 0.0427, -0.1593 -0.3976 0.0702, -0.1593 -0.3937 0.0702, -0.1593 -0.3976 0.0427, -0.1593 -0.3937 0.0427, -0.1049 0.3976 0.0427, -0.1049 0.3976 0.0702, -0.1049 0.3937 0.0427, -0.1049 0.3937 0.0702, -0.1593 0.3976 0.0427, -0.1593 0.3937 0.0427, -0.1593 0.3976 0.0702, -0.1593 0.3937 0.0702, 0.1049 0.3976 0.0702, 0.1049 0.3976 0.0427, 0.1049 0.3937 0.0702, 0.1049 0.3937 0.0427, 0.1593 0.3976 0.0702, 0.1593 0.3937 0.0702, 0.1593 0.3976 0.0427, 0.1593 0.3937 0.0427, 0.1049 -0.3976 0.0427, 0.1049 -0.3976 0.0702, 0.1049 -0.3937 0.0427, 0.1049 -0.3937 0.0702, 0.1593 -0.3976 0.0427, 0.1593 -0.3937 0.0427, 0.1593 -0.3976 0.0702, 0.1593 -0.3937 0.0702
            ]
        }
        coordIndex [
            0,1,2,-1,2,1,3,-1,3,1,4,-1,4,1,5,-1,4,5,6,-1,6,5,7,-1,7,8,6,-1,6,8,9,-1,8,10,9,-1,9,10,11,-1,11,10,12,-1,11,12,13,-1,13,12,14,-1,13,14,15,-1,15,14,16,-1,15,16,17,-1,17,16,18,-1,17,18,19,-1,19,18,20,-1,19,20,21,-1,21,20,22,-1,21,22,23,-1,23,22,24,-1,23,24,25,-1,25,24,26,-1,25,26,27,-1,27,26,28,-1,27,28,29,-1,29,28,30,-1,29,30,31,-1,31,30,32,-1,31,32,33,-1,33,32,34,-1,33,34,35,-1,34,36,35,-1,35,36,37,-1,36,38,37,-1,37,38,39,-1,39,38,40,-1,40,38,41,-1,40,41,2,-1,2,41,0,-1,5,1,41,-1,41,1,0,-1,5,41,7,-1,7,41,38,-1,7,38,8,-1,8,38,10,-1,10,38,36,-1,10,36,34,-1,32,30,28,-1,34,24,22,-1,32,28,34,-1,34,28,26,-1,34,26,24,-1,22,20,34,-1,34,20,18,-1,34,18,16,-1,16,14,34,-1,34,14,12,-1,34,12,10,-1,42,43,44,-1,44,43,45,-1,45,43,46,-1,46,43,47,-1,46,47,48,-1,48,47,49,-1,49,50,48,-1,48,50,51,-1,50,52,51,-1,51,52,53,-1,53,52,54,-1,53,54,55,-1,55,54,56,-1,55,56,57,-1,57,56,58,-1,57,58,59,-1,59,58,60,-1,59,60,61,-1,61,60,62,-1,61,62,63,-1,63,62,64,-1,63,64,65,-1,65,64,66,-1,65,66,67,-1,67,66,68,-1,67,68,69,-1,69,68,70,-1,69,70,71,-1,71,70,72,-1,71,72,73,-1,73,72,74,-1,73,74,75,-1,75,74,76,-1,75,76,77,-1,76,78,77,-1,77,78,79,-1,78,80,79,-1,79,80,81,-1,81,80,82,-1,82,80,83,-1,82,83,44,-1,44,83,42,-1,47,43,83,-1,83,43,42,-1,47,83,49,-1,49,83,80,-1,49,80,50,-1,50,80,52,-1,52,80,78,-1,52,78,76,-1,64,76,66,-1,66,76,74,-1,74,72,66,-1,66,72,70,-1,66,70,68,-1,64,62,76,-1,76,62,60,-1,76,60,58,-1,58,56,76,-1,76,56,54,-1,76,54,52,-1,84,85,86,-1,86,85,87,-1,87,85,88,-1,88,85,89,-1,88,89,90,-1,90,89,91,-1,91,92,90,-1,90,92,93,-1,92,94,93,-1,93,94,95,-1,95,94,96,-1,95,96,97,-1,97,96,98,-1,97,98,99,-1,99,98,100,-1,99,100,101,-1,101,100,102,-1,101,102,103,-1,103,102,104,-1,103,104,105,-1,105,104,106,-1,105,106,107,-1,107,106,108,-1,107,108,109,-1,109,108,110,-1,109,110,111,-1,111,110,112,-1,111,112,113,-1,113,112,114,-1,113,114,115,-1,115,114,116,-1,115,116,117,-1,117,116,118,-1,117,118,119,-1,118,120,119,-1,119,120,121,-1,120,122,121,-1,121,122,123,-1,123,122,124,-1,124,122,125,-1,124,125,86,-1,86,125,84,-1,89,85,125,-1,125,85,84,-1,89,125,91,-1,91,125,122,-1,91,122,92,-1,92,122,94,-1,94,122,120,-1,94,120,118,-1,116,114,112,-1,118,108,106,-1,116,112,118,-1,118,112,110,-1,118,110,108,-1,106,104,118,-1,118,104,102,-1,118,102,100,-1,100,98,118,-1,118,98,96,-1,118,96,94,-1,126,127,128,-1,128,127,129,-1,129,127,130,-1,130,127,131,-1,130,131,132,-1,132,131,133,-1,132,133,134,-1,134,133,135,-1,134,135,136,-1,136,135,137,-1,136,137,138,-1,136,138,139,-1,139,138,140,-1,139,140,141,-1,141,140,142,-1,141,142,143,-1,143,142,144,-1,143,144,145,-1,145,144,146,-1,145,146,147,-1,147,146,148,-1,147,148,149,-1,149,148,150,-1,149,150,151,-1,151,150,152,-1,151,152,153,-1,153,152,154,-1,153,154,155,-1,155,154,156,-1,155,156,157,-1,157,156,158,-1,157,158,159,-1,159,158,160,-1,159,160,161,-1,161,160,162,-1,162,160,163,-1,162,163,164,-1,164,163,165,-1,164,165,166,-1,166,165,167,-1,166,167,128,-1,128,167,126,-1,131,127,167,-1,167,127,126,-1,131,167,133,-1,133,167,165,-1,133,165,135,-1,135,165,137,-1,158,156,154,-1,146,160,148,-1,148,160,150,-1,158,154,160,-1,160,154,152,-1,160,152,150,-1,146,144,160,-1,160,144,142,-1,160,142,140,-1,165,163,137,-1,137,163,160,-1,137,160,138,-1,138,160,140,-1,168,169,170,-1,170,169,171,-1,171,169,172,-1,172,169,173,-1,172,173,174,-1,174,173,175,-1,174,175,176,-1,176,175,177,-1,176,177,178,-1,178,177,179,-1,178,179,180,-1,178,180,181,-1,181,180,182,-1,181,182,183,-1,183,182,184,-1,183,184,185,-1,185,184,186,-1,185,186,187,-1,187,186,188,-1,187,188,189,-1,189,188,190,-1,189,190,191,-1,191,190,192,-1,191,192,193,-1,193,192,194,-1,193,194,195,-1,195,194,196,-1,195,196,197,-1,197,196,198,-1,197,198,199,-1,199,198,200,-1,199,200,201,-1,201,200,202,-1,201,202,203,-1,203,202,204,-1,204,202,205,-1,204,205,206,-1,206,205,207,-1,206,207,208,-1,208,207,209,-1,208,209,170,-1,170,209,168,-1,173,169,209,-1,209,169,168,-1,179,207,205,-1,173,209,175,-1,175,209,207,-1,175,207,177,-1,177,207,179,-1,205,202,179,-1,179,202,200,-1,179,200,198,-1,198,196,179,-1,179,196,194,-1,179,194,192,-1,192,190,179,-1,179,190,188,-1,179,188,186,-1,186,184,179,-1,179,184,182,-1,179,182,180,-1,210,211,212,-1,212,211,213,-1,213,211,214,-1,214,211,215,-1,214,215,216,-1,216,215,217,-1,216,217,218,-1,218,217,219,-1,218,219,220,-1,220,219,221,-1,220,221,222,-1,220,222,223,-1,223,222,224,-1,223,224,225,-1,225,224,226,-1,225,226,227,-1,227,226,228,-1,227,228,229,-1,229,228,230,-1,229,230,231,-1,231,230,232,-1,231,232,233,-1,233,232,234,-1,233,234,235,-1,235,234,236,-1,235,236,237,-1,237,236,238,-1,237,238,239,-1,239,238,240,-1,239,240,241,-1,241,240,242,-1,241,242,243,-1,243,242,244,-1,243,244,245,-1,245,244,246,-1,246,244,247,-1,246,247,248,-1,248,247,249,-1,248,249,250,-1,250,249,251,-1,250,251,212,-1,212,251,210,-1,215,211,251,-1,251,211,210,-1,215,251,217,-1,217,251,249,-1,217,249,219,-1,219,249,221,-1,242,240,238,-1,230,244,232,-1,232,244,234,-1,242,238,244,-1,244,238,236,-1,244,236,234,-1,230,228,244,-1,244,228,226,-1,244,226,224,-1,249,247,221,-1,221,247,244,-1,221,244,222,-1,222,244,224,-1,252,253,254,-1,254,253,255,-1,256,252,257,-1,257,252,254,-1,258,256,259,-1,259,256,257,-1,260,258,261,-1,261,258,259,-1,253,260,255,-1,255,260,261,-1,260,253,258,-1,258,253,252,-1,258,252,256,-1,262,263,264,-1,264,263,265,-1,266,262,267,-1,267,262,264,-1,268,266,269,-1,269,266,267,-1,263,268,265,-1,265,268,269,-1,266,268,262,-1,262,268,263,-1,270,271,272,-1,272,271,273,-1,274,270,275,-1,275,270,272,-1,276,274,277,-1,277,274,275,-1,271,276,273,-1,273,276,277,-1,274,276,270,-1,270,276,271,-1,278,279,280,-1,280,279,281,-1,282,278,283,-1,283,278,280,-1,284,282,285,-1,285,282,283,-1,279,284,281,-1,281,284,285,-1,282,284,278,-1,278,284,279,-1,286,287,288,-1,288,287,289,-1,290,286,291,-1,291,286,288,-1,292,290,293,-1,293,290,291,-1,287,292,289,-1,289,292,293,-1,290,292,286,-1,286,292,287,-1,
        ]
    }
}
Shape{
    appearance Appearance {
        material  Material 	{
            diffuseColor 1.0 1.0 1.0
            specularColor 0.5019607843137255 0.5019607843137255 0.5019607843137255
            ambientIntensity 1.0
            transparency 0.0
            shininess 0.5
        }
    }
    geometry IndexedFaceSet {
        ccw TRUE
        solid FALSE
        coord DEF co Coordinate {
            point [
                -0.2123 -0.3976 0.1994, -0.2123 -0.3976 0.1963, -0.2123 -0.3937 0.1994, -0.2123 -0.3937 0.1963, -0.223 -0.3976 0.1994, -0.223 -0.3937 0.1994, -0.223 -0.3976 0.223, -0.223 -0.3937 0.223, -0.2264 -0.3976 0.223, -0.2264 -0.3937 0.223, -0.2264 -0.3976 0.1963, -0.2264 -0.3937 0.1963, -0.1986 -0.3937 0.1959, -0.1963 -0.3937 0.1961, -0.1986 -0.3976 0.1959, -0.1946 -0.3976 0.1963, -0.1946 -0.3937 0.1963, -0.1917 -0.3937 0.1972, -0.1917 -0.3976 0.1972, -0.1913 -0.3937 0.1974, -0.1913 -0.3976 0.1974, -0.1913 -0.3976 0.2007, -0.1913 -0.3937 0.2007, -0.1939 -0.3937 0.1996, -0.1939 -0.3976 0.1996, -0.1969 -0.3937 0.199, -0.1969 -0.3976 0.199, -0.1981 -0.3937 0.1989, -0.1981 -0.3976 0.1989, -0.2008 -0.3937 0.1993, -0.2008 -0.3976 0.1993, -0.2027 -0.3937 0.2, -0.2027 -0.3976 0.2, -0.2045 -0.3937 0.2012, -0.2045 -0.3976 0.2012, -0.205 -0.3937 0.2018, -0.205 -0.3976 0.2018, -0.2063 -0.3937 0.2036, -0.2063 -0.3976 0.2036, -0.2072 -0.3937 0.2057, -0.2072 -0.3976 0.2057, -0.2076 -0.3937 0.2084, -0.2076 -0.3976 0.2084, -0.2076 -0.3937 0.2094, -0.2076 -0.3976 0.2094, -0.2072 -0.3937 0.2131, -0.2072 -0.3976 0.2131, -0.2063 -0.3937 0.2154, -0.2063 -0.3976 0.2154, -0.2048 -0.3937 0.2174, -0.2048 -0.3976 0.2174, -0.203 -0.3937 0.2189, -0.203 -0.3976 0.2189, -0.2009 -0.3937 0.2199, -0.2009 -0.3976 0.2199, -0.1986 -0.3937 0.2203, -0.1986 -0.3976 0.2203, -0.1975 -0.3937 0.2203, -0.1975 -0.3976 0.2203, -0.1943 -0.3937 0.22, -0.1943 -0.3976 0.22, -0.1915 -0.3937 0.2189, -0.1915 -0.3976 0.2189, -0.1913 -0.3937 0.2188, -0.1913 -0.3976 0.2188, -0.1913 -0.3976 0.2224, -0.1913 -0.3937 0.2224, -0.1976 -0.3937 0.2235, -0.1976 -0.3976 0.2235, -0.1975 -0.3976 0.2235, -0.194 -0.3937 0.2232, -0.194 -0.3976 0.2232, -0.1947 -0.3937 0.2232, -0.1975 -0.3937 0.2235, -0.1994 -0.3937 0.2232, -0.2015 -0.3976 0.223, -0.2015 -0.3937 0.223, -0.2043 -0.3937 0.2219, -0.2043 -0.3976 0.2219, -0.2067 -0.3937 0.2201, -0.2067 -0.3976 0.2201, -0.2074 -0.3937 0.2195, -0.2074 -0.3976 0.2195, -0.2093 -0.3937 0.217, -0.2093 -0.3976 0.217, -0.21 -0.3937 0.2153, -0.2106 -0.3976 0.214, -0.2106 -0.3937 0.214, -0.2112 -0.3937 0.2106, -0.2112 -0.3976 0.2106, -0.2112 -0.3937 0.2092, -0.2112 -0.3976 0.2092, -0.2108 -0.3937 0.2052, -0.2108 -0.3976 0.2052, -0.21 -0.3937 0.2031, -0.2098 -0.3976 0.2023, -0.2098 -0.3937 0.2023, -0.2082 -0.3937 0.2, -0.2082 -0.3976 0.2, -0.2078 -0.3937 0.1995, -0.2078 -0.3976 0.1995, -0.2002 -0.3976 0.1959, -0.2057 -0.3937 0.1977, -0.2057 -0.3976 0.1977, -0.2031 -0.3937 0.1965, -0.2031 -0.3976 0.1965, -0.201 -0.3937 0.1961, -0.2002 -0.3937 0.1959, -0.1716 -0.3976 0.1994, -0.1716 -0.3976 0.1963, -0.1716 -0.3937 0.1994, -0.1716 -0.3937 0.1963, -0.1825 -0.3937 0.1994, -0.1825 -0.3976 0.1994, -0.1753 -0.3937 0.1994, -0.1825 -0.3976 0.2083, -0.1825 -0.3937 0.2083, -0.1729 -0.3976 0.2083, -0.1753 -0.3937 0.2083, -0.1729 -0.3937 0.2083, -0.1729 -0.3976 0.2114, -0.1729 -0.3937 0.2114, -0.1825 -0.3937 0.2114, -0.1825 -0.3976 0.2114, -0.1753 -0.3937 0.2114, -0.1825 -0.3976 0.2199, -0.1825 -0.3937 0.2199, -0.1722 -0.3976 0.2199, -0.1753 -0.3937 0.2199, -0.1722 -0.3937 0.2199, -0.1722 -0.3976 0.223, -0.1722 -0.3937 0.223, -0.1859 -0.3937 0.223, -0.1859 -0.3976 0.223, -0.1753 -0.3937 0.223, -0.1859 -0.3976 0.1963, -0.1859 -0.3937 0.1963, -0.1753 -0.3937 0.1963, -0.1499 -0.3976 0.2038, -0.1513 -0.3976 0.2021, -0.1488 -0.3976 0.2001, -0.1517 -0.3976 0.2017, -0.1516 -0.3976 0.1981, -0.1535 -0.3976 0.2005, -0.1546 -0.3976 0.1969, -0.1558 -0.3976 0.1997, -0.1592 -0.3976 0.1963, -0.1592 -0.3976 0.1994, -0.1665 -0.3976 0.1963, -0.1631 -0.3976 0.1994, -0.1665 -0.3976 0.223, -0.1631 -0.3976 0.2199, -0.1589 -0.3976 0.223, -0.159 -0.3976 0.2199, -0.1548 -0.3976 0.2226, -0.1556 -0.3976 0.2196, -0.1516 -0.3976 0.2214, -0.1533 -0.3976 0.2187, -0.1488 -0.3976 0.2195, -0.1513 -0.3976 0.2174, -0.1479 -0.3976 0.2186, -0.1505 -0.3976 0.2165, -0.1462 -0.3976 0.2163, -0.1495 -0.3976 0.215, -0.1452 -0.3976 0.2137, -0.1487 -0.3976 0.213, -0.1448 -0.3976 0.21, -0.1484 -0.3976 0.2099, -0.1449 -0.3976 0.2083, -0.1485 -0.3976 0.2082, -0.1455 -0.3976 0.2052, -0.149 -0.3976 0.2058, -0.1468 -0.3976 0.2024, -0.1592 -0.3937 0.1963, -0.1665 -0.3937 0.1963, -0.1488 -0.3937 0.2001, -0.1546 -0.3937 0.1969, -0.1543 -0.3937 0.197, -0.1516 -0.3937 0.1981, -0.1468 -0.3937 0.2024, -0.1455 -0.3937 0.2052, -0.1449 -0.3937 0.2083, -0.1448 -0.3937 0.21, -0.1452 -0.3937 0.2137, -0.1462 -0.3937 0.2163, -0.1479 -0.3937 0.2186, -0.1488 -0.3937 0.2195, -0.1589 -0.3937 0.223, -0.1516 -0.3937 0.2214, -0.1543 -0.3937 0.2224, -0.1548 -0.3937 0.2226, -0.1665 -0.3937 0.223, -0.159 -0.3937 0.2199, -0.1631 -0.3937 0.2199, -0.1631 -0.3937 0.1994, -0.1592 -0.3937 0.1994, -0.1513 -0.3937 0.2021, -0.1517 -0.3937 0.2017, -0.1535 -0.3937 0.2005, -0.1558 -0.3937 0.1997, -0.1484 -0.3937 0.2099, -0.1485 -0.3937 0.2082, -0.149 -0.3937 0.2058, -0.1499 -0.3937 0.2038, -0.1513 -0.3937 0.2174, -0.1505 -0.3937 0.2165, -0.1495 -0.3937 0.215, -0.1487 -0.3937 0.213, -0.1556 -0.3937 0.2196, -0.1533 -0.3937 0.2187
            ]
        }
        coordIndex [
            0,1,2,-1,2,1,3,-1,4,0,5,-1,5,0,2,-1,6,4,7,-1,7,4,5,-1,8,6,9,-1,9,6,7,-1,10,8,11,-1,11,8,9,-1,1,10,3,-1,3,10,11,-1,6,8,4,-1,4,8,10,-1,4,10,0,-1,0,10,1,-1,12,13,14,-1,14,13,15,-1,13,16,15,-1,15,16,17,-1,15,17,18,-1,18,17,19,-1,18,19,20,-1,21,20,22,-1,22,20,19,-1,21,22,23,-1,21,23,24,-1,24,23,25,-1,24,25,26,-1,26,25,27,-1,26,27,28,-1,28,27,29,-1,28,29,30,-1,30,29,31,-1,30,31,32,-1,32,31,33,-1,32,33,34,-1,34,33,35,-1,34,35,36,-1,36,35,37,-1,36,37,38,-1,38,37,39,-1,38,39,40,-1,40,39,41,-1,40,41,42,-1,42,41,43,-1,42,43,44,-1,44,43,45,-1,44,45,46,-1,46,45,47,-1,46,47,48,-1,48,47,49,-1,48,49,50,-1,50,49,51,-1,50,51,52,-1,52,51,53,-1,52,53,54,-1,54,53,55,-1,54,55,56,-1,56,55,57,-1,56,57,58,-1,58,57,59,-1,58,59,60,-1,60,59,61,-1,60,61,62,-1,62,61,63,-1,62,63,64,-1,65,64,66,-1,66,64,63,-1,67,68,69,-1,65,66,70,-1,65,70,71,-1,71,70,72,-1,71,72,69,-1,69,72,73,-1,69,73,67,-1,68,67,74,-1,68,74,75,-1,74,76,75,-1,75,76,77,-1,75,77,78,-1,78,77,79,-1,78,79,80,-1,80,79,81,-1,80,81,82,-1,82,81,83,-1,82,83,84,-1,84,83,85,-1,84,85,86,-1,85,87,86,-1,86,87,88,-1,86,88,89,-1,89,88,90,-1,89,90,91,-1,91,90,92,-1,91,92,93,-1,93,92,94,-1,93,94,95,-1,94,96,95,-1,95,96,97,-1,95,97,98,-1,98,97,99,-1,98,99,100,-1,12,14,101,-1,100,99,102,-1,100,102,103,-1,103,102,104,-1,103,104,105,-1,105,104,106,-1,105,106,101,-1,101,106,107,-1,101,107,12,-1,62,64,65,-1,52,80,50,-1,50,80,82,-1,50,82,48,-1,48,82,84,-1,48,84,46,-1,62,65,60,-1,60,65,71,-1,60,71,58,-1,58,71,69,-1,58,69,56,-1,56,69,68,-1,56,68,54,-1,54,68,75,-1,54,75,52,-1,52,75,78,-1,52,78,80,-1,20,21,18,-1,18,21,24,-1,18,24,15,-1,15,24,26,-1,15,26,14,-1,14,26,28,-1,14,28,101,-1,101,28,30,-1,101,30,105,-1,105,30,32,-1,105,32,103,-1,103,32,34,-1,103,34,100,-1,100,34,36,-1,100,36,98,-1,98,36,38,-1,98,38,95,-1,91,44,89,-1,89,44,46,-1,89,46,86,-1,86,46,84,-1,95,38,93,-1,93,38,40,-1,93,40,91,-1,91,40,42,-1,91,42,44,-1,108,109,110,-1,110,109,111,-1,112,113,114,-1,114,113,108,-1,114,108,110,-1,115,113,116,-1,116,113,112,-1,115,116,117,-1,117,116,118,-1,117,118,119,-1,120,117,121,-1,121,117,119,-1,122,123,124,-1,124,123,120,-1,124,120,121,-1,125,123,126,-1,126,123,122,-1,125,126,127,-1,127,126,128,-1,127,128,129,-1,130,127,131,-1,131,127,129,-1,132,133,134,-1,134,133,130,-1,134,130,131,-1,135,133,136,-1,136,133,132,-1,135,136,109,-1,109,136,137,-1,109,137,111,-1,135,109,108,-1,108,113,135,-1,135,113,115,-1,135,115,133,-1,127,130,125,-1,125,130,133,-1,125,133,123,-1,123,133,115,-1,123,115,120,-1,120,115,117,-1,138,139,140,-1,140,139,141,-1,140,141,142,-1,142,141,143,-1,142,143,144,-1,144,143,145,-1,144,145,146,-1,146,145,147,-1,146,147,148,-1,148,147,149,-1,148,149,150,-1,150,149,151,-1,150,151,152,-1,152,151,153,-1,152,153,154,-1,154,153,155,-1,154,155,156,-1,156,155,157,-1,156,157,158,-1,158,157,159,-1,158,159,160,-1,160,159,161,-1,160,161,162,-1,162,161,163,-1,162,163,164,-1,164,163,165,-1,164,165,166,-1,166,165,167,-1,166,167,168,-1,168,167,169,-1,168,169,170,-1,170,169,171,-1,170,171,172,-1,172,171,138,-1,172,138,140,-1,146,148,173,-1,173,148,174,-1,175,140,142,-1,146,173,176,-1,146,176,144,-1,144,176,177,-1,144,177,142,-1,142,177,178,-1,142,178,175,-1,140,175,179,-1,140,179,172,-1,172,179,180,-1,172,180,170,-1,170,180,181,-1,170,181,168,-1,168,181,182,-1,168,182,166,-1,166,182,183,-1,166,183,164,-1,164,183,184,-1,164,184,162,-1,162,184,185,-1,162,185,160,-1,160,185,186,-1,160,186,158,-1,187,152,154,-1,158,186,188,-1,158,188,156,-1,156,188,189,-1,156,189,154,-1,154,189,190,-1,154,190,187,-1,150,152,191,-1,191,152,187,-1,148,150,174,-1,174,150,191,-1,153,151,192,-1,192,151,193,-1,151,149,193,-1,193,149,194,-1,149,147,194,-1,194,147,195,-1,139,196,197,-1,139,197,141,-1,141,197,198,-1,141,198,143,-1,143,198,199,-1,143,199,145,-1,145,199,195,-1,145,195,147,-1,167,200,201,-1,167,201,169,-1,169,201,202,-1,169,202,171,-1,171,202,203,-1,171,203,138,-1,138,203,196,-1,138,196,139,-1,159,204,205,-1,159,205,161,-1,161,205,206,-1,161,206,163,-1,163,206,207,-1,163,207,165,-1,165,207,200,-1,165,200,167,-1,153,192,208,-1,153,208,155,-1,155,208,209,-1,155,209,157,-1,157,209,204,-1,157,204,159,-1,
        ]
    }
}
Shape{
    appearance Appearance {
        material  Material 	{
            diffuseColor 0.25098039215686274 0.25098039215686274 0.25098039215686274
            specularColor 0.12549019607843137 0.12549019607843137 0.12549019607843137
            ambientIntensity 0.251
            transparency 0.0
            shininess 0.5
        }
    }
    geometry IndexedFaceSet {
        ccw TRUE
        solid FALSE
        coord DEF co Coordinate {
            point [
                -0.1631 -0.3937 0.2199, -0.1631 -0.3937 0.1994, -0.159 -0.3937 0.2199, -0.1592 -0.3937 0.1994, -0.1558 -0.3937 0.1997, -0.1535 -0.3937 0.2005, -0.1517 -0.3937 0.2017, -0.1513 -0.3937 0.2021, -0.1499 -0.3937 0.2038, -0.149 -0.3937 0.2058, -0.1485 -0.3937 0.2082, -0.1484 -0.3937 0.2099, -0.1487 -0.3937 0.213, -0.1495 -0.3937 0.215, -0.1505 -0.3937 0.2165, -0.1513 -0.3937 0.2174, -0.1556 -0.3937 0.2196, -0.1533 -0.3937 0.2187
            ]
        }
        coordIndex [
            0,1,2,-1,2,1,3,-1,2,3,4,-1,4,5,2,-1,2,5,6,-1,2,6,7,-1,7,8,2,-1,2,8,9,-1,2,9,10,-1,10,11,2,-1,2,11,12,-1,2,12,13,-1,13,14,2,-1,2,14,15,-1,2,15,16,-1,16,15,17,-1,
        ]
    }
}
Shape{
    appearance Appearance {
        material  Material 	{
            diffuseColor 1.0 1.0 1.0
            specularColor 0.5019607843137255 0.5019607843137255 0.5019607843137255
            ambientIntensity 1.0
            transparency 0.0
            shininess 0.5
        }
    }
    geometry IndexedFaceSet {
        ccw TRUE
        solid FALSE
        coord DEF co Coordinate {
            point [
                -0.1358 -0.3976 0.2066, -0.1369 -0.3976 0.2036, -0.1269 -0.3976 0.2066, -0.1258 -0.3976 0.2036, -0.1318 -0.3976 0.2177, -0.1331 -0.3976 0.223, -0.1433 -0.3976 0.1963, -0.1395 -0.3976 0.1963, -0.1316 -0.3976 0.2185, -0.1314 -0.3976 0.2196, -0.1295 -0.3976 0.223, -0.1313 -0.3976 0.2196, -0.1311 -0.3976 0.2185, -0.1309 -0.3976 0.2177, -0.1193 -0.3976 0.1963, -0.1231 -0.3976 0.1963, -0.1295 -0.3937 0.223, -0.1193 -0.3937 0.1963, -0.1331 -0.3937 0.223, -0.1433 -0.3937 0.1963, -0.1395 -0.3937 0.1963, -0.1369 -0.3937 0.2036, -0.1258 -0.3937 0.2036, -0.1231 -0.3937 0.1963, -0.1358 -0.3937 0.2066, -0.1269 -0.3937 0.2066, -0.1309 -0.3937 0.2177, -0.1313 -0.3937 0.2196, -0.1311 -0.3937 0.2185, -0.1314 -0.3937 0.2196, -0.1318 -0.3937 0.2177, -0.1316 -0.3937 0.2185
            ]
        }
        coordIndex [
            0,1,2,-1,2,1,3,-1,4,5,0,-1,0,5,6,-1,0,6,1,-1,1,6,7,-1,4,8,5,-1,5,8,9,-1,5,9,10,-1,10,9,11,-1,10,11,12,-1,12,13,10,-1,10,13,2,-1,10,2,14,-1,14,2,3,-1,14,3,15,-1,10,14,16,-1,16,14,17,-1,5,10,18,-1,18,10,16,-1,6,5,19,-1,19,5,18,-1,7,6,20,-1,20,6,19,-1,1,7,21,-1,21,7,20,-1,3,1,22,-1,22,1,21,-1,15,3,23,-1,23,3,22,-1,14,15,17,-1,17,15,23,-1,0,2,24,-1,24,2,25,-1,2,13,25,-1,25,13,26,-1,11,27,28,-1,11,28,12,-1,12,28,26,-1,12,26,13,-1,11,9,27,-1,27,9,29,-1,4,30,31,-1,4,31,8,-1,8,31,29,-1,8,29,9,-1,4,0,30,-1,30,0,24,-1,
        ]
    }
}
Shape{
    appearance Appearance {
        material  Material 	{
            diffuseColor 0.25098039215686274 0.25098039215686274 0.25098039215686274
            specularColor 0.12549019607843137 0.12549019607843137 0.12549019607843137
            ambientIntensity 0.251
            transparency 0.0
            shininess 0.5
        }
    }
    geometry IndexedFaceSet {
        ccw TRUE
        solid FALSE
        coord DEF co Coordinate {
            point [
                -0.1313 -0.3937 0.2196, -0.1314 -0.3937 0.2196, -0.1311 -0.3937 0.2185, -0.1316 -0.3937 0.2185, -0.1309 -0.3937 0.2177, -0.1318 -0.3937 0.2177, -0.1269 -0.3937 0.2066, -0.1358 -0.3937 0.2066
            ]
        }
        coordIndex [
            0,1,2,-1,2,1,3,-1,2,3,4,-1,4,3,5,-1,4,5,6,-1,6,5,7,-1,
        ]
    }
}
Shape{
    appearance Appearance {
        material  Material 	{
            diffuseColor 1.0 1.0 1.0
            specularColor 0.5019607843137255 0.5019607843137255 0.5019607843137255
            ambientIntensity 1.0
            transparency 0.0
            shininess 0.5
        }
    }
    geometry IndexedFaceSet {
        ccw TRUE
        solid FALSE
        coord DEF co Coordinate {
            point [
                -0.212 -0.3976 0.157, -0.212 -0.3976 0.154, -0.212 -0.3937 0.157, -0.212 -0.3937 0.154, -0.223 -0.3976 0.157, -0.223 -0.3937 0.157, -0.223 -0.3976 0.166, -0.223 -0.3937 0.166, -0.2134 -0.3976 0.166, -0.2134 -0.3937 0.166, -0.2134 -0.3976 0.1691, -0.2134 -0.3937 0.1691, -0.223 -0.3976 0.1691, -0.223 -0.3937 0.1691, -0.223 -0.3937 0.1776, -0.223 -0.3976 0.1776, -0.223 -0.3937 0.1771, -0.2127 -0.3976 0.1776, -0.2127 -0.3937 0.1776, -0.2127 -0.3976 0.1807, -0.2127 -0.3937 0.1807, -0.2264 -0.3976 0.1807, -0.2264 -0.3937 0.1807, -0.2264 -0.3937 0.154, -0.2264 -0.3976 0.154, -0.2264 -0.3937 0.1771, -0.1935 -0.3976 0.1662, -0.1969 -0.3976 0.1635, -0.1969 -0.3976 0.1617, -0.197 -0.3976 0.1569, -0.1969 -0.3976 0.1569, -0.1971 -0.3976 0.1601, -0.1969 -0.3976 0.154, -0.1935 -0.3976 0.154, -0.2054 -0.3976 0.1599, -0.2053 -0.3976 0.1607, -0.2082 -0.3976 0.1621, -0.2048 -0.3976 0.1574, -0.2072 -0.3976 0.155, -0.2045 -0.3976 0.1571, -0.2061 -0.3976 0.1543, -0.2038 -0.3976 0.1567, -0.2049 -0.3976 0.1538, -0.2031 -0.3976 0.1564, -0.2075 -0.3976 0.1631, -0.205 -0.3976 0.1613, -0.2065 -0.3976 0.1639, -0.2046 -0.3976 0.1618, -0.2051 -0.3976 0.1647, -0.2033 -0.3976 0.1535, -0.2028 -0.3976 0.1535, -0.2019 -0.3976 0.1563, -0.2012 -0.3976 0.1537, -0.2006 -0.3976 0.1564, -0.1998 -0.3976 0.1542, -0.1996 -0.3976 0.1568, -0.1986 -0.3976 0.155, -0.1986 -0.3976 0.1575, -0.1975 -0.3976 0.1561, -0.1983 -0.3976 0.1578, -0.1975 -0.3976 0.1589, -0.2041 -0.3976 0.1621, -0.2033 -0.3976 0.1625, -0.2025 -0.3976 0.1653, -0.2013 -0.3976 0.1629, -0.1969 -0.3976 0.1661, -0.2086 -0.3976 0.1609, -0.2088 -0.3976 0.1595, -0.2055 -0.3976 0.1594, -0.2088 -0.3976 0.1591, -0.2054 -0.3976 0.1586, -0.2087 -0.3976 0.1575, -0.2052 -0.3976 0.158, -0.2083 -0.3976 0.1564, -0.2076 -0.3976 0.1554, -0.207 -0.3976 0.1717, -0.207 -0.3976 0.1685, -0.2063 -0.3976 0.1721, -0.2047 -0.3976 0.1699, -0.2038 -0.3976 0.1731, -0.2026 -0.3976 0.1706, -0.2004 -0.3976 0.1735, -0.2007 -0.3976 0.1708, -0.1984 -0.3976 0.1733, -0.1996 -0.3976 0.1706, -0.197 -0.3976 0.1729, -0.1988 -0.3976 0.1704, -0.1959 -0.3976 0.1722, -0.1982 -0.3976 0.17, -0.195 -0.3976 0.1714, -0.1977 -0.3976 0.1694, -0.1943 -0.3976 0.1703, -0.1973 -0.3976 0.1687, -0.1938 -0.3976 0.1688, -0.197 -0.3976 0.1675, -0.2004 -0.3937 0.1735, -0.2038 -0.3937 0.1731, -0.2063 -0.3937 0.1721, -0.207 -0.3937 0.1717, -0.207 -0.3937 0.1685, -0.2047 -0.3937 0.1699, -0.2026 -0.3937 0.1706, -0.2007 -0.3937 0.1708, -0.1996 -0.3937 0.1706, -0.1988 -0.3937 0.1704, -0.1982 -0.3937 0.17, -0.1977 -0.3937 0.1694, -0.1973 -0.3937 0.1687, -0.197 -0.3937 0.1675, -0.1969 -0.3937 0.1661, -0.2025 -0.3937 0.1653, -0.2051 -0.3937 0.1647, -0.2065 -0.3937 0.1639, -0.2075 -0.3937 0.1631, -0.2082 -0.3937 0.1621, -0.2086 -0.3937 0.1609, -0.2088 -0.3937 0.1595, -0.2088 -0.3937 0.1591, -0.2087 -0.3937 0.1575, -0.2083 -0.3937 0.1564, -0.2076 -0.3937 0.1554, -0.2072 -0.3937 0.155, -0.2028 -0.3937 0.1535, -0.2061 -0.3937 0.1543, -0.2049 -0.3937 0.1538, -0.2047 -0.3937 0.1538, -0.2033 -0.3937 0.1535, -0.2012 -0.3937 0.1537, -0.201 -0.3937 0.1538, -0.1998 -0.3937 0.1542, -0.1986 -0.3937 0.155, -0.1975 -0.3937 0.1561, -0.197 -0.3937 0.1569, -0.1969 -0.3937 0.1569, -0.1969 -0.3937 0.154, -0.1935 -0.3937 0.154, -0.1935 -0.3937 0.1662, -0.1938 -0.3937 0.1688, -0.1943 -0.3937 0.1703, -0.195 -0.3937 0.1714, -0.1959 -0.3937 0.1722, -0.197 -0.3937 0.1729, -0.1984 -0.3937 0.1733, -0.2046 -0.3937 0.1618, -0.2041 -0.3937 0.1621, -0.2033 -0.3937 0.1625, -0.2013 -0.3937 0.1629, -0.2055 -0.3937 0.1594, -0.2054 -0.3937 0.1599, -0.2053 -0.3937 0.1607, -0.205 -0.3937 0.1613, -0.2045 -0.3937 0.1571, -0.2048 -0.3937 0.1574, -0.2052 -0.3937 0.158, -0.2054 -0.3937 0.1586, -0.2019 -0.3937 0.1563, -0.2031 -0.3937 0.1564, -0.2038 -0.3937 0.1567, -0.1983 -0.3937 0.1578, -0.1986 -0.3937 0.1575, -0.1996 -0.3937 0.1568, -0.2006 -0.3937 0.1564, -0.1969 -0.3937 0.1617, -0.1971 -0.3937 0.1601, -0.1975 -0.3937 0.1589, -0.1969 -0.3937 0.1635
            ]
        }
        coordIndex [
            0,1,2,-1,2,1,3,-1,4,0,5,-1,5,0,2,-1,6,4,7,-1,7,4,5,-1,8,6,9,-1,9,6,7,-1,10,8,11,-1,11,8,9,-1,12,10,13,-1,13,10,11,-1,14,15,16,-1,16,15,12,-1,16,12,13,-1,17,15,18,-1,18,15,14,-1,19,17,20,-1,20,17,18,-1,21,19,22,-1,22,19,20,-1,23,24,25,-1,25,24,21,-1,25,21,22,-1,1,24,3,-1,3,24,23,-1,24,1,0,-1,0,4,24,-1,24,4,6,-1,24,6,21,-1,17,19,15,-1,15,19,21,-1,15,21,12,-1,12,21,6,-1,12,6,10,-1,10,6,8,-1,26,27,28,-1,29,30,31,-1,32,33,30,-1,30,33,26,-1,30,26,31,-1,31,26,28,-1,34,35,36,-1,37,38,39,-1,39,38,40,-1,39,40,41,-1,41,40,42,-1,41,42,43,-1,36,35,44,-1,44,35,45,-1,44,45,46,-1,46,45,47,-1,46,47,48,-1,42,49,43,-1,43,49,50,-1,43,50,51,-1,51,50,52,-1,51,52,53,-1,53,52,54,-1,53,54,55,-1,55,54,56,-1,55,56,57,-1,57,56,58,-1,57,58,59,-1,59,58,29,-1,59,29,60,-1,60,29,31,-1,47,61,48,-1,48,61,62,-1,48,62,63,-1,63,62,64,-1,63,64,65,-1,36,66,34,-1,34,66,67,-1,34,67,68,-1,68,67,69,-1,68,69,70,-1,70,69,71,-1,70,71,72,-1,72,71,73,-1,72,73,37,-1,37,73,74,-1,37,74,38,-1,75,76,77,-1,77,76,78,-1,77,78,79,-1,79,78,80,-1,79,80,81,-1,81,80,82,-1,81,82,83,-1,83,82,84,-1,83,84,85,-1,85,84,86,-1,85,86,87,-1,87,86,88,-1,87,88,89,-1,89,88,90,-1,89,90,91,-1,91,90,92,-1,91,92,93,-1,93,92,94,-1,93,94,26,-1,26,94,65,-1,26,65,27,-1,27,65,64,-1,81,95,96,-1,81,96,79,-1,79,96,97,-1,79,97,77,-1,77,97,98,-1,77,98,75,-1,76,75,99,-1,99,75,98,-1,76,99,100,-1,76,100,78,-1,78,100,101,-1,78,101,80,-1,80,101,102,-1,80,102,82,-1,82,102,103,-1,82,103,84,-1,84,103,104,-1,84,104,86,-1,86,104,105,-1,86,105,88,-1,88,105,106,-1,88,106,90,-1,90,106,107,-1,90,107,92,-1,92,107,108,-1,92,108,94,-1,94,108,109,-1,94,109,65,-1,63,65,110,-1,110,65,109,-1,63,110,111,-1,63,111,48,-1,48,111,112,-1,48,112,46,-1,46,112,113,-1,46,113,44,-1,44,113,114,-1,44,114,36,-1,36,114,115,-1,36,115,66,-1,66,115,116,-1,66,116,67,-1,67,116,117,-1,67,117,69,-1,69,117,118,-1,69,118,71,-1,71,118,119,-1,71,119,73,-1,73,119,120,-1,73,120,74,-1,74,120,121,-1,74,121,38,-1,122,50,49,-1,38,121,123,-1,38,123,40,-1,40,123,124,-1,40,124,42,-1,42,124,125,-1,42,125,49,-1,49,125,126,-1,49,126,122,-1,50,122,127,-1,50,127,52,-1,52,127,128,-1,52,128,54,-1,128,129,54,-1,54,129,130,-1,54,130,56,-1,56,130,131,-1,56,131,58,-1,58,131,132,-1,58,132,29,-1,30,29,133,-1,133,29,132,-1,32,30,134,-1,134,30,133,-1,33,32,135,-1,135,32,134,-1,26,33,136,-1,136,33,135,-1,26,136,137,-1,26,137,93,-1,93,137,138,-1,93,138,91,-1,91,138,139,-1,91,139,89,-1,89,139,140,-1,89,140,87,-1,87,140,141,-1,87,141,85,-1,85,141,142,-1,85,142,83,-1,83,142,95,-1,83,95,81,-1,47,143,144,-1,47,144,61,-1,61,144,145,-1,61,145,62,-1,62,145,146,-1,62,146,64,-1,68,147,148,-1,68,148,34,-1,34,148,149,-1,34,149,35,-1,35,149,150,-1,35,150,45,-1,45,150,143,-1,45,143,47,-1,39,151,152,-1,39,152,37,-1,37,152,153,-1,37,153,72,-1,72,153,154,-1,72,154,70,-1,70,154,147,-1,70,147,68,-1,51,155,156,-1,51,156,43,-1,43,156,157,-1,43,157,41,-1,41,157,151,-1,41,151,39,-1,59,158,159,-1,59,159,57,-1,57,159,160,-1,57,160,55,-1,55,160,161,-1,55,161,53,-1,53,161,155,-1,53,155,51,-1,28,162,163,-1,28,163,31,-1,31,163,164,-1,31,164,60,-1,60,164,158,-1,60,158,59,-1,28,27,162,-1,162,27,165,-1,27,64,165,-1,165,64,146,-1,
        ]
    }
}
Shape{
    appearance Appearance {
        material  Material 	{
            diffuseColor 0.25098039215686274 0.25098039215686274 0.25098039215686274
            specularColor 0.12549019607843137 0.12549019607843137 0.12549019607843137
            ambientIntensity 0.251
            transparency 0.0
            shininess 0.5
        }
    }
    geometry IndexedFaceSet {
        ccw TRUE
        solid FALSE
        coord DEF co Coordinate {
            point [
                -0.1969 -0.3937 0.1617, -0.1969 -0.3937 0.1635, -0.2013 -0.3937 0.1629, -0.1986 -0.3937 0.1575, -0.1983 -0.3937 0.1578, -0.2033 -0.3937 0.1625, -0.2041 -0.3937 0.1621, -0.2006 -0.3937 0.1564, -0.1996 -0.3937 0.1568, -0.1975 -0.3937 0.1589, -0.1971 -0.3937 0.1601, -0.2046 -0.3937 0.1618, -0.205 -0.3937 0.1613, -0.2053 -0.3937 0.1607, -0.2054 -0.3937 0.1599, -0.2055 -0.3937 0.1594, -0.2054 -0.3937 0.1586, -0.2038 -0.3937 0.1567, -0.2031 -0.3937 0.1564, -0.2045 -0.3937 0.1571, -0.2019 -0.3937 0.1563, -0.2052 -0.3937 0.158, -0.2048 -0.3937 0.1574
            ]
        }
        coordIndex [
            0,1,2,-1,3,4,2,-1,5,6,7,-1,5,7,2,-1,2,7,8,-1,2,8,3,-1,4,9,2,-1,2,9,10,-1,2,10,0,-1,6,11,7,-1,7,11,12,-1,7,12,13,-1,13,14,7,-1,7,14,15,-1,7,15,16,-1,17,18,19,-1,19,18,20,-1,19,20,7,-1,16,21,7,-1,7,21,22,-1,7,22,19,-1,
        ]
    }
}
Shape{
    appearance Appearance {
        material  Material 	{
            diffuseColor 1.0 1.0 1.0
            specularColor 0.5019607843137255 0.5019607843137255 0.5019607843137255
            ambientIntensity 1.0
            transparency 0.0
            shininess 0.5
        }
    }
    geometry IndexedFaceSet {
        ccw TRUE
        solid FALSE
        coord DEF co Coordinate {
            point [
                -0.1835 -0.3976 0.1563, -0.1835 -0.3937 0.1563, -0.1857 -0.3937 0.1565, -0.1857 -0.3976 0.1565, -0.1878 -0.3937 0.1573, -0.1878 -0.3976 0.1573, -0.189 -0.3937 0.1581, -0.189 -0.3976 0.1581, -0.189 -0.3976 0.1546, -0.189 -0.3937 0.1546, -0.1838 -0.3937 0.1535, -0.1838 -0.3976 0.1535, -0.186 -0.3937 0.1538, -0.1867 -0.3976 0.1538, -0.1867 -0.3937 0.1538, -0.182 -0.3937 0.1538, -0.1808 -0.3976 0.1539, -0.1808 -0.3937 0.1539, -0.179 -0.3937 0.1546, -0.179 -0.3976 0.1546, -0.1783 -0.3937 0.155, -0.1783 -0.3976 0.155, -0.1772 -0.3937 0.156, -0.1772 -0.3976 0.156, -0.1766 -0.3937 0.1569, -0.1766 -0.3976 0.1569, -0.1763 -0.3937 0.1579, -0.1763 -0.3976 0.1579, -0.1761 -0.3937 0.1592, -0.1761 -0.3976 0.1592, -0.1763 -0.3937 0.1605, -0.1763 -0.3976 0.1605, -0.1767 -0.3937 0.1615, -0.1767 -0.3976 0.1615, -0.1772 -0.3937 0.1623, -0.1772 -0.3976 0.1623, -0.178 -0.3937 0.163, -0.178 -0.3976 0.163, -0.1803 -0.3937 0.1643, -0.1803 -0.3976 0.1643, -0.1816 -0.3937 0.1648, -0.1816 -0.3976 0.1648, -0.1836 -0.3937 0.1657, -0.1836 -0.3976 0.1657, -0.1848 -0.3937 0.1664, -0.1848 -0.3976 0.1664, -0.1851 -0.3937 0.1668, -0.1851 -0.3976 0.1668, -0.1854 -0.3937 0.1672, -0.1854 -0.3976 0.1672, -0.1855 -0.3937 0.1678, -0.1855 -0.3976 0.1678, -0.1855 -0.3937 0.1682, -0.1855 -0.3976 0.1682, -0.1855 -0.3937 0.1687, -0.1855 -0.3976 0.1687, -0.1853 -0.3937 0.1692, -0.1853 -0.3976 0.1692, -0.185 -0.3937 0.1696, -0.185 -0.3976 0.1696, -0.1845 -0.3937 0.1701, -0.1845 -0.3976 0.1701, -0.1838 -0.3937 0.1705, -0.1838 -0.3976 0.1705, -0.1829 -0.3937 0.1707, -0.1829 -0.3976 0.1707, -0.1819 -0.3937 0.1708, -0.1819 -0.3976 0.1708, -0.1795 -0.3937 0.1705, -0.1795 -0.3976 0.1705, -0.1777 -0.3937 0.1697, -0.1777 -0.3976 0.1697, -0.177 -0.3937 0.1694, -0.177 -0.3976 0.1694, -0.177 -0.3976 0.1726, -0.177 -0.3937 0.1726, -0.1792 -0.3937 0.1733, -0.1792 -0.3976 0.1733, -0.1816 -0.3937 0.1735, -0.1816 -0.3976 0.1735, -0.1842 -0.3937 0.1732, -0.1842 -0.3976 0.1732, -0.186 -0.3937 0.1725, -0.186 -0.3976 0.1725, -0.1868 -0.3937 0.172, -0.1868 -0.3976 0.172, -0.1879 -0.3937 0.171, -0.1879 -0.3976 0.171, -0.1885 -0.3937 0.1701, -0.1885 -0.3976 0.1701, -0.1889 -0.3937 0.169, -0.1889 -0.3976 0.169, -0.189 -0.3937 0.1679, -0.189 -0.3976 0.1679, -0.1888 -0.3937 0.1665, -0.1888 -0.3976 0.1665, -0.1884 -0.3937 0.1655, -0.1884 -0.3976 0.1655, -0.188 -0.3937 0.1649, -0.188 -0.3976 0.1649, -0.1875 -0.3937 0.1643, -0.1875 -0.3976 0.1643, -0.1859 -0.3937 0.1633, -0.1859 -0.3976 0.1633, -0.1839 -0.3937 0.1624, -0.1839 -0.3976 0.1624, -0.1817 -0.3937 0.1614, -0.1817 -0.3976 0.1614, -0.1804 -0.3937 0.1607, -0.1804 -0.3976 0.1607, -0.18 -0.3937 0.1602, -0.18 -0.3976 0.1602, -0.1797 -0.3937 0.1598, -0.1797 -0.3976 0.1598, -0.1796 -0.3937 0.1593, -0.1796 -0.3976 0.1593, -0.1796 -0.3937 0.1588, -0.1796 -0.3976 0.1588, -0.1796 -0.3937 0.1582, -0.1796 -0.3976 0.1582, -0.1798 -0.3937 0.1577, -0.1798 -0.3976 0.1577, -0.1801 -0.3937 0.1573, -0.1801 -0.3976 0.1573, -0.1805 -0.3937 0.157, -0.1805 -0.3976 0.157, -0.1808 -0.3937 0.1568, -0.1808 -0.3976 0.1568, -0.1816 -0.3937 0.1565, -0.1816 -0.3976 0.1565, -0.1834 -0.3937 0.1563, -0.1834 -0.3976 0.1563, -0.1596 -0.3976 0.173, -0.1561 -0.3976 0.173, -0.1596 -0.3937 0.173, -0.1561 -0.3937 0.173, -0.1648 -0.3976 0.1587, -0.1648 -0.3937 0.1587, -0.165 -0.3937 0.1578, -0.165 -0.3976 0.1578, -0.1652 -0.3937 0.1571, -0.1652 -0.3976 0.1571, -0.1653 -0.3976 0.1571, -0.1653 -0.3937 0.1571, -0.1657 -0.3976 0.1587, -0.1657 -0.3937 0.1587, -0.1706 -0.3976 0.173, -0.169 -0.3937 0.1684, -0.1706 -0.3937 0.173, -0.1744 -0.3976 0.173, -0.1744 -0.3937 0.173, -0.1669 -0.3976 0.154, -0.169 -0.3937 0.1594, -0.1669 -0.3937 0.154, -0.1684 -0.3937 0.1506, -0.1684 -0.3976 0.1506, -0.167 -0.3937 0.1538, -0.169 -0.3937 0.1494, -0.1691 -0.3976 0.1492, -0.1691 -0.3937 0.1492, -0.1698 -0.3937 0.1485, -0.1698 -0.3976 0.1485, -0.1704 -0.3937 0.1482, -0.1704 -0.3976 0.1482, -0.1712 -0.3937 0.1479, -0.1712 -0.3976 0.1479, -0.1718 -0.3937 0.1479, -0.1718 -0.3976 0.1479, -0.173 -0.3937 0.148, -0.173 -0.3976 0.148, -0.1737 -0.3937 0.1482, -0.1737 -0.3976 0.1482, -0.1737 -0.3976 0.1453, -0.1737 -0.3937 0.1453, -0.1723 -0.3937 0.145, -0.1723 -0.3976 0.145, -0.1715 -0.3937 0.145, -0.1715 -0.3976 0.145, -0.1701 -0.3937 0.1452, -0.1701 -0.3976 0.1452, -0.169 -0.3937 0.1456, -0.1688 -0.3976 0.1457, -0.1688 -0.3937 0.1457, -0.1677 -0.3937 0.1465, -0.1677 -0.3976 0.1465, -0.1676 -0.3937 0.1466, -0.1676 -0.3976 0.1466, -0.1664 -0.3937 0.148, -0.1664 -0.3976 0.148, -0.1648 -0.3937 0.151, -0.1648 -0.3976 0.151, -0.1647 -0.3937 0.1511, -0.1647 -0.3976 0.1511, -0.1637 -0.3937 0.1538, -0.1381 -0.3976 0.157, -0.1381 -0.3976 0.154, -0.1381 -0.3937 0.157, -0.1381 -0.3937 0.154, -0.149 -0.3976 0.157, -0.144 -0.3937 0.157, -0.149 -0.3937 0.157, -0.149 -0.3976 0.166, -0.149 -0.3937 0.166, -0.1395 -0.3976 0.166, -0.144 -0.3937 0.166, -0.1395 -0.3937 0.166, -0.1395 -0.3976 0.1691, -0.1395 -0.3937 0.1691, -0.149 -0.3937 0.1691, -0.149 -0.3976 0.1691, -0.144 -0.3937 0.1691, -0.149 -0.3937 0.1776, -0.149 -0.3976 0.1776, -0.149 -0.3937 0.1771, -0.1387 -0.3937 0.1776, -0.1387 -0.3976 0.1776, -0.144 -0.3937 0.1776, -0.1387 -0.3976 0.1807, -0.1387 -0.3937 0.1807, -0.1525 -0.3937 0.1807, -0.1525 -0.3976 0.1807, -0.144 -0.3937 0.1807, -0.1525 -0.3937 0.154, -0.1525 -0.3976 0.154, -0.1525 -0.3937 0.1771, -0.144 -0.3937 0.154, -0.1165 -0.3976 0.1615, -0.1178 -0.3976 0.1598, -0.1154 -0.3976 0.1577, -0.1183 -0.3976 0.1594, -0.1181 -0.3976 0.1557, -0.1201 -0.3976 0.1582, -0.1212 -0.3976 0.1545, -0.1224 -0.3976 0.1574, -0.1257 -0.3976 0.154, -0.1258 -0.3976 0.157, -0.1331 -0.3976 0.154, -0.1296 -0.3976 0.157, -0.1331 -0.3976 0.1807, -0.1296 -0.3976 0.1776, -0.1255 -0.3976 0.1807, -0.1256 -0.3976 0.1776, -0.1214 -0.3976 0.1802, -0.1222 -0.3976 0.1772, -0.1182 -0.3976 0.179, -0.1199 -0.3976 0.1764, -0.1154 -0.3976 0.1771, -0.1179 -0.3976 0.1751, -0.1145 -0.3976 0.1762, -0.117 -0.3976 0.1742, -0.1128 -0.3976 0.1739, -0.116 -0.3976 0.1727, -0.1118 -0.3976 0.1714, -0.1153 -0.3976 0.1706, -0.1114 -0.3976 0.1677, -0.115 -0.3976 0.1676, -0.1114 -0.3976 0.166, -0.1151 -0.3976 0.1659, -0.1121 -0.3976 0.1628, -0.1156 -0.3976 0.1634, -0.1134 -0.3976 0.1601, -0.1257 -0.3937 0.154, -0.1331 -0.3937 0.154, -0.1212 -0.3937 0.1545, -0.1181 -0.3937 0.1557, -0.1154 -0.3937 0.1577, -0.1134 -0.3937 0.1601, -0.1121 -0.3937 0.1628, -0.1114 -0.3937 0.166, -0.1114 -0.3937 0.1677, -0.1154 -0.3937 0.1771, -0.1153 -0.3937 0.1771, -0.1145 -0.3937 0.1762, -0.1128 -0.3937 0.1739, -0.1118 -0.3937 0.1714, -0.1182 -0.3937 0.179, -0.1214 -0.3937 0.1802, -0.1255 -0.3937 0.1807, -0.1331 -0.3937 0.1807, -0.1331 -0.3937 0.1771, -0.1256 -0.3937 0.1776, -0.1296 -0.3937 0.1776, -0.1296 -0.3937 0.157, -0.1258 -0.3937 0.157, -0.1178 -0.3937 0.1598, -0.1183 -0.3937 0.1594, -0.1201 -0.3937 0.1582, -0.1224 -0.3937 0.1574, -0.115 -0.3937 0.1676, -0.1151 -0.3937 0.1659, -0.1156 -0.3937 0.1634, -0.1165 -0.3937 0.1615, -0.1179 -0.3937 0.1751, -0.117 -0.3937 0.1742, -0.116 -0.3937 0.1727, -0.1153 -0.3937 0.1706, -0.1222 -0.3937 0.1772, -0.1199 -0.3937 0.1764
            ]
        }
        coordIndex [
            0,1,2,-1,0,2,3,-1,3,2,4,-1,3,4,5,-1,5,4,6,-1,5,6,7,-1,8,7,9,-1,9,7,6,-1,10,11,12,-1,12,11,13,-1,12,13,14,-1,14,13,8,-1,14,8,9,-1,10,15,11,-1,11,15,16,-1,15,17,16,-1,16,17,18,-1,16,18,19,-1,19,18,20,-1,19,20,21,-1,21,20,22,-1,21,22,23,-1,23,22,24,-1,23,24,25,-1,25,24,26,-1,25,26,27,-1,27,26,28,-1,27,28,29,-1,29,28,30,-1,29,30,31,-1,31,30,32,-1,31,32,33,-1,33,32,34,-1,33,34,35,-1,35,34,36,-1,35,36,37,-1,37,36,38,-1,37,38,39,-1,39,38,40,-1,39,40,41,-1,41,40,42,-1,41,42,43,-1,43,42,44,-1,43,44,45,-1,45,44,46,-1,45,46,47,-1,47,46,48,-1,47,48,49,-1,49,48,50,-1,49,50,51,-1,51,50,52,-1,51,52,53,-1,53,52,54,-1,53,54,55,-1,55,54,56,-1,55,56,57,-1,57,56,58,-1,57,58,59,-1,59,58,60,-1,59,60,61,-1,61,60,62,-1,61,62,63,-1,63,62,64,-1,63,64,65,-1,65,64,66,-1,65,66,67,-1,67,66,68,-1,67,68,69,-1,69,68,70,-1,69,70,71,-1,71,70,72,-1,71,72,73,-1,74,73,75,-1,75,73,72,-1,74,75,76,-1,74,76,77,-1,77,76,78,-1,77,78,79,-1,79,78,80,-1,79,80,81,-1,81,80,82,-1,81,82,83,-1,83,82,84,-1,83,84,85,-1,85,84,86,-1,85,86,87,-1,87,86,88,-1,87,88,89,-1,89,88,90,-1,89,90,91,-1,91,90,92,-1,91,92,93,-1,93,92,94,-1,93,94,95,-1,95,94,96,-1,95,96,97,-1,97,96,98,-1,97,98,99,-1,99,98,100,-1,99,100,101,-1,101,100,102,-1,101,102,103,-1,103,102,104,-1,103,104,105,-1,105,104,106,-1,105,106,107,-1,107,106,108,-1,107,108,109,-1,109,108,110,-1,109,110,111,-1,111,110,112,-1,111,112,113,-1,113,112,114,-1,113,114,115,-1,115,114,116,-1,115,116,117,-1,117,116,118,-1,117,118,119,-1,119,118,120,-1,119,120,121,-1,121,120,122,-1,121,122,123,-1,123,122,124,-1,123,124,125,-1,125,124,126,-1,125,126,127,-1,127,126,128,-1,127,128,129,-1,129,128,130,-1,129,130,131,-1,131,130,1,-1,131,1,0,-1,57,59,85,-1,85,59,83,-1,83,59,61,-1,83,61,81,-1,121,23,25,-1,107,41,105,-1,105,41,43,-1,121,25,119,-1,119,25,27,-1,119,27,117,-1,117,27,29,-1,117,29,115,-1,115,29,31,-1,115,31,113,-1,113,31,33,-1,113,33,111,-1,111,33,35,-1,111,35,109,-1,109,35,37,-1,109,37,107,-1,107,37,39,-1,107,39,41,-1,23,121,21,-1,21,121,123,-1,21,123,19,-1,11,0,13,-1,13,0,3,-1,13,3,8,-1,8,3,5,-1,8,5,7,-1,61,63,81,-1,81,63,65,-1,81,65,79,-1,79,65,67,-1,79,67,77,-1,77,67,69,-1,77,69,74,-1,74,69,71,-1,74,71,73,-1,123,125,19,-1,19,125,127,-1,19,127,16,-1,16,127,129,-1,16,129,11,-1,11,129,131,-1,11,131,0,-1,85,87,57,-1,57,87,89,-1,57,89,55,-1,55,89,91,-1,55,91,53,-1,53,91,93,-1,53,93,51,-1,51,93,95,-1,51,95,49,-1,49,95,97,-1,49,97,47,-1,47,97,99,-1,47,99,45,-1,45,99,101,-1,45,101,43,-1,43,101,103,-1,43,103,105,-1,132,133,134,-1,134,133,135,-1,136,132,137,-1,137,132,134,-1,136,137,138,-1,136,138,139,-1,139,138,140,-1,139,140,141,-1,142,141,143,-1,143,141,140,-1,144,142,145,-1,145,142,143,-1,144,145,146,-1,146,145,147,-1,146,147,148,-1,149,146,150,-1,150,146,148,-1,149,150,151,-1,151,150,152,-1,151,152,153,-1,154,155,156,-1,156,155,151,-1,156,151,153,-1,154,157,155,-1,155,157,158,-1,157,159,158,-1,158,159,160,-1,158,160,161,-1,161,160,162,-1,161,162,163,-1,163,162,164,-1,163,164,165,-1,165,164,166,-1,165,166,167,-1,167,166,168,-1,167,168,169,-1,169,168,170,-1,169,170,171,-1,172,171,173,-1,173,171,170,-1,172,173,174,-1,172,174,175,-1,175,174,176,-1,175,176,177,-1,177,176,178,-1,177,178,179,-1,179,178,180,-1,179,180,181,-1,180,182,181,-1,181,182,183,-1,181,183,184,-1,184,183,185,-1,184,185,186,-1,186,185,187,-1,186,187,188,-1,188,187,189,-1,188,189,190,-1,190,189,191,-1,190,191,192,-1,135,133,193,-1,193,133,192,-1,193,192,191,-1,139,141,192,-1,133,132,192,-1,192,132,136,-1,192,136,139,-1,146,149,144,-1,144,149,151,-1,144,151,142,-1,141,142,192,-1,192,142,151,-1,192,151,190,-1,190,151,155,-1,190,155,188,-1,188,155,158,-1,188,158,186,-1,186,158,161,-1,171,172,169,-1,169,172,175,-1,169,175,167,-1,167,175,177,-1,167,177,165,-1,165,177,179,-1,165,179,163,-1,163,179,181,-1,163,181,161,-1,161,181,184,-1,161,184,186,-1,194,195,196,-1,196,195,197,-1,194,196,198,-1,198,196,199,-1,198,199,200,-1,201,198,202,-1,202,198,200,-1,201,202,203,-1,203,202,204,-1,203,204,205,-1,206,203,207,-1,207,203,205,-1,208,209,210,-1,210,209,206,-1,210,206,207,-1,211,212,213,-1,213,212,209,-1,213,209,208,-1,214,215,216,-1,216,215,212,-1,216,212,211,-1,217,215,218,-1,218,215,214,-1,219,220,221,-1,221,220,217,-1,221,217,218,-1,222,223,224,-1,224,223,220,-1,224,220,219,-1,223,222,195,-1,195,222,225,-1,195,225,197,-1,223,195,194,-1,194,198,223,-1,223,198,201,-1,223,201,220,-1,215,217,212,-1,212,217,220,-1,212,220,209,-1,209,220,201,-1,209,201,206,-1,206,201,203,-1,226,227,228,-1,228,227,229,-1,228,229,230,-1,230,229,231,-1,230,231,232,-1,232,231,233,-1,232,233,234,-1,234,233,235,-1,234,235,236,-1,236,235,237,-1,236,237,238,-1,238,237,239,-1,238,239,240,-1,240,239,241,-1,240,241,242,-1,242,241,243,-1,242,243,244,-1,244,243,245,-1,244,245,246,-1,246,245,247,-1,246,247,248,-1,248,247,249,-1,248,249,250,-1,250,249,251,-1,250,251,252,-1,252,251,253,-1,252,253,254,-1,254,253,255,-1,254,255,256,-1,256,255,257,-1,256,257,258,-1,258,257,259,-1,258,259,260,-1,260,259,226,-1,260,226,228,-1,234,236,261,-1,261,236,262,-1,234,261,263,-1,234,263,232,-1,232,263,264,-1,232,264,230,-1,230,264,265,-1,230,265,228,-1,228,265,266,-1,228,266,260,-1,260,266,267,-1,260,267,258,-1,258,267,268,-1,258,268,256,-1,256,268,269,-1,256,269,254,-1,270,246,271,-1,271,246,248,-1,271,248,272,-1,272,248,250,-1,272,250,273,-1,273,250,252,-1,273,252,274,-1,274,252,254,-1,274,254,269,-1,246,270,275,-1,246,275,244,-1,244,275,276,-1,244,276,242,-1,242,276,277,-1,242,277,240,-1,238,240,278,-1,278,240,277,-1,262,236,279,-1,279,236,238,-1,279,238,278,-1,241,239,280,-1,280,239,281,-1,239,237,281,-1,281,237,282,-1,237,235,282,-1,282,235,283,-1,227,284,285,-1,227,285,229,-1,229,285,286,-1,229,286,231,-1,231,286,287,-1,231,287,233,-1,233,287,283,-1,233,283,235,-1,255,288,289,-1,255,289,257,-1,257,289,290,-1,257,290,259,-1,259,290,291,-1,259,291,226,-1,226,291,284,-1,226,284,227,-1,247,292,293,-1,247,293,249,-1,249,293,294,-1,249,294,251,-1,251,294,295,-1,251,295,253,-1,253,295,288,-1,253,288,255,-1,241,280,296,-1,241,296,243,-1,243,296,297,-1,243,297,245,-1,245,297,292,-1,245,292,247,-1,
        ]
    }
}
Shape{
    appearance Appearance {
        material  Material 	{
            diffuseColor 0.25098039215686274 0.25098039215686274 0.25098039215686274
            specularColor 0.12549019607843137 0.12549019607843137 0.12549019607843137
            ambientIntensity 0.251
            transparency 0.0
            shininess 0.5
        }
    }
    geometry IndexedFaceSet {
        ccw TRUE
        solid FALSE
        coord DEF co Coordinate {
            point [
                -0.1296 -0.3937 0.1776, -0.1296 -0.3937 0.157, -0.1256 -0.3937 0.1776, -0.1258 -0.3937 0.157, -0.1224 -0.3937 0.1574, -0.1201 -0.3937 0.1582, -0.1183 -0.3937 0.1594, -0.1178 -0.3937 0.1598, -0.1165 -0.3937 0.1615, -0.1156 -0.3937 0.1634, -0.1151 -0.3937 0.1659, -0.115 -0.3937 0.1676, -0.1153 -0.3937 0.1706, -0.116 -0.3937 0.1727, -0.117 -0.3937 0.1742, -0.1179 -0.3937 0.1751, -0.1222 -0.3937 0.1772, -0.1199 -0.3937 0.1764
            ]
        }
        coordIndex [
            0,1,2,-1,2,1,3,-1,2,3,4,-1,4,5,2,-1,2,5,6,-1,2,6,7,-1,7,8,2,-1,2,8,9,-1,2,9,10,-1,10,11,2,-1,2,11,12,-1,2,12,13,-1,13,14,2,-1,2,14,15,-1,2,15,16,-1,16,15,17,-1,
        ]
    }
}
Shape{
    appearance Appearance {
        material  Material 	{
            diffuseColor 1.0 1.0 1.0
            specularColor 0.5019607843137255 0.5019607843137255 0.5019607843137255
            ambientIntensity 1.0
            transparency 0.0
            shininess 0.5
        }
    }
    geometry IndexedFaceSet {
        ccw TRUE
        solid FALSE
        coord DEF co Coordinate {
            point [
                -0.1024 -0.3976 0.1643, -0.1035 -0.3976 0.1613, -0.0935 -0.3976 0.1643, -0.0924 -0.3976 0.1613, -0.0984 -0.3976 0.1754, -0.0997 -0.3976 0.1807, -0.1099 -0.3976 0.154, -0.1061 -0.3976 0.154, -0.0982 -0.3976 0.1762, -0.098 -0.3976 0.1773, -0.096 -0.3976 0.1807, -0.0979 -0.3976 0.1773, -0.0977 -0.3976 0.1761, -0.0975 -0.3976 0.1754, -0.0859 -0.3976 0.154, -0.0897 -0.3976 0.154, -0.0859 -0.3937 0.154, -0.0947 -0.3937 0.1771, -0.096 -0.3937 0.1807, -0.0997 -0.3937 0.1807, -0.1099 -0.3937 0.154, -0.1011 -0.3937 0.1771, -0.1061 -0.3937 0.154, -0.1035 -0.3937 0.1613, -0.0924 -0.3937 0.1613, -0.0897 -0.3937 0.154, -0.1024 -0.3937 0.1643, -0.0935 -0.3937 0.1643, -0.0975 -0.3937 0.1754, -0.0979 -0.3937 0.1773, -0.0977 -0.3937 0.1761, -0.098 -0.3937 0.1773, -0.0984 -0.3937 0.1754, -0.0982 -0.3937 0.1762
            ]
        }
        coordIndex [
            0,1,2,-1,2,1,3,-1,4,5,0,-1,0,5,6,-1,0,6,1,-1,1,6,7,-1,4,8,5,-1,5,8,9,-1,5,9,10,-1,10,9,11,-1,10,11,12,-1,12,13,10,-1,10,13,2,-1,10,2,14,-1,14,2,3,-1,14,3,15,-1,14,16,10,-1,10,16,17,-1,10,17,18,-1,5,10,19,-1,19,10,18,-1,20,6,21,-1,21,6,5,-1,21,5,19,-1,7,6,22,-1,22,6,20,-1,1,7,23,-1,23,7,22,-1,3,1,24,-1,24,1,23,-1,15,3,25,-1,25,3,24,-1,14,15,16,-1,16,15,25,-1,0,2,26,-1,26,2,27,-1,2,13,27,-1,27,13,28,-1,11,29,30,-1,11,30,12,-1,12,30,28,-1,12,28,13,-1,11,9,29,-1,29,9,31,-1,4,32,33,-1,4,33,8,-1,8,33,31,-1,8,31,9,-1,4,0,32,-1,32,0,26,-1,
        ]
    }
}
Shape{
    appearance Appearance {
        material  Material 	{
            diffuseColor 0.25098039215686274 0.25098039215686274 0.25098039215686274
            specularColor 0.12549019607843137 0.12549019607843137 0.12549019607843137
            ambientIntensity 0.251
            transparency 0.0
            shininess 0.5
        }
    }
    geometry IndexedFaceSet {
        ccw TRUE
        solid FALSE
        coord DEF co Coordinate {
            point [
                -0.0979 -0.3937 0.1773, -0.098 -0.3937 0.1773, -0.0977 -0.3937 0.1761, -0.0982 -0.3937 0.1762, -0.0975 -0.3937 0.1754, -0.0984 -0.3937 0.1754, -0.0935 -0.3937 0.1643, -0.1024 -0.3937 0.1643
            ]
        }
        coordIndex [
            0,1,2,-1,2,1,3,-1,2,3,4,-1,4,3,5,-1,4,5,6,-1,6,5,7,-1,
        ]
    }
}
Shape{
    appearance Appearance {
        material  Material 	{
            diffuseColor 1.0 1.0 1.0
            specularColor 0.5019607843137255 0.5019607843137255 0.5019607843137255
            ambientIntensity 1.0
            transparency 0.0
            shininess 0.5
        }
    }
    geometry IndexedFaceSet {
        ccw TRUE
        solid FALSE
        coord DEF co Coordinate {
            point [
                -0.3443 -0.3976 0.1502, -0.3415 -0.3976 0.1467, -0.346 -0.3976 0.167, -0.3126 -0.3976 0.1495, -0.3104 -0.3976 0.1537, -0.3093 -0.3976 0.1584, -0.3332 -0.3976 0.1546, -0.3317 -0.3976 0.1536, -0.3378 -0.3976 0.1439, -0.33 -0.3976 0.1529, -0.2826 -0.3976 0.1763, -0.2885 -0.3976 0.1863, -0.3092 -0.3976 0.1622, -0.3139 -0.3976 0.1731, -0.3092 -0.3976 0.1603, -0.3193 -0.3976 0.1435, -0.3156 -0.3976 0.1462, -0.3214 -0.3976 0.1628, -0.321 -0.3976 0.1611, -0.321 -0.3976 0.1592, -0.3215 -0.3976 0.1574, -0.3224 -0.3976 0.1558, -0.3501 -0.3976 0.1695, -0.3496 -0.3976 0.1554, -0.3462 -0.3976 0.1543, -0.2763 -0.3976 0.1951, -0.2748 -0.3976 0.1951, -0.267 -0.3976 0.2053, -0.2712 -0.3976 0.1946, -0.2657 -0.3976 0.2049, -0.2679 -0.3976 0.1933, -0.2601 -0.3976 0.202, -0.2551 -0.3976 0.1976, -0.3297 -0.3976 0.2013, -0.3283 -0.3976 0.2006, -0.3342 -0.3976 0.2144, -0.3257 -0.3976 0.2061, -0.3303 -0.3976 0.219, -0.3216 -0.3976 0.2113, -0.3259 -0.3976 0.2228, -0.3164 -0.3976 0.2152, -0.3213 -0.3976 0.2256, -0.3344 -0.3976 0.156, -0.3353 -0.3976 0.1575, -0.3357 -0.3976 0.1593, -0.2846 -0.3976 0.154, -0.2837 -0.3976 0.1539, -0.2822 -0.3976 0.1655, -0.3125 -0.3976 0.229, -0.3102 -0.3976 0.2178, -0.3031 -0.3976 0.2302, -0.2773 -0.3976 0.2203, -0.2836 -0.3976 0.2105, -0.2711 -0.3976 0.2131, -0.2796 -0.3976 0.2051, -0.2771 -0.3976 0.1989, -0.3535 -0.3976 0.173, -0.3614 -0.3976 0.1634, -0.3564 -0.3976 0.159, -0.3568 -0.3976 0.189, -0.3692 -0.3976 0.1865, -0.3574 -0.3976 0.1844, -0.3693 -0.3976 0.1841, -0.3572 -0.3976 0.1815, -0.3686 -0.3976 0.1776, -0.3558 -0.3976 0.1769, -0.3662 -0.3976 0.1705, -0.3622 -0.3976 0.1644, -0.3334 -0.3976 0.1421, -0.3289 -0.3976 0.1414, -0.3283 -0.3976 0.1527, -0.3281 -0.3976 0.1414, -0.3268 -0.3976 0.1529, -0.3236 -0.3976 0.1419, -0.3251 -0.3976 0.1535, -0.3236 -0.3976 0.1544, -0.265 -0.3976 0.1913, -0.2628 -0.3976 0.1888, -0.2513 -0.3976 0.1921, -0.261 -0.3976 0.1855, -0.249 -0.3976 0.1863, -0.2601 -0.3976 0.1819, -0.2483 -0.3976 0.1805, -0.26 -0.3976 0.1803, -0.2737 -0.3976 0.1655, -0.2725 -0.3976 0.1539, -0.2703 -0.3976 0.1661, -0.2667 -0.3976 0.1551, -0.267 -0.3976 0.1677, -0.2608 -0.3976 0.1578, -0.2641 -0.3976 0.1699, -0.2558 -0.3976 0.1618, -0.2639 -0.3976 0.1702, -0.2553 -0.3976 0.1624, -0.2618 -0.3976 0.1732, -0.2517 -0.3976 0.1673, -0.2605 -0.3976 0.1766, -0.2493 -0.3976 0.1732, -0.2483 -0.3976 0.1794, -0.334 -0.3976 0.2029, -0.3364 -0.3976 0.2147, -0.3384 -0.3976 0.2034, -0.3386 -0.3976 0.2148, -0.3403 -0.3976 0.2033, -0.3451 -0.3976 0.2141, -0.345 -0.3976 0.2022, -0.3522 -0.3976 0.2116, -0.3493 -0.3976 0.2, -0.3586 -0.3976 0.2074, -0.3526 -0.3976 0.197, -0.3604 -0.3976 0.2057, -0.3552 -0.3976 0.1933, -0.3645 -0.3976 0.2007, -0.3677 -0.3976 0.194, -0.2892 -0.3976 0.1603, -0.2892 -0.3976 0.1598, -0.2832 -0.3976 0.1656, -0.3039 -0.3976 0.2188, -0.3029 -0.3976 0.2188, -0.2953 -0.3976 0.2293, -0.297 -0.3976 0.2181, -0.2858 -0.3976 0.226, -0.291 -0.3976 0.2159, -0.2856 -0.3976 0.2124, -0.3357 -0.3976 0.161, -0.3352 -0.3976 0.1628, -0.3439 -0.3976 0.1711, -0.3343 -0.3976 0.1645, -0.3407 -0.3976 0.1747, -0.3331 -0.3976 0.1658, -0.3369 -0.3976 0.1773, -0.3316 -0.3976 0.1668, -0.3327 -0.3976 0.1789, -0.3299 -0.3976 0.1674, -0.3281 -0.3976 0.1795, -0.3283 -0.3976 0.1675, -0.3258 -0.3976 0.1794, -0.3268 -0.3976 0.1674, -0.3213 -0.3976 0.1782, -0.325 -0.3976 0.1668, -0.3172 -0.3976 0.1761, -0.3235 -0.3976 0.1657, -0.3223 -0.3976 0.1644, -0.2878 -0.3976 0.1559, -0.2871 -0.3976 0.1552, -0.2891 -0.3976 0.1584, -0.2886 -0.3976 0.1571, -0.2826 -0.3976 0.1655, -0.2858 -0.3976 0.1544, -0.2834 -0.3976 0.1657, -0.2847 -0.3976 0.1655, -0.286 -0.3976 0.165, -0.2872 -0.3976 0.1642, -0.2882 -0.3976 0.1631, -0.2889 -0.3976 0.1618, -0.2483 -0.3937 0.1805, -0.249 -0.3937 0.1863, -0.2513 -0.3937 0.1921, -0.254 -0.3937 0.1961, -0.2551 -0.3937 0.1976, -0.2601 -0.3937 0.202, -0.2657 -0.3937 0.2049, -0.267 -0.3937 0.2053, -0.2711 -0.3937 0.2131, -0.2773 -0.3937 0.2203, -0.2817 -0.3937 0.2232, -0.2858 -0.3937 0.226, -0.2953 -0.3937 0.2293, -0.3031 -0.3937 0.2302, -0.3259 -0.3937 0.2228, -0.3251 -0.3937 0.2232, -0.3213 -0.3937 0.2256, -0.3125 -0.3937 0.229, -0.3303 -0.3937 0.219, -0.3342 -0.3937 0.2144, -0.3364 -0.3937 0.2147, -0.3386 -0.3937 0.2148, -0.3451 -0.3937 0.2141, -0.3522 -0.3937 0.2116, -0.3586 -0.3937 0.2074, -0.3604 -0.3937 0.2057, -0.3645 -0.3937 0.2007, -0.3667 -0.3937 0.1961, -0.3677 -0.3937 0.194, -0.3692 -0.3937 0.1865, -0.3693 -0.3937 0.1841, -0.3686 -0.3937 0.1776, -0.3685 -0.3937 0.1771, -0.3662 -0.3937 0.1705, -0.3622 -0.3937 0.1644, -0.3614 -0.3937 0.1634, -0.3564 -0.3937 0.159, -0.3496 -0.3937 0.1554, -0.3462 -0.3937 0.1543, -0.3459 -0.3937 0.1538, -0.3443 -0.3937 0.1502, -0.3415 -0.3937 0.1467, -0.3378 -0.3937 0.1439, -0.336 -0.3937 0.1432, -0.3334 -0.3937 0.1421, -0.3289 -0.3937 0.1414, -0.3281 -0.3937 0.1414, -0.3092 -0.3937 0.1603, -0.3236 -0.3937 0.1419, -0.3203 -0.3937 0.1432, -0.3193 -0.3937 0.1435, -0.3156 -0.3937 0.1462, -0.3126 -0.3937 0.1495, -0.3104 -0.3937 0.1537, -0.3104 -0.3937 0.1538, -0.3093 -0.3937 0.1584, -0.3092 -0.3937 0.1622, -0.2826 -0.3937 0.1763, -0.2885 -0.3937 0.1863, -0.2831 -0.3937 0.1771, -0.3062 -0.3937 0.1771, -0.3139 -0.3937 0.1731, -0.3172 -0.3937 0.1761, -0.3191 -0.3937 0.1771, -0.3213 -0.3937 0.1782, -0.3258 -0.3937 0.1794, -0.3281 -0.3937 0.1795, -0.3327 -0.3937 0.1789, -0.3369 -0.3937 0.1773, -0.3373 -0.3937 0.1771, -0.3407 -0.3937 0.1747, -0.3439 -0.3937 0.1711, -0.346 -0.3937 0.167, -0.3574 -0.3937 0.1844, -0.3501 -0.3937 0.1695, -0.3535 -0.3937 0.173, -0.3558 -0.3937 0.1769, -0.3558 -0.3937 0.1771, -0.3572 -0.3937 0.1815, -0.3568 -0.3937 0.189, -0.3552 -0.3937 0.1933, -0.3532 -0.3937 0.1961, -0.3526 -0.3937 0.197, -0.3493 -0.3937 0.2, -0.345 -0.3937 0.2022, -0.3403 -0.3937 0.2033, -0.3384 -0.3937 0.2034, -0.334 -0.3937 0.2029, -0.3297 -0.3937 0.2013, -0.3283 -0.3937 0.2006, -0.3257 -0.3937 0.2061, -0.3216 -0.3937 0.2113, -0.3164 -0.3937 0.2152, -0.3102 -0.3937 0.2178, -0.3039 -0.3937 0.2188, -0.3029 -0.3937 0.2188, -0.2763 -0.3937 0.1951, -0.2765 -0.3937 0.1961, -0.2771 -0.3937 0.1989, -0.2796 -0.3937 0.2051, -0.2836 -0.3937 0.2105, -0.2856 -0.3937 0.2124, -0.291 -0.3937 0.2159, -0.297 -0.3937 0.2181, -0.2748 -0.3937 0.1951, -0.2712 -0.3937 0.1946, -0.2679 -0.3937 0.1933, -0.265 -0.3937 0.1913, -0.2628 -0.3937 0.1888, -0.261 -0.3937 0.1855, -0.2601 -0.3937 0.1819, -0.26 -0.3937 0.1803, -0.2604 -0.3937 0.1771, -0.2605 -0.3937 0.1766, -0.2618 -0.3937 0.1732, -0.2639 -0.3937 0.1702, -0.2641 -0.3937 0.1699, -0.267 -0.3937 0.1677, -0.2703 -0.3937 0.1661, -0.2737 -0.3937 0.1655, -0.2822 -0.3937 0.1655, -0.2826 -0.3937 0.1655, -0.2832 -0.3937 0.1656, -0.2834 -0.3937 0.1657, -0.2847 -0.3937 0.1655, -0.286 -0.3937 0.165, -0.2872 -0.3937 0.1642, -0.2882 -0.3937 0.1631, -0.2889 -0.3937 0.1618, -0.2892 -0.3937 0.1603, -0.2892 -0.3937 0.1598, -0.2891 -0.3937 0.1584, -0.2886 -0.3937 0.1571, -0.2878 -0.3937 0.1559, -0.2871 -0.3937 0.1552, -0.2858 -0.3937 0.1544, -0.2846 -0.3937 0.154, -0.2837 -0.3937 0.1539, -0.2725 -0.3937 0.1539, -0.2667 -0.3937 0.1551, -0.2608 -0.3937 0.1578, -0.2558 -0.3937 0.1618, -0.2553 -0.3937 0.1624, -0.2493 -0.3937 0.1732, -0.2517 -0.3937 0.1673, -0.2487 -0.3937 0.1771, -0.2483 -0.3937 0.1794, -0.3283 -0.3937 0.1675, -0.3268 -0.3937 0.1674, -0.325 -0.3937 0.1668, -0.3235 -0.3937 0.1657, -0.3223 -0.3937 0.1644, -0.3214 -0.3937 0.1628, -0.321 -0.3937 0.1611, -0.321 -0.3937 0.1592, -0.3215 -0.3937 0.1574, -0.3224 -0.3937 0.1558, -0.3236 -0.3937 0.1544, -0.3251 -0.3937 0.1535, -0.3268 -0.3937 0.1529, -0.3283 -0.3937 0.1527, -0.33 -0.3937 0.1529, -0.3317 -0.3937 0.1536, -0.3332 -0.3937 0.1546, -0.3344 -0.3937 0.156, -0.3353 -0.3937 0.1575, -0.3357 -0.3937 0.1593, -0.3357 -0.3937 0.161, -0.3352 -0.3937 0.1628, -0.3343 -0.3937 0.1645, -0.3331 -0.3937 0.1658, -0.3316 -0.3937 0.1668, -0.3299 -0.3937 0.1674
            ]
        }
        coordIndex [
            0,1,2,-1,3,4,5,-1,6,1,7,-1,7,1,8,-1,7,8,9,-1,10,11,12,-1,12,11,13,-1,12,13,14,-1,14,13,15,-1,14,15,5,-1,5,15,16,-1,5,16,3,-1,17,18,13,-1,13,18,19,-1,13,19,15,-1,15,19,20,-1,15,20,21,-1,22,23,2,-1,2,23,24,-1,2,24,0,-1,25,26,27,-1,27,26,28,-1,27,28,29,-1,29,28,30,-1,29,30,31,-1,31,30,32,-1,33,34,35,-1,35,34,36,-1,35,36,37,-1,37,36,38,-1,37,38,39,-1,39,38,40,-1,39,40,41,-1,6,42,1,-1,1,42,43,-1,1,43,2,-1,2,43,44,-1,45,46,47,-1,41,40,48,-1,48,40,49,-1,48,49,50,-1,51,52,53,-1,53,52,54,-1,53,54,27,-1,27,54,55,-1,27,55,25,-1,56,57,22,-1,22,57,58,-1,22,58,23,-1,59,60,61,-1,61,60,62,-1,61,62,63,-1,63,62,64,-1,63,64,65,-1,65,64,66,-1,65,66,56,-1,56,66,67,-1,56,67,57,-1,8,68,9,-1,9,68,69,-1,9,69,70,-1,70,69,71,-1,70,71,72,-1,72,71,73,-1,72,73,74,-1,74,73,15,-1,74,15,75,-1,75,15,21,-1,30,76,32,-1,32,76,77,-1,32,77,78,-1,78,77,79,-1,78,79,80,-1,80,79,81,-1,80,81,82,-1,82,81,83,-1,47,46,84,-1,84,46,85,-1,84,85,86,-1,86,85,87,-1,86,87,88,-1,88,87,89,-1,88,89,90,-1,90,89,91,-1,90,91,92,-1,92,91,93,-1,92,93,94,-1,94,93,95,-1,94,95,96,-1,96,95,97,-1,96,97,83,-1,83,97,98,-1,83,98,82,-1,33,35,99,-1,99,35,100,-1,99,100,101,-1,101,100,102,-1,101,102,103,-1,103,102,104,-1,103,104,105,-1,105,104,106,-1,105,106,107,-1,107,106,108,-1,107,108,109,-1,109,108,110,-1,109,110,111,-1,111,110,112,-1,111,112,59,-1,59,112,113,-1,59,113,60,-1,114,115,116,-1,49,117,50,-1,50,117,118,-1,50,118,119,-1,119,118,120,-1,119,120,121,-1,121,120,122,-1,121,122,51,-1,51,122,123,-1,51,123,52,-1,44,124,2,-1,2,124,125,-1,2,125,126,-1,126,125,127,-1,126,127,128,-1,128,127,129,-1,128,129,130,-1,130,129,131,-1,130,131,132,-1,132,131,133,-1,132,133,134,-1,134,133,135,-1,134,135,136,-1,136,135,137,-1,136,137,138,-1,138,137,139,-1,138,139,140,-1,140,139,141,-1,140,141,13,-1,13,141,142,-1,13,142,17,-1,116,143,144,-1,115,145,116,-1,116,145,146,-1,116,146,143,-1,47,147,45,-1,45,147,116,-1,45,116,148,-1,148,116,144,-1,116,149,114,-1,114,149,150,-1,114,150,151,-1,151,152,114,-1,114,152,153,-1,114,153,154,-1,82,155,156,-1,82,156,80,-1,80,156,157,-1,80,157,78,-1,78,157,158,-1,78,158,32,-1,158,159,32,-1,32,159,160,-1,32,160,31,-1,31,160,161,-1,31,161,29,-1,29,161,162,-1,29,162,27,-1,27,162,163,-1,27,163,53,-1,53,163,164,-1,53,164,51,-1,51,164,121,-1,121,164,165,-1,165,166,121,-1,121,166,167,-1,121,167,119,-1,119,167,168,-1,119,168,50,-1,169,39,170,-1,170,39,41,-1,170,41,171,-1,171,41,48,-1,171,48,172,-1,172,48,50,-1,172,50,168,-1,39,169,173,-1,39,173,37,-1,37,173,174,-1,37,174,35,-1,35,174,175,-1,35,175,100,-1,100,175,176,-1,100,176,102,-1,102,176,177,-1,102,177,104,-1,104,177,178,-1,104,178,106,-1,106,178,179,-1,106,179,108,-1,108,179,180,-1,108,180,110,-1,110,180,181,-1,182,113,181,-1,181,113,112,-1,181,112,110,-1,182,183,113,-1,113,183,184,-1,113,184,60,-1,60,184,185,-1,60,185,62,-1,62,185,186,-1,62,186,64,-1,64,186,187,-1,64,187,66,-1,187,188,66,-1,66,188,189,-1,66,189,67,-1,67,189,190,-1,67,190,57,-1,57,190,191,-1,57,191,58,-1,58,191,192,-1,58,192,23,-1,23,192,193,-1,23,193,24,-1,24,193,194,-1,24,194,0,-1,194,195,0,-1,0,195,196,-1,0,196,1,-1,1,196,197,-1,1,197,8,-1,8,197,198,-1,8,198,68,-1,198,199,68,-1,68,199,200,-1,68,200,69,-1,69,200,201,-1,69,201,71,-1,202,14,5,-1,71,201,203,-1,71,203,73,-1,73,203,204,-1,73,204,15,-1,204,205,15,-1,15,205,206,-1,15,206,16,-1,16,206,207,-1,16,207,3,-1,3,207,208,-1,3,208,4,-1,4,208,209,-1,4,209,5,-1,5,209,210,-1,5,210,202,-1,12,14,211,-1,211,14,202,-1,10,12,212,-1,212,12,211,-1,213,11,214,-1,214,11,10,-1,214,10,212,-1,11,213,13,-1,13,213,215,-1,13,215,216,-1,13,216,217,-1,13,217,140,-1,140,217,218,-1,140,218,138,-1,218,219,138,-1,138,219,220,-1,138,220,136,-1,136,220,221,-1,136,221,134,-1,134,221,222,-1,134,222,132,-1,132,222,223,-1,132,223,130,-1,130,223,224,-1,130,224,128,-1,224,225,128,-1,128,225,226,-1,128,226,126,-1,126,226,227,-1,126,227,2,-1,228,61,63,-1,2,227,229,-1,2,229,22,-1,22,229,230,-1,22,230,56,-1,56,230,231,-1,56,231,65,-1,65,231,232,-1,65,232,63,-1,63,232,233,-1,63,233,228,-1,61,228,234,-1,61,234,59,-1,59,234,235,-1,59,235,111,-1,111,235,236,-1,111,236,109,-1,236,237,109,-1,109,237,238,-1,109,238,107,-1,107,238,239,-1,107,239,105,-1,105,239,240,-1,105,240,103,-1,103,240,241,-1,103,241,101,-1,101,241,242,-1,101,242,99,-1,99,242,243,-1,99,243,33,-1,33,243,244,-1,33,244,34,-1,34,244,245,-1,34,245,36,-1,36,245,246,-1,36,246,38,-1,38,246,247,-1,38,247,40,-1,40,247,248,-1,40,248,49,-1,49,248,249,-1,49,249,117,-1,117,249,250,-1,117,250,118,-1,251,25,252,-1,252,25,55,-1,252,55,253,-1,253,55,54,-1,253,54,254,-1,254,54,52,-1,254,52,255,-1,255,52,123,-1,255,123,256,-1,256,123,122,-1,256,122,257,-1,257,122,120,-1,257,120,258,-1,258,120,118,-1,258,118,250,-1,26,25,259,-1,259,25,251,-1,26,259,260,-1,26,260,28,-1,28,260,261,-1,28,261,30,-1,30,261,262,-1,30,262,76,-1,76,262,263,-1,76,263,77,-1,77,263,264,-1,77,264,79,-1,79,264,265,-1,79,265,81,-1,81,265,266,-1,81,266,83,-1,266,267,83,-1,83,267,96,-1,267,268,96,-1,96,268,269,-1,96,269,94,-1,94,269,270,-1,94,270,92,-1,92,270,271,-1,92,271,90,-1,90,271,272,-1,90,272,88,-1,88,272,273,-1,88,273,86,-1,86,273,274,-1,86,274,84,-1,47,84,275,-1,275,84,274,-1,47,275,276,-1,47,276,147,-1,147,276,277,-1,147,277,116,-1,116,277,278,-1,116,278,149,-1,149,278,279,-1,149,279,150,-1,150,279,280,-1,150,280,151,-1,151,280,281,-1,151,281,152,-1,152,281,282,-1,152,282,153,-1,153,282,283,-1,153,283,154,-1,154,283,284,-1,154,284,114,-1,114,284,285,-1,114,285,115,-1,115,285,286,-1,115,286,145,-1,145,286,287,-1,145,287,146,-1,146,287,288,-1,146,288,143,-1,143,288,289,-1,143,289,144,-1,144,289,290,-1,144,290,148,-1,148,290,291,-1,148,291,45,-1,45,291,292,-1,45,292,46,-1,85,46,293,-1,293,46,292,-1,85,293,294,-1,85,294,87,-1,87,294,295,-1,87,295,89,-1,89,295,296,-1,89,296,91,-1,91,296,297,-1,91,297,93,-1,298,95,299,-1,299,95,93,-1,299,93,297,-1,300,98,298,-1,298,98,97,-1,298,97,95,-1,300,301,98,-1,98,301,155,-1,98,155,82,-1,135,302,303,-1,135,303,137,-1,137,303,304,-1,137,304,139,-1,139,304,305,-1,139,305,141,-1,141,305,306,-1,141,306,142,-1,142,306,307,-1,142,307,17,-1,17,307,308,-1,17,308,18,-1,18,308,309,-1,18,309,19,-1,19,309,310,-1,19,310,20,-1,20,310,311,-1,20,311,21,-1,21,311,312,-1,21,312,75,-1,75,312,313,-1,75,313,74,-1,74,313,314,-1,74,314,72,-1,72,314,315,-1,72,315,70,-1,70,315,316,-1,70,316,9,-1,9,316,317,-1,9,317,7,-1,7,317,318,-1,7,318,6,-1,6,318,319,-1,6,319,42,-1,42,319,320,-1,42,320,43,-1,43,320,321,-1,43,321,44,-1,44,321,322,-1,44,322,124,-1,124,322,323,-1,124,323,125,-1,125,323,324,-1,125,324,127,-1,127,324,325,-1,127,325,129,-1,129,325,326,-1,129,326,131,-1,131,326,327,-1,131,327,133,-1,133,327,302,-1,133,302,135,-1,
        ]
    }
}
Shape{
    appearance Appearance {
        material  Material 	{
            diffuseColor 0.25098039215686274 0.25098039215686274 0.25098039215686274
            specularColor 0.12549019607843137 0.12549019607843137 0.12549019607843137
            ambientIntensity 0.251
            transparency 0.0
            shininess 0.5
        }
    }
    geometry IndexedFaceSet {
        ccw TRUE
        solid FALSE
        coord DEF co Coordinate {
            point [
                -0.3299 -0.3937 0.1674, -0.3283 -0.3937 0.1527, -0.3283 -0.3937 0.1675, -0.3268 -0.3937 0.1529, -0.3268 -0.3937 0.1674, -0.3343 -0.3937 0.1645, -0.3352 -0.3937 0.1628, -0.3357 -0.3937 0.161, -0.3353 -0.3937 0.1575, -0.3344 -0.3937 0.156, -0.3332 -0.3937 0.1546, -0.3214 -0.3937 0.1628, -0.3223 -0.3937 0.1644, -0.3236 -0.3937 0.1544, -0.3235 -0.3937 0.1657, -0.3317 -0.3937 0.1536, -0.33 -0.3937 0.1529, -0.3215 -0.3937 0.1574, -0.321 -0.3937 0.1592, -0.321 -0.3937 0.1611, -0.3251 -0.3937 0.1535, -0.325 -0.3937 0.1668, -0.3357 -0.3937 0.1593, -0.3316 -0.3937 0.1668, -0.3331 -0.3937 0.1658, -0.3224 -0.3937 0.1558
            ]
        }
        coordIndex [
            0,1,2,-1,2,1,3,-1,2,3,4,-1,5,6,7,-1,8,9,0,-1,0,9,10,-1,11,12,13,-1,13,12,14,-1,10,15,0,-1,0,15,16,-1,0,16,1,-1,17,18,19,-1,3,20,4,-1,4,20,13,-1,4,13,21,-1,21,13,14,-1,8,0,22,-1,22,0,23,-1,22,23,7,-1,7,23,24,-1,7,24,5,-1,11,13,19,-1,19,13,25,-1,19,25,17,-1,
        ]
    }
}