#VRML V2.0 utf8
# 3D model generated by easyeda2kicad.py (https://github.com/uPesy/easyeda2kicad.py)

Shape{
    appearance Appearance {
        material  Material 	{
            diffuseColor 0.25098039215686274 0.25098039215686274 0.25098039215686274
            specularColor 0.12549019607843137 0.12549019607843137 0.12549019607843137
            ambientIntensity 0.251
            transparency 0.0
            shininess 0.5
        }
    }
    geometry IndexedFaceSet {
        ccw TRUE
        solid FALSE
        coord DEF co Coordinate {
            point [
                -0.2587 -0.7426 0.3583, -0.2581 -0.7477 0.3583, -0.2571 -0.7191 0.3583, -0.2953 -0.7667 0.3583, -0.3035 -0.7667 0.3583, -0.3035 -0.7671 0.3583, -0.3808 -0.7664 0.3583, -0.3826 -0.7671 0.3583, -0.3768 -0.7667 0.3583, -0.3832 -0.6709 0.3583, -0.3804 -0.6706 0.3583, -0.3974 -0.6706 0.3583, -0.3697 -0.7067 0.3583, -0.3706 -0.707 0.3583, -0.3706 -0.7191 0.3583, -0.3568 -0.6751 0.3583, -0.3568 -0.687 0.3583, -0.3468 -0.687 0.3583, -0.4944 -0.6706 0.3583, -0.4885 -0.6746 0.3583, -0.4709 -0.6706 0.3583, -0.4795 -0.6852 0.3583, -0.4743 -0.6954 0.3583, -0.5486 -0.6667 0.3583, -0.5364 -0.6623 0.3583, -0.689 0.0495 0.3583, -0.4709 0.0495 0.3583, -0.512 -0.6624 0.3583, -0.4989 -0.6674 0.3583, -0.5244 -0.6609 0.3583, -0.5549 -0.6706 0.3583, -0.689 -0.6706 0.3583, -0.556 -0.6712 0.3583, -0.6103 -0.703 0.3583, -0.604 -0.6949 0.3583, -0.5841 -0.6836 0.3583, -0.5737 -0.6823 0.3583, -0.5622 -0.6765 0.3583, -0.5706 -0.6824 0.3583, -0.5676 -0.6828 0.3583, -0.6022 -0.6932 0.3583, -0.5938 -0.6873 0.3583, -0.5971 -0.7607 0.3583, -0.6053 -0.7537 0.3583, -0.689 -0.7671 0.3583, -0.5875 -0.7653 0.3583, -0.6113 -0.7451 0.3583, -0.6151 -0.7353 0.3583, -0.689 -0.7191 0.3583, -0.6164 -0.725 0.3583, -0.6163 -0.7224 0.3583, -0.6157 -0.7191 0.3583, -0.6145 -0.7125 0.3583, -0.5842 -0.7663 0.3583, -0.5839 -0.7671 0.3583, -0.5816 -0.772 0.3583, -0.689 -0.7817 0.3583, -0.5777 -0.7768 0.3583, -0.5725 -0.7807 0.3583, -0.689 -0.8366 0.3583, -0.5664 -0.7833 0.3583, -0.5701 -0.7817 0.3583, -0.5483 -0.7817 0.3583, -0.5528 -0.7835 0.3583, -0.4709 -0.8366 0.3583, -0.5592 -0.7843 0.3583, -0.5602 -0.7842 0.3583, -0.4709 -0.7817 0.3583, -0.5345 -0.7672 0.3583, -0.5376 -0.773 0.3583, -0.5417 -0.7776 0.3583, -0.5469 -0.7812 0.3583, -0.5051 -0.7577 0.3583, -0.5046 -0.7557 0.3583, -0.5328 -0.7553 0.3583, -0.5394 -0.7403 0.3583, -0.5041 -0.7218 0.3583, -0.544 -0.7361 0.3583, -0.5496 -0.7331 0.3583, -0.499 -0.7508 0.3583, -0.497 -0.7505 0.3583, -0.4959 -0.7358 0.3583, -0.4967 -0.7505 0.3583, -0.4959 -0.7507 0.3583, -0.5051 -0.7587 0.3583, -0.5035 -0.7539 0.3583, -0.5024 -0.7527 0.3583, -0.5008 -0.7515 0.3583, -0.5976 -0.7349 0.3583, -0.5944 -0.7403 0.3583, -0.581 -0.743 0.3583, -0.5897 -0.7451 0.3583, -0.584 -0.7487 0.3583, -0.5713 -0.7343 0.3583, -0.5991 -0.7191 0.3583, -0.5767 -0.738 0.3583, -0.5998 -0.7244 0.3583, -0.5994 -0.7285 0.3583, -0.5007 -0.7659 0.3583, -0.5024 -0.7647 0.3583, -0.5345 -0.7671 0.3583, -0.5031 -0.7641 0.3583, -0.5042 -0.7625 0.3583, -0.5049 -0.7607 0.3583, -0.533 -0.7607 0.3583, -0.5328 -0.7579 0.3583, -0.5655 -0.7321 0.3583, -0.5592 -0.7313 0.3583, -0.556 -0.7315 0.3583, -0.4732 -0.765 0.3583, -0.482 -0.7669 0.3583, -0.4709 -0.7671 0.3583, -0.4975 -0.7669 0.3583, -0.499 -0.7666 0.3583, -0.4954 -0.7508 0.3583, -0.4835 -0.7508 0.3583, -0.4788 -0.7499 0.3583, -0.4742 -0.7477 0.3583, -0.4709 -0.745 0.3583, -0.4709 -0.7191 0.3583, -0.5554 -0.6937 0.3583, -0.5594 -0.702 0.3583, -0.5069 -0.681 0.3583, -0.4995 -0.6861 0.3583, -0.4872 -0.7097 0.3583, -0.4888 -0.7023 0.3583, -0.5613 -0.701 0.3583, -0.5672 -0.6988 0.3583, -0.4684 -0.7183 0.3583, -0.4709 -0.7155 0.3583, -0.4714 -0.7149 0.3583, -0.4755 -0.7121 0.3583, -0.4929 -0.6938 0.3583, -0.4988 -0.6867 0.3583, -0.4801 -0.7103 0.3583, -0.4851 -0.7097 0.3583, -0.5827 -0.6998 0.3583, -0.5885 -0.7029 0.3583, -0.5761 -0.6982 0.3583, -0.5931 -0.7069 0.3583, -0.5967 -0.7122 0.3583, -0.5495 -0.6866 0.3583, -0.5152 -0.6778 0.3583, -0.5424 -0.6815 0.3583, -0.5241 -0.6767 0.3583, -0.5338 -0.678 0.3583, -0.5734 -0.6981 0.3583, -0.599 -0.7181 0.3583, -0.4703 -0.7446 0.3583, -0.4699 -0.7442 0.3583, -0.467 -0.7401 0.3583, -0.4652 -0.7354 0.3583, -0.4646 -0.7302 0.3583, -0.4647 -0.7279 0.3583, -0.4659 -0.7229 0.3583, -0.4679 -0.7191 0.3583, -0.4494 -0.7214 0.3583, -0.4482 -0.73 0.3583, -0.433 -0.7191 0.3583, -0.4527 -0.7477 0.3583, -0.458 -0.755 0.3583, -0.433 -0.7671 0.3583, -0.4651 -0.7611 0.3583, -0.4709 -0.7639 0.3583, -0.4494 -0.7394 0.3583, -0.473 -0.6959 0.3583, -0.4709 -0.697 0.3583, -0.433 -0.6706 0.3583, -0.4652 -0.6998 0.3583, -0.458 -0.7058 0.3583, -0.4526 -0.7133 0.3583, -0.4503 -0.7191 0.3583, -0.3988 -0.7339 0.3583, -0.4131 -0.7339 0.3583, -0.4131 -0.7458 0.3583, -0.3981 -0.7671 0.3583, -0.4179 -0.7667 0.3583, -0.3981 -0.7667 0.3583, -0.4131 -0.75 0.3583, -0.4131 -0.7625 0.3583, -0.3998 -0.75 0.3583, -0.3981 -0.7625 0.3583, -0.3998 -0.7458 0.3583, -0.4179 -0.7297 0.3583, -0.3981 -0.7191 0.3583, -0.3988 -0.7297 0.3583, -0.3979 -0.7667 0.3583, -0.3974 -0.7671 0.3583, -0.3979 -0.7625 0.3583, -0.2918 -0.6799 0.3583, -0.2883 -0.6709 0.3583, -0.2918 -0.6706 0.3583, -0.2832 -0.6709 0.3583, -0.2782 -0.6978 0.3583, -0.2918 -0.6978 0.3583, -0.2744 -0.7079 0.3583, -0.2918 -0.7191 0.3583, -0.2691 -0.7079 0.3583, -0.2571 -0.6706 0.3583, -0.3024 -0.7079 0.3583, -0.3035 -0.7191 0.3583, -0.2972 -0.7079 0.3583, -0.2936 -0.6978 0.3583, -0.3347 -0.7079 0.3583, -0.3417 -0.7037 0.3583, -0.3417 -0.7079 0.3583, -0.3468 -0.6706 0.3583, -0.3468 -0.6709 0.3583, -0.3425 -0.6709 0.3583, -0.3436 -0.6912 0.3583, -0.3468 -0.6912 0.3583, -0.3468 -0.7037 0.3583, -0.3568 -0.6912 0.3583, -0.3568 -0.7037 0.3583, -0.3347 -0.6709 0.3583, -0.3425 -0.6751 0.3583, -0.3177 -0.7191 0.3583, -0.3182 -0.7072 0.3583, -0.3245 -0.7079 0.3583, -0.3177 -0.6706 0.3583, -0.3241 -0.6709 0.3583, -0.3436 -0.687 0.3583, -0.3468 -0.6751 0.3583, -0.3468 -0.7191 0.3583, -0.3468 -0.7079 0.3583, -0.3638 -0.7191 0.3583, -0.3616 -0.7079 0.3583, -0.3616 -0.6709 0.3583, -0.3638 -0.6706 0.3583, -0.369 -0.7018 0.3583, -0.369 -0.7064 0.3583, -0.3675 -0.7191 0.3583, -0.3778 -0.6746 0.3583, -0.3795 -0.6746 0.3583, -0.3706 -0.7025 0.3583, -0.3732 -0.6751 0.3583, -0.3827 -0.6753 0.3583, -0.3856 -0.6767 0.3583, -0.3879 -0.6787 0.3583, -0.3881 -0.679 0.3583, -0.3899 -0.6815 0.3583, -0.3912 -0.6847 0.3583, -0.3918 -0.6898 0.3583, -0.3917 -0.6915 0.3583, -0.3727 -0.7035 0.3583, -0.3769 -0.7042 0.3583, -0.3786 -0.7043 0.3583, -0.3911 -0.6951 0.3583, -0.3898 -0.6981 0.3583, -0.3881 -0.7004 0.3583, -0.3871 -0.7014 0.3583, -0.3819 -0.704 0.3583, -0.3846 -0.703 0.3583, -0.3738 -0.6706 0.3583, -0.373 -0.6706 0.3583, -0.3706 -0.6706 0.3583, -0.3706 -0.6713 0.3583, -0.3675 -0.6706 0.3583, -0.369 -0.6718 0.3583, -0.369 -0.6768 0.3583, -0.3778 -0.6702 0.3583, -0.3974 0.0495 0.3583, -0.3706 0.0495 0.3583, -0.3974 -0.7191 0.3583, -0.3861 -0.7074 0.3583, -0.3896 -0.7056 0.3583, -0.3959 -0.6833 0.3583, -0.3941 -0.6792 0.3583, -0.3914 -0.6757 0.3583, -0.3737 -0.708 0.3583, -0.3793 -0.7086 0.3583, -0.3822 -0.7084 0.3583, -0.392 -0.7035 0.3583, -0.3924 -0.7032 0.3583, -0.3946 -0.7 0.3583, -0.3961 -0.6961 0.3583, -0.3968 -0.6901 0.3583, -0.3967 -0.6882 0.3583, -0.3905 -0.6748 0.3583, -0.3871 -0.6724 0.3583, -0.3055 -0.6956 0.3583, -0.3073 -0.6995 0.3583, -0.3046 -0.6913 0.3583, -0.3035 -0.6706 0.3583, -0.3051 -0.6838 0.3583, -0.3045 -0.6889 0.3583, -0.3101 -0.7027 0.3583, -0.314 -0.7055 0.3583, -0.3177 -0.707 0.3583, -0.3101 -0.6758 0.3583, -0.3088 -0.6771 0.3583, -0.3065 -0.6803 0.3583, -0.3184 -0.6715 0.3583, -0.3177 -0.6718 0.3583, -0.314 -0.6731 0.3583, -0.3878 -0.7671 0.3583, -0.3879 -0.767 0.3583, -0.3909 -0.7421 0.3583, -0.3909 -0.7466 0.3583, -0.3792 -0.7654 0.3583, -0.3896 -0.7664 0.3583, -0.3912 -0.7653 0.3583, -0.3917 -0.7648 0.3583, -0.3789 -0.7399 0.3583, -0.377 -0.7405 0.3583, -0.3927 -0.7633 0.3583, -0.3932 -0.7618 0.3583, -0.3935 -0.7597 0.3583, -0.3754 -0.7414 0.3583, -0.3742 -0.7426 0.3583, -0.3733 -0.7441 0.3583, -0.3768 -0.7626 0.3583, -0.377 -0.7626 0.3583, -0.3777 -0.7638 0.3583, -0.3935 -0.759 0.3583, -0.3931 -0.757 0.3583, -0.3925 -0.7554 0.3583, -0.3915 -0.7541 0.3583, -0.3901 -0.7528 0.3583, -0.3881 -0.7518 0.3583, -0.3881 -0.7448 0.3583, -0.3847 -0.751 0.3583, -0.3806 -0.7436 0.3583, -0.3822 -0.7434 0.3583, -0.3852 -0.7438 0.3583, -0.3899 -0.7416 0.3583, -0.3865 -0.7402 0.3583, -0.3818 -0.7397 0.3583, -0.3722 -0.7667 0.3583, -0.3706 -0.7671 0.3583, -0.3722 -0.7497 0.3583, -0.3725 -0.7463 0.3583, -0.3768 -0.7499 0.3583, -0.377 -0.7479 0.3583, -0.3775 -0.7462 0.3583, -0.378 -0.7453 0.3583, -0.3787 -0.7445 0.3583, -0.3796 -0.744 0.3583, -0.3706 -0.7817 0.3583, -0.3827 -0.7671 0.3583, -0.3974 -0.7817 0.3583, -0.3851 -0.7674 0.3583, -0.3638 -0.7666 0.3583, -0.3659 -0.7658 0.3583, -0.3675 -0.7671 0.3583, -0.3659 -0.761 0.3583, -0.3641 -0.7622 0.3583, -0.3638 -0.7623 0.3583, -0.3638 -0.7524 0.3583, -0.3646 -0.7516 0.3583, -0.3652 -0.7506 0.3583, -0.3657 -0.7492 0.3583, -0.3659 -0.7474 0.3583, -0.3657 -0.7458 0.3583, -0.3638 -0.7524 0.3583, -0.3561 -0.7671 0.3583, -0.3587 -0.7674 0.3583, -0.3638 -0.7817 0.3583, -0.3614 -0.7671 0.3583, -0.3638 -0.7671 0.3583, -0.3631 -0.7669 0.3583, -0.3493 -0.7408 0.3583, -0.3493 -0.7453 0.3583, -0.3468 -0.7671 0.3583, -0.3629 -0.7418 0.3583, -0.3614 -0.7409 0.3583, -0.3483 -0.7614 0.3583, -0.3488 -0.7629 0.3583, -0.3651 -0.7443 0.3583, -0.3643 -0.743 0.3583, -0.3638 -0.7425 0.3583, -0.3588 -0.74 0.3583, -0.3556 -0.7397 0.3583, -0.3523 -0.74 0.3583, -0.3496 -0.7552 0.3583, -0.3487 -0.7564 0.3583, -0.3482 -0.7578 0.3583, -0.348 -0.7595 0.3583, -0.3497 -0.7641 0.3583, -0.351 -0.7653 0.3583, -0.3521 -0.7659 0.3583, -0.356 -0.7434 0.3583, -0.3574 -0.7435 0.3583, -0.3611 -0.747 0.3583, -0.3586 -0.7439 0.3583, -0.3597 -0.7444 0.3583, -0.3611 -0.7476 0.3583, -0.3609 -0.7483 0.3583, -0.3605 -0.749 0.3583, -0.3601 -0.7495 0.3583, -0.3585 -0.7505 0.3583, -0.353 -0.7438 0.3583, -0.3556 -0.7517 0.3583, -0.3504 -0.7447 0.3583, -0.3538 -0.7525 0.3583, -0.3507 -0.7542 0.3583, -0.3604 -0.745 0.3583, -0.3608 -0.7456 0.3583, -0.361 -0.7463 0.3583, -0.3612 -0.7632 0.3583, -0.3589 -0.7551 0.3583, -0.3616 -0.7538 0.3583, -0.3583 -0.7636 0.3583, -0.3581 -0.7636 0.3583, -0.3558 -0.7564 0.3583, -0.3557 -0.7633 0.3583, -0.3528 -0.76 0.3583, -0.3528 -0.7594 0.3583, -0.3545 -0.7629 0.3583, -0.3541 -0.7626 0.3583, -0.3535 -0.7621 0.3583, -0.3531 -0.7615 0.3583, -0.3529 -0.7609 0.3583, -0.3531 -0.7587 0.3583, -0.3534 -0.7581 0.3583, -0.354 -0.7575 0.3583, -0.325 -0.7403 0.3583, -0.3202 -0.7403 0.3583, -0.3354 -0.7671 0.3583, -0.3352 -0.7667 0.3583, -0.3456 -0.7403 0.3583, -0.3404 -0.7403 0.3583, -0.3335 -0.7602 0.3583, -0.3322 -0.7602 0.3583, -0.3329 -0.7623 0.3583, -0.3328 -0.7623 0.3583, -0.3326 -0.7614 0.3583, -0.3398 -0.779 0.3583, -0.3417 -0.7792 0.3583, -0.3468 -0.7817 0.3583, -0.3427 -0.7792 0.3583, -0.3391 -0.7741 0.3583, -0.3382 -0.7732 0.3583, -0.3373 -0.7715 0.3583, -0.3447 -0.7788 0.3583, -0.3447 -0.7747 0.3583, -0.3437 -0.775 0.3583, -0.342 -0.7752 0.3583, -0.3177 -0.7671 0.3583, -0.3308 -0.7671 0.3583, -0.3177 -0.7817 0.3583, -0.3322 -0.7707 0.3583, -0.3343 -0.7748 0.3583, -0.336 -0.7769 0.3583, -0.3363 -0.7772 0.3583, -0.338 -0.7783 0.3583, -0.3409 -0.7751 0.3583, -0.3399 -0.7747 0.3583, -0.3104 -0.7625 0.3583, -0.3035 -0.7625 0.3583, -0.3104 -0.75 0.3583, -0.3035 -0.75 0.3583, -0.2972 -0.7458 0.3583, -0.2972 -0.75 0.3583, -0.2918 -0.7671 0.3583, -0.2961 -0.7297 0.3583, -0.2961 -0.7339 0.3583, -0.2953 -0.7625 0.3583, -0.3035 -0.7339 0.3583, -0.3035 -0.7458 0.3583, -0.3104 -0.7339 0.3583, -0.3104 -0.7458 0.3583, -0.3152 -0.7667 0.3583, -0.3152 -0.7297 0.3583, -0.3035 -0.7297 0.3583, -0.433 -0.8366 0.3583, -0.433 -0.7817 0.3583, -0.3981 -0.8366 0.3583, -0.3981 -0.7817 0.3583, -0.3974 -0.8366 0.3583, -0.3706 -0.8366 0.3583, -0.3638 -0.8366 0.3583, -0.3468 -0.8366 0.3583, -0.3546 -0.7669 0.3583, -0.3177 -0.8366 0.3583, -0.3675 -0.8366 0.3583, -0.3675 -0.7817 0.3583, -0.3035 -0.8366 0.3583, -0.3035 -0.7817 0.3583, -0.2918 -0.8366 0.3583, -0.2918 -0.7817 0.3583, -0.2571 -0.8366 0.3583, 0.2332 -0.8366 0.3583, -0.2571 -0.7817 0.3583, 0.2332 -0.7817 0.3583, -0.2571 -0.7671 0.3583, 0.2332 -0.7671 0.3583, -0.2781 -0.7667 0.3583, -0.2883 -0.7667 0.3583, -0.2601 -0.7391 0.3583, -0.2582 -0.7501 0.3583, -0.2591 -0.7544 0.3583, -0.2609 -0.7583 0.3583, -0.2637 -0.7615 0.3583, -0.2676 -0.7643 0.3583, -0.2718 -0.766 0.3583, -0.2883 -0.7297 0.3583, -0.2777 -0.7297 0.3583, -0.272 -0.7303 0.3583, -0.2676 -0.7319 0.3583, -0.2637 -0.7346 0.3583, -0.2624 -0.7359 0.3583, -0.2507 -0.7667 0.3583, -0.256 -0.7667 0.3583, -0.2419 -0.7297 0.3583, 0.2332 -0.7191 0.3583, -0.2368 -0.7297 0.3583, -0.2227 -0.7667 0.3583, -0.228 -0.7667 0.3583, -0.2317 -0.7566 0.3583, -0.2472 -0.7566 0.3583, -0.4131 -0.7037 0.3583, -0.3983 -0.7037 0.3583, -0.4131 -0.6709 0.3583, -0.3981 -0.6706 0.3583, -0.4179 -0.6709 0.3583, -0.4179 -0.7079 0.3583, -0.3983 -0.7079 0.3583, -0.3695 -0.6765 0.3583, -0.3706 -0.6761 0.3583, 0.2332 -0.6706 0.3583, 0.689 -0.8366 0.3583, 0.689 -0.7817 0.3583, 0.689 -0.7671 0.3583, 0.689 -0.7191 0.3583, 0.689 -0.6706 0.3583, -0.3981 0.0495 0.3583, -0.433 0.0495 0.3583, -0.3675 0.0495 0.3583, -0.3638 0.0495 0.3583, -0.3468 0.0495 0.3583, -0.3177 0.0495 0.3583, -0.3035 0.0495 0.3583, -0.2918 0.0495 0.3583, -0.2571 0.0495 0.3583, 0.2332 0.0495 0.3583, 0.689 0.0495 0.3583, -0.4935 0.8189 0.3583, -0.4709 0.935 0.3583, -0.4955 0.8342 0.3583, -0.5014 0.8484 0.3583, -0.4955 0.8036 0.3583, -0.5821 0.7677 0.3583, -0.5943 0.7771 0.3583, -0.5373 0.8759 0.3583, -0.523 0.87 0.3583, -0.5108 0.8606 0.3583, -0.5014 0.7894 0.3583, -0.5108 0.7771 0.3583, -0.523 0.7677 0.3583, -0.5373 0.7618 0.3583, -0.5526 0.7598 0.3583, -0.5678 0.7618 0.3583, -0.5943 0.8606 0.3583, -0.689 0.935 0.3583, -0.6037 0.8484 0.3583, -0.6096 0.8342 0.3583, -0.5821 0.87 0.3583, -0.5678 0.8759 0.3583, -0.5526 0.8779 0.3583, -0.6037 0.7894 0.3583, -0.6096 0.8036 0.3583, -0.6116 0.8189 0.3583, -0.433 0.935 0.3583, -0.3981 0.935 0.3583, -0.3974 0.935 0.3583, -0.3706 0.935 0.3583, -0.3675 0.935 0.3583, -0.3638 0.935 0.3583, -0.3468 0.935 0.3583, -0.3177 0.935 0.3583, -0.3035 0.935 0.3583, -0.2918 0.935 0.3583, -0.2571 0.935 0.3583, 0.2332 0.935 0.3583, 0.689 0.935 0.3583, 0.3386 -0.8169 0.0236, 0.3386 -0.8366 0.0236, 0.2461 -0.8169 0.0236, 0.2461 -0.8366 0.0236, 0.3386 -0.8169 0.0039, 0.2461 -0.8169 0.0039, 0.3189 0.935 0.0236, 0.3189 0.9154 0.0236, 0.0689 0.935 0.0236, 0.0689 0.9154 0.0236, 0.3189 0.9154 0.0039, 0.0689 0.9154 0.0039, -0.0492 -0.8169 0.0236, -0.0492 -0.8366 0.0236, -0.1476 -0.8169 0.0236, -0.1476 -0.8366 0.0236, -0.0492 -0.8169 0.0039, -0.1476 -0.8169 0.0039, 0.0492 -0.8366 0.0236, 0.0492 -0.8169 0.0236, 0.1476 -0.8366 0.0236, 0.1476 -0.8169 0.0236, 0.0492 -0.8169 0.0039, 0.1476 -0.8169 0.0039, 0.4469 0.876 0.0039, 0.4469 0.9154 0.0039, 0.502 0.876 0.0039, 0.502 0.9154 0.0039, 0.6693 0.9154 0.0039, 0.6693 0.876 0.0039, 0.6299 0.9154 0.0039, 0.6299 0.876 0.0039, 0.4469 0.6988 0.0039, 0.4469 0.7579 0.0039, 0.502 0.6988 0.0039, 0.502 0.7579 0.0039, 0.6693 0.7579 0.0039, 0.6693 0.6988 0.0039, 0.6299 0.7579 0.0039, 0.6299 0.6988 0.0039, 0.502 0.9154 0.0236, 0.4469 0.9154 0.0236, 0.502 0.935 0.0236, 0.4469 0.935 0.0236, 0.6299 0.9154 0.0236, 0.6299 0.935 0.0236, 0.6693 0.9154 0.0236, 0.689 0.935 0.0236, 0.6693 0.876 0.0236, 0.689 0.876 0.0236, 0.6299 0.935 0.0827, -0.0689 0.935 0.0236, -0.3189 0.935 0.0236, -0.0689 0.935 0.0827, -0.3189 0.935 0.0827, -0.4469 0.935 0.0827, 0.502 0.935 0.0827, 0.4469 0.935 0.0827, 0.3189 0.935 0.0827, -0.6299 0.935 0.0236, -0.689 0.935 0.0236, -0.6299 0.935 0.0827, -0.502 0.935 0.0827, -0.502 0.935 0.0236, -0.4469 0.935 0.0236, 0.0689 0.935 0.0827
            ]
        }
        coordIndex [
            0,1,2,-1,3,4,5,-1,6,7,8,-1,9,10,11,-1,12,13,14,-1,15,16,17,-1,18,19,20,-1,20,19,21,-1,20,21,22,-1,23,24,25,-1,26,27,28,-1,25,24,26,-1,26,24,29,-1,26,29,27,-1,23,25,30,-1,30,25,31,-1,30,31,32,-1,31,33,34,-1,31,35,32,-1,32,35,36,-1,32,36,37,-1,37,36,38,-1,37,38,39,-1,34,40,31,-1,31,40,41,-1,31,41,35,-1,42,43,44,-1,42,44,45,-1,43,46,44,-1,44,46,47,-1,44,47,48,-1,48,47,49,-1,49,50,48,-1,48,50,51,-1,48,51,31,-1,31,51,52,-1,31,52,33,-1,53,45,54,-1,54,45,44,-1,54,44,55,-1,55,44,56,-1,55,56,57,-1,57,56,58,-1,59,60,56,-1,56,60,61,-1,56,61,58,-1,62,63,64,-1,64,63,65,-1,64,65,59,-1,59,65,66,-1,59,66,60,-1,67,68,69,-1,69,70,67,-1,67,70,71,-1,67,71,62,-1,72,73,74,-1,75,76,77,-1,77,76,78,-1,79,80,81,-1,81,80,82,-1,81,82,83,-1,72,74,84,-1,73,85,74,-1,74,85,86,-1,74,86,81,-1,81,86,87,-1,81,87,79,-1,88,89,90,-1,90,89,91,-1,90,91,92,-1,93,94,95,-1,95,94,96,-1,95,96,90,-1,90,96,97,-1,90,97,88,-1,98,99,100,-1,100,99,101,-1,101,102,100,-1,100,102,103,-1,100,103,104,-1,104,103,84,-1,104,84,105,-1,105,84,74,-1,93,106,94,-1,94,106,107,-1,94,107,76,-1,76,107,108,-1,76,108,78,-1,109,110,111,-1,111,110,112,-1,111,112,100,-1,100,112,113,-1,100,113,98,-1,83,114,81,-1,81,114,115,-1,81,115,116,-1,116,117,81,-1,81,117,118,-1,81,118,76,-1,76,118,119,-1,76,119,94,-1,120,121,122,-1,122,121,123,-1,119,124,121,-1,121,124,125,-1,119,121,94,-1,94,121,126,-1,94,126,127,-1,128,129,119,-1,119,129,130,-1,119,130,131,-1,125,132,121,-1,121,132,133,-1,121,133,123,-1,131,134,119,-1,119,134,135,-1,119,135,124,-1,136,137,138,-1,138,137,139,-1,138,139,140,-1,120,122,141,-1,141,122,142,-1,141,142,143,-1,143,142,144,-1,143,144,145,-1,127,146,94,-1,94,146,138,-1,94,138,147,-1,147,138,140,-1,118,148,119,-1,119,148,149,-1,119,149,150,-1,150,151,119,-1,119,151,152,-1,119,152,153,-1,153,154,119,-1,119,154,155,-1,119,155,128,-1,156,157,158,-1,159,160,161,-1,161,160,162,-1,161,162,111,-1,111,162,163,-1,111,163,109,-1,158,157,161,-1,161,157,164,-1,161,164,159,-1,22,165,20,-1,20,165,166,-1,20,166,167,-1,167,166,168,-1,168,169,167,-1,167,169,170,-1,167,170,158,-1,158,170,171,-1,158,171,156,-1,172,173,174,-1,161,175,176,-1,176,175,177,-1,178,179,180,-1,180,179,181,-1,180,181,182,-1,161,176,158,-1,158,176,183,-1,158,183,184,-1,184,183,185,-1,184,185,172,-1,177,175,186,-1,186,175,187,-1,186,187,188,-1,189,190,191,-1,191,190,192,-1,193,194,195,-1,195,194,196,-1,195,196,197,-1,197,196,2,-1,197,2,192,-1,192,2,198,-1,192,198,191,-1,199,200,201,-1,201,200,196,-1,201,196,202,-1,202,196,194,-1,203,204,205,-1,206,207,208,-1,209,210,211,-1,211,210,212,-1,211,212,213,-1,203,214,215,-1,215,214,208,-1,216,217,218,-1,206,208,219,-1,219,208,214,-1,219,214,220,-1,211,204,209,-1,209,204,203,-1,209,203,221,-1,221,203,215,-1,221,215,17,-1,17,215,222,-1,17,222,15,-1,218,203,216,-1,216,203,205,-1,216,205,223,-1,223,205,224,-1,223,224,225,-1,225,224,226,-1,207,206,227,-1,227,206,228,-1,227,228,226,-1,229,230,231,-1,232,233,234,-1,232,234,235,-1,233,236,234,-1,234,236,237,-1,234,237,238,-1,238,239,234,-1,234,239,240,-1,234,240,241,-1,241,242,234,-1,234,242,243,-1,234,243,244,-1,244,243,245,-1,245,243,246,-1,246,243,247,-1,246,247,248,-1,248,249,246,-1,246,249,250,-1,246,250,251,-1,251,250,252,-1,253,254,255,-1,255,254,256,-1,255,256,257,-1,257,256,258,-1,257,258,259,-1,10,260,261,-1,261,260,253,-1,261,253,262,-1,263,264,265,-1,266,267,11,-1,11,267,268,-1,13,269,14,-1,14,269,270,-1,14,270,263,-1,263,270,271,-1,263,271,264,-1,265,272,263,-1,263,272,273,-1,263,273,274,-1,274,275,263,-1,263,275,276,-1,263,276,11,-1,11,276,277,-1,11,277,266,-1,268,278,11,-1,11,278,279,-1,11,279,9,-1,280,281,200,-1,280,200,282,-1,283,284,285,-1,281,286,200,-1,200,286,287,-1,200,287,216,-1,216,287,288,-1,216,288,217,-1,289,290,283,-1,283,290,291,-1,283,291,284,-1,220,292,219,-1,219,292,293,-1,219,293,283,-1,283,293,294,-1,283,294,289,-1,189,191,199,-1,199,191,283,-1,199,283,200,-1,200,283,285,-1,200,285,282,-1,187,295,296,-1,181,188,263,-1,263,188,187,-1,263,187,297,-1,297,187,298,-1,6,8,299,-1,296,300,187,-1,187,300,301,-1,187,301,302,-1,303,304,14,-1,302,305,187,-1,187,305,306,-1,187,306,307,-1,304,308,14,-1,14,308,309,-1,14,309,310,-1,311,312,8,-1,8,312,313,-1,8,313,299,-1,307,314,187,-1,187,314,315,-1,187,315,298,-1,298,315,316,-1,298,316,317,-1,317,318,298,-1,298,318,319,-1,298,319,320,-1,320,319,321,-1,322,323,321,-1,321,323,324,-1,321,324,320,-1,297,325,263,-1,263,325,326,-1,263,326,14,-1,14,326,327,-1,14,327,303,-1,328,329,330,-1,330,329,14,-1,330,14,331,-1,331,14,310,-1,332,333,321,-1,321,333,334,-1,321,334,335,-1,335,336,321,-1,321,336,337,-1,321,337,322,-1,328,8,329,-1,329,8,7,-1,329,7,338,-1,338,7,339,-1,338,339,340,-1,340,339,341,-1,340,341,295,-1,342,343,344,-1,344,343,345,-1,344,345,231,-1,346,347,348,-1,349,350,345,-1,350,351,345,-1,345,351,352,-1,345,352,231,-1,231,352,353,-1,346,348,345,-1,345,348,354,-1,345,354,349,-1,355,356,357,-1,357,356,358,-1,357,358,359,-1,359,358,360,-1,361,362,363,-1,364,365,225,-1,363,366,367,-1,353,368,231,-1,231,368,369,-1,231,369,225,-1,225,369,370,-1,225,370,364,-1,365,371,225,-1,225,371,372,-1,225,372,223,-1,223,372,373,-1,223,373,361,-1,374,375,362,-1,362,375,376,-1,362,376,363,-1,363,376,377,-1,363,377,366,-1,367,378,363,-1,363,378,379,-1,363,379,380,-1,381,382,383,-1,383,382,384,-1,383,384,385,-1,383,386,381,-1,381,386,387,-1,381,387,388,-1,388,389,381,-1,381,389,390,-1,381,390,391,-1,391,390,392,-1,391,392,393,-1,393,392,394,-1,393,394,362,-1,362,394,395,-1,362,395,374,-1,396,397,385,-1,385,397,398,-1,385,398,383,-1,399,400,347,-1,347,400,401,-1,347,401,348,-1,399,402,400,-1,400,402,403,-1,400,403,404,-1,404,403,405,-1,404,406,407,-1,405,408,404,-1,404,408,409,-1,404,409,410,-1,410,411,404,-1,404,411,412,-1,404,412,406,-1,407,413,404,-1,404,413,414,-1,404,414,415,-1,416,417,216,-1,418,419,363,-1,363,419,420,-1,361,363,223,-1,223,363,420,-1,223,420,216,-1,216,420,421,-1,216,421,416,-1,416,421,422,-1,416,422,423,-1,424,425,422,-1,422,425,426,-1,422,426,423,-1,427,428,429,-1,429,428,430,-1,431,432,363,-1,363,432,433,-1,363,433,418,-1,430,434,429,-1,429,434,435,-1,429,435,363,-1,363,435,436,-1,363,436,437,-1,438,439,440,-1,440,439,441,-1,440,441,442,-1,442,443,440,-1,440,443,444,-1,440,444,445,-1,437,446,363,-1,363,446,447,-1,363,447,431,-1,448,449,450,-1,450,449,451,-1,452,453,454,-1,196,455,456,-1,451,449,453,-1,453,449,457,-1,453,457,454,-1,456,458,459,-1,459,458,460,-1,459,460,461,-1,438,462,463,-1,455,196,464,-1,464,196,200,-1,464,200,463,-1,463,200,216,-1,463,216,438,-1,438,216,417,-1,438,417,439,-1,62,64,67,-1,67,64,465,-1,67,465,466,-1,466,465,467,-1,466,467,468,-1,468,467,469,-1,468,469,340,-1,340,469,470,-1,340,470,338,-1,471,472,357,-1,357,472,429,-1,357,429,355,-1,355,429,363,-1,355,363,473,-1,473,363,380,-1,472,474,429,-1,429,474,440,-1,429,440,427,-1,427,440,445,-1,295,187,340,-1,340,187,175,-1,340,175,468,-1,468,175,161,-1,468,161,466,-1,466,161,111,-1,466,111,67,-1,67,111,100,-1,67,100,68,-1,475,471,476,-1,476,471,357,-1,476,357,344,-1,344,357,359,-1,344,359,342,-1,342,359,360,-1,474,477,440,-1,440,477,478,-1,440,478,438,-1,438,478,5,-1,438,5,462,-1,462,5,4,-1,477,479,478,-1,478,479,480,-1,478,480,5,-1,5,480,454,-1,5,454,3,-1,3,454,457,-1,481,482,483,-1,483,482,484,-1,483,484,485,-1,485,484,486,-1,470,475,338,-1,338,475,476,-1,338,476,329,-1,329,476,344,-1,329,344,14,-1,14,344,231,-1,14,231,12,-1,12,231,230,-1,487,488,454,-1,459,452,456,-1,456,452,454,-1,456,454,196,-1,196,454,488,-1,0,2,489,-1,1,490,485,-1,485,490,491,-1,485,491,492,-1,492,493,485,-1,485,493,494,-1,485,494,495,-1,495,487,485,-1,485,487,454,-1,485,454,483,-1,483,454,480,-1,483,480,481,-1,481,480,479,-1,488,496,196,-1,196,496,497,-1,196,497,2,-1,2,497,498,-1,2,498,499,-1,499,500,2,-1,2,500,501,-1,2,501,489,-1,502,503,485,-1,1,485,2,-1,2,485,503,-1,2,503,504,-1,505,506,486,-1,486,506,507,-1,486,507,485,-1,485,507,508,-1,485,508,502,-1,502,508,509,-1,502,509,510,-1,511,512,513,-1,513,512,514,-1,513,514,515,-1,515,514,167,-1,515,167,516,-1,516,167,158,-1,516,158,517,-1,517,158,184,-1,517,184,512,-1,512,184,514,-1,174,182,172,-1,172,182,181,-1,172,181,184,-1,184,181,263,-1,184,263,514,-1,514,263,11,-1,226,228,225,-1,225,228,257,-1,225,257,231,-1,231,257,259,-1,231,259,229,-1,229,259,518,-1,229,518,234,-1,234,518,519,-1,234,519,235,-1,504,506,2,-1,2,506,505,-1,2,505,198,-1,198,505,520,-1,482,521,484,-1,484,521,522,-1,484,522,486,-1,486,522,523,-1,486,523,505,-1,505,523,524,-1,505,524,520,-1,520,524,525,-1,10,261,11,-1,11,261,526,-1,11,526,514,-1,514,526,527,-1,514,527,167,-1,167,527,26,-1,167,26,20,-1,20,26,28,-1,20,28,18,-1,253,255,262,-1,262,255,257,-1,262,257,528,-1,528,257,228,-1,528,228,529,-1,529,228,206,-1,529,206,530,-1,530,206,219,-1,530,219,531,-1,531,219,283,-1,531,283,532,-1,532,283,191,-1,532,191,533,-1,533,191,198,-1,533,198,534,-1,534,198,520,-1,534,520,535,-1,535,520,525,-1,535,525,536,-1,537,538,539,-1,539,538,540,-1,537,541,26,-1,542,543,25,-1,544,545,538,-1,538,545,546,-1,538,546,540,-1,541,547,26,-1,26,547,548,-1,26,548,549,-1,549,550,26,-1,26,550,551,-1,26,551,25,-1,25,551,552,-1,25,552,542,-1,553,554,555,-1,555,554,556,-1,553,557,554,-1,554,557,558,-1,554,558,538,-1,538,558,559,-1,538,559,544,-1,543,560,25,-1,25,560,561,-1,25,561,554,-1,554,561,562,-1,554,562,556,-1,537,26,538,-1,538,26,527,-1,538,527,563,-1,563,527,526,-1,563,526,564,-1,564,526,261,-1,564,261,565,-1,565,261,262,-1,565,262,566,-1,566,262,528,-1,566,528,567,-1,567,528,529,-1,567,529,568,-1,568,529,530,-1,568,530,569,-1,569,530,531,-1,569,531,570,-1,570,531,532,-1,570,532,571,-1,571,532,533,-1,571,533,572,-1,572,533,534,-1,572,534,573,-1,573,534,535,-1,573,535,574,-1,574,535,536,-1,574,536,575,-1,576,577,578,-1,578,577,579,-1,580,576,581,-1,581,576,578,-1,582,583,584,-1,584,583,585,-1,583,586,585,-1,585,586,587,-1,588,589,590,-1,590,589,591,-1,592,588,593,-1,593,588,590,-1,594,595,596,-1,596,595,597,-1,595,598,597,-1,597,598,599,-1,600,601,602,-1,602,601,603,-1,604,605,606,-1,606,605,607,-1,608,609,610,-1,610,609,611,-1,612,613,614,-1,614,613,615,-1,616,617,618,-1,618,617,619,-1,620,621,622,-1,622,621,623,-1,622,623,624,-1,624,623,625,-1,603,601,616,-1,616,601,617,-1,620,622,606,-1,606,622,604,-1,623,621,626,-1,627,628,629,-1,629,628,630,-1,631,554,538,-1,632,618,619,-1,629,570,571,-1,633,634,574,-1,635,636,637,-1,637,636,554,-1,637,554,638,-1,638,554,631,-1,638,631,639,-1,639,631,640,-1,619,633,632,-1,632,633,574,-1,632,574,626,-1,626,574,575,-1,626,575,623,-1,571,572,629,-1,629,572,573,-1,629,573,641,-1,641,573,574,-1,641,574,584,-1,584,574,634,-1,584,634,582,-1,538,563,631,-1,631,563,564,-1,631,564,630,-1,630,564,565,-1,630,565,629,-1,629,565,566,-1,629,566,567,-1,567,568,629,-1,629,568,569,-1,629,569,570,-1,
        ]
    }
}
Shape{
    appearance Appearance {
        material  Material 	{
            diffuseColor 0.7529411764705882 0.7529411764705882 0.7529411764705882
            specularColor 0.3764705882352941 0.3764705882352941 0.3764705882352941
            ambientIntensity 0.7529
            transparency 0.0
            shininess 0.5
        }
    }
    geometry IndexedFaceSet {
        ccw TRUE
        solid FALSE
        coord DEF co Coordinate {
            point [
                0.4469 0.6988 0.0, 0.4469 0.6988 0.0039, 0.502 0.6988 0.0, 0.502 0.6988 0.0039, 0.6929 0.6988 0.0, 0.6299 0.6988 0.0, 0.6693 0.6988 0.0039, 0.6299 0.6988 0.0039, 0.689 0.6988 0.0827, 0.6929 0.6988 0.0827, 0.689 0.6988 0.0236, 0.6693 0.6988 0.0236, 0.4469 0.876 0.0, 0.4469 0.876 0.0039, 0.502 0.876 0.0, 0.502 0.876 0.0039, 0.6929 0.876 0.0, 0.6299 0.876 0.0, 0.6693 0.876 0.0039, 0.6299 0.876 0.0039, 0.689 0.876 0.0827, 0.6929 0.876 0.0827, 0.689 0.876 0.0236, 0.6693 0.876 0.0236, 0.4469 0.7579 0.0039, 0.4469 0.7579 0.0, 0.502 0.7579 0.0039, 0.502 0.7579 0.0, 0.6929 0.7579 0.0, 0.6929 0.7579 0.0827, 0.689 0.7579 0.0236, 0.689 0.7579 0.0827, 0.6299 0.7579 0.0039, 0.6299 0.7579 0.0, 0.6693 0.7579 0.0039, 0.6693 0.7579 0.0236
            ]
        }
        coordIndex [
            0,1,2,-1,2,1,3,-1,4,5,6,-1,6,5,7,-1,8,9,10,-1,10,9,4,-1,10,4,11,-1,11,4,6,-1,12,13,14,-1,14,13,15,-1,16,17,18,-1,18,17,19,-1,20,21,22,-1,22,21,16,-1,22,16,23,-1,23,16,18,-1,24,25,26,-1,26,25,27,-1,28,29,30,-1,30,29,31,-1,32,33,34,-1,34,33,28,-1,34,28,35,-1,35,28,30,-1,
        ]
    }
}
Shape{
    appearance Appearance {
        material  Material 	{
            diffuseColor 0.25098039215686274 0.25098039215686274 0.25098039215686274
            specularColor 0.12549019607843137 0.12549019607843137 0.12549019607843137
            ambientIntensity 0.251
            transparency 0.0
            shininess 0.5
        }
    }
    geometry IndexedFaceSet {
        ccw TRUE
        solid FALSE
        coord DEF co Coordinate {
            point [
                0.4469 -0.2067 0.0039, 0.6693 -0.2067 0.0039, 0.6693 -0.3051 0.0039, 0.6693 -0.4035 0.0039, 0.6693 -0.502 0.0039, 0.4469 -0.4035 0.0039, 0.4469 -0.502 0.0039, 0.1476 -0.8169 0.0039, 0.0492 -0.8169 0.0039, 0.1476 -0.6732 0.0039, 0.0492 -0.6043 0.0039, -0.3681 0.187 0.0039, -0.3681 0.3445 0.0039, -0.0689 0.9154 0.0039, 0.3386 -0.8169 0.0039, 0.2461 -0.8169 0.0039, 0.3386 -0.6988 0.0039, 0.2461 -0.6732 0.0039, 0.0689 0.9154 0.0039, 0.3189 0.9154 0.0039, 0.0689 -0.1339 0.0039, 0.3189 0.5807 0.0039, -0.3189 0.9154 0.0039, -0.3189 0.5807 0.0039, -0.6693 0.5807 0.0039, -0.6693 0.3445 0.0039, -0.0492 -0.8169 0.0039, -0.1476 -0.8169 0.0039, -0.0492 -0.6043 0.0039, -0.1476 -0.6732 0.0039, 0.6693 -0.6004 0.0039, 0.6693 -0.6988 0.0039, 0.4469 -0.6004 0.0039, 0.4469 -0.3051 0.0039, -0.6693 -0.1083 0.0039, -0.6693 0.187 0.0039, -0.4469 -0.1083 0.0039, -0.0689 -0.1339 0.0039, 0.3681 0.187 0.0039, 0.3681 0.3445 0.0039, 0.6693 0.3445 0.0039, 0.6693 0.5807 0.0039, -0.6693 -0.3051 0.0039, -0.6693 -0.2067 0.0039, -0.4469 -0.3051 0.0039, -0.4469 -0.2067 0.0039, -0.3386 -0.6988 0.0039, -0.6693 -0.6988 0.0039, -0.6693 -0.6004 0.0039, -0.4469 -0.6004 0.0039, -0.2461 -0.6732 0.0039, -0.3386 -0.8169 0.0039, -0.2461 -0.8169 0.0039, -0.6693 -0.502 0.0039, -0.6693 -0.4035 0.0039, -0.4469 -0.502 0.0039, -0.4469 -0.4035 0.0039, 0.4469 -0.1083 0.0039, 0.6693 -0.1083 0.0039, 0.6693 0.187 0.0039, -0.3189 0.9154 0.0236, -0.3189 0.935 0.0236, -0.0689 0.9154 0.0236, -0.0689 0.935 0.0236, 0.689 -0.7817 0.3583, 0.689 -0.8366 0.3583, 0.689 -0.7776 0.0827, 0.689 -0.8366 0.0236, 0.689 -0.7776 0.0236, 0.689 0.0495 0.3583, 0.689 -0.6706 0.3583, 0.689 -0.6988 0.0827, 0.689 -0.7191 0.3583, 0.689 -0.7671 0.3583, 0.689 -0.3051 0.0827, 0.689 -0.3051 0.0236, 0.689 -0.2067 0.0236, 0.689 -0.6988 0.0236, 0.689 -0.6004 0.0236, 0.689 -0.6004 0.0827, 0.689 -0.502 0.0827, 0.689 -0.2067 0.0827, 0.689 -0.4035 0.0827, 0.689 -0.4035 0.0236, 0.689 -0.502 0.0236, 0.689 -0.1083 0.0236, 0.689 0.187 0.0236, 0.689 0.187 0.0827, 0.689 -0.1083 0.0827, 0.689 0.3445 0.0827, 0.689 0.3445 0.0236, 0.689 0.5807 0.0236, 0.689 0.5807 0.0827, 0.689 0.6988 0.0827, 0.689 0.935 0.3583, 0.689 0.876 0.0236, 0.689 0.935 0.0236, 0.689 0.876 0.0827, 0.689 0.7579 0.0827, 0.689 0.7579 0.0236, 0.689 0.6988 0.0236, 0.6693 0.7579 0.0236, 0.6693 0.6988 0.0236, 0.6693 0.876 0.0039, 0.6693 0.9154 0.0039, 0.6693 0.876 0.0236, 0.6693 0.9154 0.0236, 0.6693 0.7579 0.0039, 0.6693 0.6988 0.0039, 0.6693 0.5807 0.0236, 0.6693 0.3445 0.0236, 0.6693 0.187 0.0236, 0.6693 -0.1083 0.0236, 0.5118 -0.8366 0.0236, 0.4567 -0.8366 0.0236, 0.5118 -0.8169 0.0236, 0.4567 -0.8169 0.0236, 0.6693 -0.7776 0.0236, 0.6693 -0.8169 0.0236, 0.6299 -0.8169 0.0236, 0.6299 -0.8366 0.0236, 0.4567 -0.8169 0.0039, 0.4567 -0.7776 0.0039, 0.5118 -0.8169 0.0039, 0.5118 -0.7776 0.0039, 0.6693 -0.7776 0.0039, 0.6693 -0.8169 0.0039, 0.6299 -0.7776 0.0039, 0.6299 -0.8169 0.0039, -0.3386 -0.8366 0.0827, -0.3386 -0.8366 0.0236, -0.2461 -0.8366 0.0236, -0.1476 -0.8366 0.0827, -0.1476 -0.8366 0.0236, -0.0492 -0.8366 0.0236, -0.689 -0.8366 0.0236, -0.6299 -0.8366 0.0236, -0.6299 -0.8366 0.0827, 0.0492 -0.8366 0.0827, 0.0492 -0.8366 0.0236, 0.1476 -0.8366 0.0236, -0.5118 -0.8366 0.0827, -0.4709 -0.8366 0.3583, -0.689 -0.8366 0.3583, -0.3035 -0.8366 0.3583, -0.3177 -0.8366 0.3583, -0.0492 -0.8366 0.0827, -0.5118 -0.8366 0.0236, -0.4567 -0.8366 0.0236, -0.4567 -0.8366 0.0827, 0.4567 -0.8366 0.0827, -0.2461 -0.8366 0.0827, -0.3468 -0.8366 0.3583, -0.3638 -0.8366 0.3583, 0.2461 -0.8366 0.0236, 0.3386 -0.8366 0.0236, 0.2461 -0.8366 0.0827, 0.3386 -0.8366 0.0827, 0.1476 -0.8366 0.0827, -0.2571 -0.8366 0.3583, -0.2918 -0.8366 0.3583, 0.6299 -0.8366 0.0827, 0.5118 -0.8366 0.0827, 0.2332 -0.8366 0.3583, -0.3675 -0.8366 0.3583, -0.3706 -0.8366 0.3583, -0.3974 -0.8366 0.3583, -0.3981 -0.8366 0.3583, -0.433 -0.8366 0.3583
            ]
        }
        coordIndex [
            0,1,2,-1,3,4,5,-1,5,4,6,-1,7,8,9,-1,9,8,10,-1,11,12,13,-1,14,15,16,-1,16,15,17,-1,18,19,20,-1,20,19,21,-1,22,13,23,-1,23,13,12,-1,23,12,24,-1,24,12,25,-1,26,27,28,-1,28,27,29,-1,30,31,32,-1,32,31,16,-1,32,16,6,-1,6,16,17,-1,6,17,5,-1,5,17,33,-1,34,35,36,-1,36,35,11,-1,33,17,20,-1,20,17,9,-1,20,9,37,-1,38,20,39,-1,39,20,21,-1,39,21,40,-1,40,21,41,-1,42,43,44,-1,44,43,45,-1,46,47,48,-1,48,49,46,-1,46,49,50,-1,46,50,51,-1,51,50,52,-1,53,54,55,-1,55,54,56,-1,2,33,0,-1,0,33,20,-1,0,20,57,-1,57,20,38,-1,57,38,58,-1,58,38,59,-1,13,37,11,-1,11,37,9,-1,11,9,36,-1,36,9,10,-1,36,10,45,-1,45,10,28,-1,45,28,44,-1,44,28,29,-1,44,29,56,-1,56,29,50,-1,56,50,55,-1,55,50,49,-1,60,61,62,-1,62,61,63,-1,22,60,13,-1,13,60,62,-1,64,65,66,-1,66,65,67,-1,66,67,68,-1,69,70,71,-1,71,70,72,-1,71,72,66,-1,66,72,73,-1,66,73,64,-1,74,75,76,-1,77,78,71,-1,71,78,79,-1,71,79,69,-1,69,79,80,-1,76,81,74,-1,74,81,69,-1,74,69,82,-1,82,69,80,-1,82,80,83,-1,83,80,84,-1,85,86,87,-1,85,87,88,-1,89,90,91,-1,92,93,94,-1,91,92,89,-1,89,92,94,-1,89,94,87,-1,87,94,69,-1,87,69,88,-1,88,69,81,-1,95,96,97,-1,97,96,94,-1,97,94,98,-1,98,94,93,-1,98,93,99,-1,99,93,100,-1,99,100,101,-1,101,100,102,-1,103,104,105,-1,105,104,106,-1,101,102,107,-1,107,102,108,-1,91,90,109,-1,109,90,110,-1,109,110,41,-1,41,110,40,-1,86,85,111,-1,111,85,112,-1,111,112,59,-1,59,112,58,-1,113,114,115,-1,115,114,116,-1,117,68,118,-1,118,68,67,-1,118,67,119,-1,119,67,120,-1,121,122,123,-1,123,122,124,-1,125,126,127,-1,127,126,128,-1,115,116,123,-1,123,116,121,-1,128,126,119,-1,119,126,118,-1,129,130,131,-1,132,133,134,-1,135,136,137,-1,138,139,140,-1,141,142,137,-1,137,142,143,-1,137,143,135,-1,144,145,146,-1,147,148,149,-1,150,114,113,-1,131,151,129,-1,129,151,142,-1,129,142,149,-1,149,142,141,-1,149,141,147,-1,134,146,132,-1,132,146,145,-1,132,145,151,-1,151,145,152,-1,151,152,153,-1,154,155,156,-1,156,155,157,-1,140,158,138,-1,138,158,159,-1,138,159,146,-1,146,159,160,-1,146,160,144,-1,120,67,161,-1,161,67,65,-1,161,65,162,-1,162,65,163,-1,153,164,151,-1,151,164,165,-1,151,165,166,-1,158,156,159,-1,159,156,157,-1,159,157,163,-1,163,157,150,-1,163,150,162,-1,162,150,113,-1,166,167,151,-1,151,167,168,-1,151,168,142,-1,
        ]
    }
}
Shape{
    appearance Appearance {
        material  Material 	{
            diffuseColor 0.7529411764705882 0.7529411764705882 0.7529411764705882
            specularColor 0.3764705882352941 0.3764705882352941 0.3764705882352941
            ambientIntensity 0.7529
            transparency 0.0
            shininess 0.5
        }
    }
    geometry IndexedFaceSet {
        ccw TRUE
        solid FALSE
        coord DEF co Coordinate {
            point [
                0.4567 -0.7776 0.0039, 0.4567 -0.7776 0.0, 0.5118 -0.7776 0.0039, 0.5118 -0.7776 0.0, 0.6929 -0.7776 0.0, 0.6929 -0.7776 0.0827, 0.689 -0.7776 0.0236, 0.689 -0.7776 0.0827, 0.6299 -0.7776 0.0039, 0.6299 -0.7776 0.0, 0.6693 -0.7776 0.0039, 0.6693 -0.7776 0.0236
            ]
        }
        coordIndex [
            0,1,2,-1,2,1,3,-1,4,5,6,-1,6,5,7,-1,8,9,10,-1,10,9,4,-1,10,4,11,-1,11,4,6,-1,
        ]
    }
}
Shape{
    appearance Appearance {
        material  Material 	{
            diffuseColor 0.25098039215686274 0.25098039215686274 0.25098039215686274
            specularColor 0.12549019607843137 0.12549019607843137 0.12549019607843137
            ambientIntensity 0.251
            transparency 0.0
            shininess 0.5
        }
    }
    geometry IndexedFaceSet {
        ccw TRUE
        solid FALSE
        coord DEF co Coordinate {
            point [
                -0.3386 -0.8366 0.0236, -0.3386 -0.8169 0.0236, -0.2461 -0.8366 0.0236, -0.2461 -0.8169 0.0236, -0.3386 -0.8169 0.0039, -0.2461 -0.8169 0.0039, 0.6693 -0.6988 0.0236, 0.6693 -0.6004 0.0236, 0.689 -0.6988 0.0236, 0.689 -0.6004 0.0236, 0.6693 -0.6988 0.0039, 0.6693 -0.6004 0.0039, 0.6693 -0.7776 0.0236, 0.6693 -0.8169 0.0236, 0.6693 -0.7776 0.0039, 0.6693 -0.8169 0.0039, 0.6693 -0.502 0.0236, 0.6693 -0.4035 0.0236, 0.689 -0.502 0.0236, 0.689 -0.4035 0.0236, 0.6693 -0.502 0.0039, 0.6693 -0.4035 0.0039, 0.6693 -0.3051 0.0236, 0.6693 -0.2067 0.0236, 0.689 -0.3051 0.0236, 0.689 -0.2067 0.0236, 0.6693 -0.3051 0.0039, 0.6693 -0.2067 0.0039, -0.502 0.9154 0.0039, -0.4469 0.9154 0.0039, -0.502 0.876 0.0039, -0.4469 0.876 0.0039, -0.4469 0.935 0.0236, -0.4469 0.9154 0.0236, -0.502 0.935 0.0236, -0.502 0.9154 0.0236, -0.502 0.7579 0.0039, -0.4469 0.7579 0.0039, -0.502 0.6988 0.0039, -0.4469 0.6988 0.0039
            ]
        }
        coordIndex [
            0,1,2,-1,2,1,3,-1,1,4,3,-1,3,4,5,-1,6,7,8,-1,8,7,9,-1,10,11,6,-1,6,11,7,-1,12,13,14,-1,14,13,15,-1,16,17,18,-1,18,17,19,-1,20,21,16,-1,16,21,17,-1,22,23,24,-1,24,23,25,-1,26,27,22,-1,22,27,23,-1,28,29,30,-1,30,29,31,-1,32,33,34,-1,34,33,35,-1,36,37,38,-1,38,37,39,-1,33,29,35,-1,35,29,28,-1,
        ]
    }
}
Shape{
    appearance Appearance {
        material  Material 	{
            diffuseColor 0.7529411764705882 0.7529411764705882 0.7529411764705882
            specularColor 0.3764705882352941 0.3764705882352941 0.3764705882352941
            ambientIntensity 0.7529
            transparency 0.0
            shininess 0.5
        }
    }
    geometry IndexedFaceSet {
        ccw TRUE
        solid FALSE
        coord DEF co Coordinate {
            point [
                -0.4469 0.6988 0.0039, -0.4469 0.6988 0.0, -0.502 0.6988 0.0039, -0.502 0.6988 0.0, -0.4469 0.7579 0.0, -0.4469 0.7579 0.0039, -0.502 0.7579 0.0, -0.502 0.7579 0.0039, -0.4469 0.876 0.0039, -0.4469 0.876 0.0, -0.502 0.876 0.0039, -0.502 0.876 0.0
            ]
        }
        coordIndex [
            0,1,2,-1,2,1,3,-1,4,5,6,-1,6,5,7,-1,8,9,10,-1,10,9,11,-1,
        ]
    }
}
Shape{
    appearance Appearance {
        material  Material 	{
            diffuseColor 0.25098039215686274 0.25098039215686274 0.25098039215686274
            specularColor 0.12549019607843137 0.12549019607843137 0.12549019607843137
            ambientIntensity 0.251
            transparency 0.0
            shininess 0.5
        }
    }
    geometry IndexedFaceSet {
        ccw TRUE
        solid FALSE
        coord DEF co Coordinate {
            point [
                -0.6299 0.876 0.0039, -0.6693 0.876 0.0039, -0.6299 0.9154 0.0039, -0.6693 0.9154 0.0039, -0.6693 0.6988 0.0236, -0.689 0.6988 0.0236, -0.6693 0.7579 0.0236, -0.689 0.7579 0.0236, -0.6693 0.6988 0.0039, -0.6693 0.7579 0.0039, -0.6693 0.3445 0.0236, -0.689 0.3445 0.0236, -0.6693 0.5807 0.0236, -0.689 0.5807 0.0236, -0.6693 0.3445 0.0039, -0.6693 0.5807 0.0039, -0.6693 -0.1083 0.0236, -0.689 -0.1083 0.0236, -0.6693 0.187 0.0236, -0.689 0.187 0.0236, -0.6693 -0.1083 0.0039, -0.6693 0.187 0.0039, -0.4567 -0.8169 0.0236, -0.4567 -0.8366 0.0236, -0.5118 -0.8169 0.0236, -0.5118 -0.8366 0.0236, -0.4567 -0.8169 0.0039, -0.5118 -0.8169 0.0039, -0.5118 -0.7776 0.0039, -0.4567 -0.7776 0.0039
            ]
        }
        coordIndex [
            0,1,2,-1,2,1,3,-1,4,5,6,-1,6,5,7,-1,8,4,9,-1,9,4,6,-1,10,11,12,-1,12,11,13,-1,14,10,15,-1,15,10,12,-1,16,17,18,-1,18,17,19,-1,20,16,21,-1,21,16,18,-1,22,23,24,-1,24,23,25,-1,26,22,27,-1,27,22,24,-1,28,29,27,-1,27,29,26,-1,
        ]
    }
}
Shape{
    appearance Appearance {
        material  Material 	{
            diffuseColor 0.7529411764705882 0.7529411764705882 0.7529411764705882
            specularColor 0.3764705882352941 0.3764705882352941 0.3764705882352941
            ambientIntensity 0.7529
            transparency 0.0
            shininess 0.5
        }
    }
    geometry IndexedFaceSet {
        ccw TRUE
        solid FALSE
        coord DEF co Coordinate {
            point [
                -0.4567 -0.7776 0.0, -0.4567 -0.7776 0.0039, -0.5118 -0.7776 0.0, -0.5118 -0.7776 0.0039
            ]
        }
        coordIndex [
            0,1,2,-1,2,1,3,-1,
        ]
    }
}
Shape{
    appearance Appearance {
        material  Material 	{
            diffuseColor 0.25098039215686274 0.25098039215686274 0.25098039215686274
            specularColor 0.12549019607843137 0.12549019607843137 0.12549019607843137
            ambientIntensity 0.251
            transparency 0.0
            shininess 0.5
        }
    }
    geometry IndexedFaceSet {
        ccw TRUE
        solid FALSE
        coord DEF co Coordinate {
            point [
                -0.6693 0.876 0.0236, -0.689 0.876 0.0236, -0.6693 0.9154 0.0236, -0.689 0.935 0.0236, -0.6299 0.9154 0.0236, -0.6299 0.935 0.0236, -0.6299 0.6988 0.0039, -0.6693 0.6988 0.0039, -0.6299 0.7579 0.0039, -0.6693 0.7579 0.0039, -0.6693 -0.8169 0.0039, -0.6693 -0.8169 0.0236, -0.6693 -0.7776 0.0039, -0.6693 -0.7776 0.0236, -0.6299 -0.8169 0.0236, -0.6299 -0.8366 0.0236, -0.689 -0.8366 0.0236, -0.689 -0.7776 0.0236, -0.6693 -0.6004 0.0236, -0.6693 -0.6004 0.0039, -0.6693 -0.6988 0.0236, -0.6693 -0.6988 0.0039, -0.689 -0.6004 0.0236, -0.689 -0.6988 0.0236, -0.6693 -0.4035 0.0236, -0.6693 -0.4035 0.0039, -0.6693 -0.502 0.0236, -0.6693 -0.502 0.0039, -0.689 -0.4035 0.0236, -0.689 -0.502 0.0236, -0.6693 -0.2067 0.0236, -0.6693 -0.2067 0.0039, -0.6693 -0.3051 0.0236, -0.6693 -0.3051 0.0039, -0.689 0.876 0.0827, -0.689 0.7579 0.0827, -0.689 0.0495 0.3583, -0.689 0.935 0.3583, -0.689 0.5807 0.0827, -0.689 0.5807 0.0236, -0.689 0.3445 0.0236, -0.689 0.3445 0.0827, -0.689 0.187 0.0827, -0.689 0.6988 0.0827, -0.689 0.6988 0.0236, -0.689 0.7579 0.0236, -0.689 -0.2067 0.0827, -0.689 -0.2067 0.0236, -0.689 -0.3051 0.0236, -0.689 -0.3051 0.0827, -0.689 -0.6706 0.3583, -0.689 -0.1083 0.0827, -0.689 -0.1083 0.0236, -0.689 0.187 0.0236, -0.689 -0.4035 0.0827, -0.689 -0.502 0.0827, -0.689 -0.6004 0.0827, -0.689 -0.8366 0.3583, -0.689 -0.7817 0.3583, -0.689 -0.7776 0.0827, -0.689 -0.6988 0.0827, -0.689 -0.7191 0.3583, -0.689 -0.7671 0.3583, -0.6299 -0.8169 0.0039, -0.6693 0.9154 0.0039, -0.6299 0.9154 0.0039, -0.6693 0.876 0.0039, -0.6299 -0.7776 0.0039
            ]
        }
        coordIndex [
            0,1,2,-1,2,1,3,-1,2,3,4,-1,4,3,5,-1,6,7,8,-1,8,7,9,-1,10,11,12,-1,12,11,13,-1,14,15,11,-1,11,15,16,-1,11,16,13,-1,13,16,17,-1,18,19,20,-1,20,19,21,-1,22,18,23,-1,23,18,20,-1,24,25,26,-1,26,25,27,-1,28,24,29,-1,29,24,26,-1,30,31,32,-1,32,31,33,-1,3,1,34,-1,35,36,34,-1,34,36,37,-1,34,37,3,-1,38,39,40,-1,41,42,36,-1,40,41,38,-1,38,41,36,-1,38,36,43,-1,43,36,35,-1,43,35,44,-1,44,35,45,-1,46,47,48,-1,48,49,46,-1,46,49,50,-1,46,50,51,-1,51,50,36,-1,51,36,52,-1,52,36,42,-1,52,42,53,-1,28,29,54,-1,54,29,55,-1,56,57,58,-1,17,16,59,-1,59,16,57,-1,59,57,60,-1,60,57,56,-1,60,56,23,-1,23,56,22,-1,49,54,50,-1,50,54,55,-1,50,55,61,-1,61,55,56,-1,61,56,62,-1,62,56,58,-1,47,30,48,-1,48,30,32,-1,11,10,14,-1,14,10,63,-1,64,2,65,-1,65,2,4,-1,2,64,0,-1,0,64,66,-1,63,10,67,-1,67,10,12,-1,
        ]
    }
}
Shape{
    appearance Appearance {
        material  Material 	{
            diffuseColor 0.7529411764705882 0.7529411764705882 0.7529411764705882
            specularColor 0.3764705882352941 0.3764705882352941 0.3764705882352941
            ambientIntensity 0.7529
            transparency 0.0
            shininess 0.5
        }
    }
    geometry IndexedFaceSet {
        ccw TRUE
        solid FALSE
        coord DEF co Coordinate {
            point [
                -0.6929 -0.1083 0.0827, -0.6929 -0.2067 0.0827, -0.689 -0.1083 0.0827, -0.689 -0.2067 0.0827, -0.6929 -0.2067 0.0, -0.4469 -0.2067 0.0, -0.6693 -0.2067 0.0039, -0.4469 -0.2067 0.0039, -0.689 -0.2067 0.0236, -0.6693 -0.2067 0.0236, -0.4469 -0.1083 0.0, -0.4469 -0.1083 0.0039, -0.6929 -0.1083 0.0, -0.689 -0.1083 0.0236, -0.6693 -0.1083 0.0039, -0.6693 -0.1083 0.0236, -0.6929 -0.3051 0.0827, -0.6929 -0.4035 0.0827, -0.689 -0.3051 0.0827, -0.689 -0.4035 0.0827, -0.6929 -0.4035 0.0, -0.4469 -0.4035 0.0, -0.6693 -0.4035 0.0039, -0.4469 -0.4035 0.0039, -0.689 -0.4035 0.0236, -0.6693 -0.4035 0.0236, -0.4469 -0.3051 0.0, -0.4469 -0.3051 0.0039, -0.6929 -0.3051 0.0, -0.689 -0.3051 0.0236, -0.6693 -0.3051 0.0039, -0.6693 -0.3051 0.0236, -0.6929 -0.502 0.0827, -0.6929 -0.6004 0.0827, -0.689 -0.502 0.0827, -0.689 -0.6004 0.0827, -0.6929 -0.6004 0.0, -0.4469 -0.6004 0.0, -0.6693 -0.6004 0.0039, -0.4469 -0.6004 0.0039, -0.689 -0.6004 0.0236, -0.6693 -0.6004 0.0236, -0.4469 -0.502 0.0, -0.4469 -0.502 0.0039, -0.6929 -0.502 0.0, -0.689 -0.502 0.0236, -0.6693 -0.502 0.0039, -0.6693 -0.502 0.0236, -0.6929 -0.6988 0.0827, -0.6929 -0.7776 0.0827, -0.689 -0.6988 0.0827, -0.689 -0.7776 0.0827, -0.6929 -0.7776 0.0, -0.6299 -0.7776 0.0, -0.6693 -0.7776 0.0039, -0.6299 -0.7776 0.0039, -0.689 -0.7776 0.0236, -0.6693 -0.7776 0.0236, -0.3386 -0.8406 0.0, -0.3386 -0.6988 0.0, -0.3386 -0.8169 0.0039, -0.3386 -0.6988 0.0039, -0.3386 -0.8366 0.0827, -0.3386 -0.8406 0.0827, -0.3386 -0.8366 0.0236, -0.3386 -0.8169 0.0236, -0.6929 -0.6988 0.0, -0.689 -0.6988 0.0236, -0.6693 -0.6988 0.0039, -0.6693 -0.6988 0.0236, -0.5118 -0.7776 0.0, -0.5118 -0.8406 0.0, -0.6299 -0.8406 0.0, -0.4567 -0.7776 0.0, -0.4567 -0.8406 0.0, -0.4567 -0.8366 0.0827, -0.4567 -0.8406 0.0827, -0.4567 -0.8366 0.0236, -0.4567 -0.7776 0.0039, -0.4567 -0.8169 0.0039, -0.4567 -0.8169 0.0236, -0.6299 -0.8366 0.0827, -0.6299 -0.8406 0.0827, -0.5118 -0.8366 0.0827, -0.5118 -0.8406 0.0827, -0.5118 -0.8169 0.0039, -0.5118 -0.7776 0.0039, -0.5118 -0.8366 0.0236, -0.5118 -0.8169 0.0236, -0.6299 -0.8366 0.0236, -0.6299 -0.8169 0.0039, -0.6299 -0.8169 0.0236, -0.3681 0.187 0.0, -0.3681 0.3445 0.0, -0.3681 0.187 0.0039, -0.3681 0.3445 0.0039, -0.6929 0.3445 0.0827, -0.6929 0.187 0.0827, -0.689 0.3445 0.0827, -0.689 0.187 0.0827, -0.6929 0.187 0.0, -0.6693 0.187 0.0039, -0.689 0.187 0.0236, -0.6693 0.187 0.0236, -0.6929 0.3445 0.0, -0.689 0.3445 0.0236, -0.6693 0.3445 0.0039, -0.6693 0.3445 0.0236, -0.3189 0.939 0.0, -0.3189 0.939 0.0827, -0.3189 0.935 0.0236, -0.3189 0.935 0.0827, -0.3189 0.5807 0.0039, -0.3189 0.5807 0.0, -0.3189 0.9154 0.0039, -0.3189 0.9154 0.0236, -0.6929 0.6988 0.0827, -0.6929 0.5807 0.0827, -0.689 0.6988 0.0827, -0.689 0.5807 0.0827, -0.6929 0.5807 0.0, -0.6693 0.5807 0.0039, -0.689 0.5807 0.0236, -0.6693 0.5807 0.0236, -0.6929 0.6988 0.0, -0.689 0.6988 0.0236, -0.6299 0.6988 0.0039, -0.6299 0.6988 0.0, -0.6693 0.6988 0.0039, -0.6693 0.6988 0.0236, -0.502 0.876 0.0, -0.4469 0.7579 0.0, -0.502 0.7579 0.0, -0.6299 0.876 0.0, -0.6299 0.939 0.0, -0.502 0.939 0.0, -0.6299 0.7579 0.0, -0.6929 0.7579 0.0, -0.6929 0.876 0.0, -0.4469 0.939 0.0, -0.4469 0.876 0.0, -0.4469 0.6988 0.0, -0.502 0.6988 0.0, -0.6929 0.876 0.0827, -0.6929 0.7579 0.0827, -0.689 0.876 0.0827, -0.689 0.7579 0.0827, -0.6693 0.7579 0.0039, -0.6299 0.7579 0.0039, -0.689 0.7579 0.0236, -0.6693 0.7579 0.0236, -0.689 0.876 0.0236, -0.6299 0.876 0.0039, -0.6693 0.876 0.0039, -0.6693 0.876 0.0236, -0.4469 0.939 0.0827, -0.4469 0.9154 0.0039, -0.4469 0.876 0.0039, -0.4469 0.935 0.0827, -0.4469 0.935 0.0236, -0.4469 0.9154 0.0236, -0.4469 0.7579 0.0039, -0.4469 0.6988 0.0039, -0.6299 0.939 0.0827, -0.502 0.939 0.0827, -0.6299 0.9154 0.0039, -0.6299 0.935 0.0827, -0.6299 0.935 0.0236, -0.6299 0.9154 0.0236, -0.502 0.935 0.0236, -0.502 0.935 0.0827, -0.502 0.876 0.0039, -0.502 0.9154 0.0039, -0.502 0.9154 0.0236, -0.502 0.6988 0.0039, -0.502 0.7579 0.0039, 0.4469 -0.1083 0.0039, 0.4469 -0.1083 0.0, 0.4469 -0.2067 0.0039, 0.4469 -0.2067 0.0, 0.6929 -0.2067 0.0827, 0.6929 -0.1083 0.0827, 0.689 -0.2067 0.0827, 0.689 -0.1083 0.0827, 0.6693 -0.1083 0.0039, 0.6693 -0.1083 0.0236, 0.689 -0.1083 0.0236, 0.6929 -0.1083 0.0, 0.6929 -0.2067 0.0, 0.689 -0.2067 0.0236, 0.6693 -0.2067 0.0039, 0.6693 -0.2067 0.0236, 0.4469 -0.3051 0.0039, 0.4469 -0.3051 0.0, 0.4469 -0.4035 0.0039, 0.4469 -0.4035 0.0, 0.6929 -0.4035 0.0827, 0.6929 -0.3051 0.0827, 0.689 -0.4035 0.0827, 0.689 -0.3051 0.0827, 0.6693 -0.3051 0.0039, 0.6693 -0.3051 0.0236, 0.689 -0.3051 0.0236, 0.6929 -0.3051 0.0, 0.6929 -0.4035 0.0, 0.689 -0.4035 0.0236, 0.6693 -0.4035 0.0039, 0.6693 -0.4035 0.0236, 0.4469 -0.502 0.0039, 0.4469 -0.502 0.0, 0.4469 -0.6004 0.0039, 0.4469 -0.6004 0.0, 0.6929 -0.6004 0.0827, 0.6929 -0.502 0.0827, 0.689 -0.6004 0.0827, 0.689 -0.502 0.0827, 0.6693 -0.502 0.0039, 0.6693 -0.502 0.0236, 0.689 -0.502 0.0236, 0.6929 -0.502 0.0, 0.6929 -0.6004 0.0, 0.689 -0.6004 0.0236, 0.6693 -0.6004 0.0039, 0.6693 -0.6004 0.0236, 0.3386 -0.8406 0.0, 0.3386 -0.8406 0.0827, 0.3386 -0.8366 0.0236, 0.3386 -0.8366 0.0827, 0.3386 -0.6988 0.0039, 0.3386 -0.6988 0.0, 0.3386 -0.8169 0.0039, 0.3386 -0.8169 0.0236, 0.6929 -0.7776 0.0827, 0.6929 -0.6988 0.0827, 0.689 -0.7776 0.0827, 0.689 -0.6988 0.0827, 0.6693 -0.6988 0.0039, 0.6693 -0.6988 0.0236, 0.689 -0.6988 0.0236, 0.6929 -0.6988 0.0, 0.6929 -0.7776 0.0, 0.6299 -0.7776 0.0, 0.4567 -0.8406 0.0, 0.4567 -0.7776 0.0, 0.5118 -0.7776 0.0, 0.5118 -0.8406 0.0, 0.6299 -0.8406 0.0, 0.4567 -0.8366 0.0827, 0.4567 -0.8406 0.0827, 0.4567 -0.8169 0.0039, 0.4567 -0.7776 0.0039, 0.4567 -0.8366 0.0236, 0.4567 -0.8169 0.0236, 0.5118 -0.8366 0.0827, 0.5118 -0.8406 0.0827, 0.6299 -0.8366 0.0827, 0.6299 -0.8406 0.0827, 0.5118 -0.8366 0.0236, 0.5118 -0.8169 0.0236, 0.5118 -0.8169 0.0039, 0.5118 -0.7776 0.0039, 0.6299 -0.8169 0.0039, 0.6299 -0.7776 0.0039, 0.6299 -0.8366 0.0236, 0.6299 -0.8169 0.0236, 0.3681 0.3445 0.0039, 0.3681 0.3445 0.0, 0.3681 0.187 0.0039, 0.3681 0.187 0.0, 0.6929 0.187 0.0827, 0.6929 0.3445 0.0827, 0.689 0.187 0.0827, 0.689 0.3445 0.0827, 0.6693 0.3445 0.0039, 0.6693 0.3445 0.0236, 0.689 0.3445 0.0236, 0.6929 0.3445 0.0, 0.6929 0.187 0.0, 0.689 0.187 0.0236, 0.6693 0.187 0.0039, 0.6693 0.187 0.0236, 0.3189 0.939 0.0, 0.3189 0.5807 0.0, 0.3189 0.9154 0.0039, 0.3189 0.5807 0.0039, 0.3189 0.935 0.0827, 0.3189 0.939 0.0827, 0.3189 0.935 0.0236, 0.3189 0.9154 0.0236, 0.6929 0.5807 0.0827, 0.6929 0.6988 0.0827, 0.689 0.5807 0.0827, 0.689 0.6988 0.0827, 0.6929 0.5807 0.0, 0.689 0.5807 0.0236, 0.6693 0.5807 0.0039, 0.6693 0.5807 0.0236, 0.6929 0.6988 0.0, 0.502 0.876 0.0, 0.502 0.939 0.0, 0.6299 0.939 0.0, 0.6299 0.6988 0.0, 0.6929 0.876 0.0, 0.6929 0.7579 0.0, 0.6299 0.876 0.0, 0.6299 0.7579 0.0, 0.502 0.6988 0.0, 0.502 0.7579 0.0, 0.4469 0.939 0.0, 0.4469 0.876 0.0, 0.4469 0.6988 0.0, 0.4469 0.7579 0.0, 0.6929 0.7579 0.0827, 0.6929 0.876 0.0827, 0.689 0.7579 0.0827, 0.689 0.876 0.0827, 0.4469 0.6988 0.0039, 0.4469 0.7579 0.0039, 0.4469 0.939 0.0827, 0.4469 0.935 0.0827, 0.4469 0.935 0.0236, 0.4469 0.876 0.0039, 0.4469 0.9154 0.0039, 0.4469 0.9154 0.0236, 0.6299 0.6988 0.0039, 0.6299 0.7579 0.0039, 0.502 0.7579 0.0039, 0.502 0.6988 0.0039, 0.6299 0.939 0.0827, 0.502 0.939 0.0827, 0.6299 0.935 0.0827, 0.502 0.935 0.0827, 0.502 0.9154 0.0039, 0.502 0.9154 0.0236, 0.502 0.935 0.0236, 0.502 0.876 0.0039, 0.6299 0.935 0.0236, 0.6299 0.876 0.0039, 0.6299 0.9154 0.0039, 0.6299 0.9154 0.0236, 0.0492 -0.6043 0.0, -0.0492 -0.6043 0.0, 0.0492 -0.6043 0.0039, -0.0492 -0.6043 0.0039, -0.0492 -0.8406 0.0827, 0.0492 -0.8406 0.0827, -0.0492 -0.8366 0.0827, 0.0492 -0.8366 0.0827, 0.0492 -0.8406 0.0, 0.0492 -0.8169 0.0039, 0.0492 -0.8366 0.0236, 0.0492 -0.8169 0.0236, -0.0492 -0.8406 0.0, -0.0492 -0.8366 0.0236, -0.0492 -0.8169 0.0039, -0.0492 -0.8169 0.0236, -0.1476 -0.6732 0.0, -0.2461 -0.6732 0.0, -0.1476 -0.6732 0.0039, -0.2461 -0.6732 0.0039, -0.2461 -0.8406 0.0827, -0.1476 -0.8406 0.0827, -0.2461 -0.8366 0.0827, -0.1476 -0.8366 0.0827, -0.1476 -0.8406 0.0, -0.1476 -0.8169 0.0039, -0.1476 -0.8366 0.0236, -0.1476 -0.8169 0.0236, -0.2461 -0.8406 0.0, -0.2461 -0.8366 0.0236, -0.2461 -0.8169 0.0039, -0.2461 -0.8169 0.0236, 0.0689 0.935 0.0827, 0.0689 0.939 0.0827, -0.0689 0.935 0.0827, -0.0689 0.939 0.0827, -0.0689 -0.1339 0.0, 0.0689 -0.1339 0.0, -0.0689 -0.1339 0.0039, 0.0689 -0.1339 0.0039, 0.0689 0.939 0.0, 0.0689 0.935 0.0236, 0.0689 0.9154 0.0039, 0.0689 0.9154 0.0236, -0.0689 0.939 0.0, -0.0689 0.9154 0.0039, -0.0689 0.935 0.0236, -0.0689 0.9154 0.0236, 0.2461 -0.6732 0.0, 0.1476 -0.6732 0.0, 0.2461 -0.6732 0.0039, 0.1476 -0.6732 0.0039, 0.2461 -0.8406 0.0, 0.2461 -0.8169 0.0039, 0.2461 -0.8366 0.0827, 0.2461 -0.8406 0.0827, 0.2461 -0.8366 0.0236, 0.2461 -0.8169 0.0236, 0.1476 -0.8406 0.0, 0.1476 -0.8406 0.0827, 0.1476 -0.8366 0.0236, 0.1476 -0.8366 0.0827, 0.1476 -0.8169 0.0039, 0.1476 -0.8169 0.0236
            ]
        }
        coordIndex [
            0,1,2,-1,2,1,3,-1,4,5,6,-1,6,5,7,-1,3,1,8,-1,8,1,4,-1,8,4,9,-1,9,4,6,-1,5,10,7,-1,7,10,11,-1,12,0,13,-1,13,0,2,-1,11,10,14,-1,14,10,12,-1,14,12,15,-1,15,12,13,-1,4,1,12,-1,12,1,0,-1,10,5,12,-1,12,5,4,-1,16,17,18,-1,18,17,19,-1,20,21,22,-1,22,21,23,-1,19,17,24,-1,24,17,20,-1,24,20,25,-1,25,20,22,-1,21,26,23,-1,23,26,27,-1,28,16,29,-1,29,16,18,-1,27,26,30,-1,30,26,28,-1,30,28,31,-1,31,28,29,-1,20,17,28,-1,28,17,16,-1,26,21,28,-1,28,21,20,-1,32,33,34,-1,34,33,35,-1,36,37,38,-1,38,37,39,-1,35,33,40,-1,40,33,36,-1,40,36,41,-1,41,36,38,-1,37,42,39,-1,39,42,43,-1,44,32,45,-1,45,32,34,-1,43,42,46,-1,46,42,44,-1,46,44,47,-1,47,44,45,-1,36,33,44,-1,44,33,32,-1,42,37,44,-1,44,37,36,-1,48,49,50,-1,50,49,51,-1,52,53,54,-1,54,53,55,-1,51,49,56,-1,56,49,52,-1,56,52,57,-1,57,52,54,-1,58,59,60,-1,60,59,61,-1,62,63,64,-1,64,63,58,-1,64,58,65,-1,65,58,60,-1,66,48,67,-1,67,48,50,-1,61,59,68,-1,68,59,66,-1,68,66,69,-1,69,66,67,-1,52,49,66,-1,66,49,48,-1,53,52,66,-1,70,71,72,-1,72,53,70,-1,70,53,66,-1,70,66,73,-1,73,66,59,-1,73,59,74,-1,74,59,58,-1,75,76,62,-1,62,76,63,-1,74,76,77,-1,77,76,75,-1,78,73,79,-1,79,73,74,-1,79,74,80,-1,80,74,77,-1,58,63,74,-1,74,63,76,-1,81,82,83,-1,83,82,84,-1,71,70,85,-1,85,70,86,-1,83,84,87,-1,87,84,71,-1,87,71,88,-1,88,71,85,-1,72,82,89,-1,89,82,81,-1,55,53,90,-1,90,53,72,-1,90,72,91,-1,91,72,89,-1,71,84,72,-1,72,84,82,-1,92,93,94,-1,94,93,95,-1,96,97,98,-1,98,97,99,-1,100,92,101,-1,101,92,94,-1,99,97,102,-1,102,97,100,-1,102,100,103,-1,103,100,101,-1,104,96,105,-1,105,96,98,-1,95,93,106,-1,106,93,104,-1,106,104,107,-1,107,104,105,-1,100,97,104,-1,104,97,96,-1,93,92,104,-1,104,92,100,-1,108,109,110,-1,110,109,111,-1,112,113,114,-1,114,113,108,-1,114,108,115,-1,115,108,110,-1,116,117,118,-1,118,117,119,-1,120,113,121,-1,121,113,112,-1,119,117,122,-1,122,117,120,-1,122,120,123,-1,123,120,121,-1,124,116,125,-1,125,116,118,-1,126,127,128,-1,128,127,124,-1,128,124,129,-1,129,124,125,-1,120,117,124,-1,124,117,116,-1,130,131,132,-1,133,134,135,-1,113,120,124,-1,136,137,138,-1,139,108,140,-1,140,108,113,-1,130,140,131,-1,131,140,113,-1,131,113,141,-1,141,113,142,-1,124,127,113,-1,113,127,136,-1,113,136,142,-1,142,136,138,-1,142,138,132,-1,132,138,133,-1,132,133,130,-1,130,133,135,-1,143,144,145,-1,145,144,146,-1,137,136,147,-1,147,136,148,-1,146,144,149,-1,149,144,137,-1,149,137,150,-1,150,137,147,-1,138,143,151,-1,151,143,145,-1,152,133,153,-1,153,133,138,-1,153,138,154,-1,154,138,151,-1,137,144,138,-1,138,144,143,-1,139,155,108,-1,108,155,109,-1,139,140,156,-1,156,140,157,-1,158,155,159,-1,159,155,139,-1,159,139,160,-1,160,139,156,-1,109,155,111,-1,111,155,158,-1,131,141,161,-1,161,141,162,-1,134,163,135,-1,135,163,164,-1,134,133,165,-1,165,133,152,-1,166,163,167,-1,167,163,134,-1,167,134,168,-1,168,134,165,-1,135,164,169,-1,169,164,170,-1,171,130,172,-1,172,130,135,-1,172,135,173,-1,173,135,169,-1,164,163,170,-1,170,163,166,-1,142,132,174,-1,174,132,175,-1,136,127,148,-1,148,127,126,-1,176,177,178,-1,178,177,179,-1,180,181,182,-1,182,181,183,-1,184,185,186,-1,183,181,186,-1,186,181,187,-1,186,187,184,-1,184,187,177,-1,184,177,176,-1,188,180,189,-1,189,180,182,-1,178,179,190,-1,190,179,188,-1,190,188,191,-1,191,188,189,-1,187,181,188,-1,188,181,180,-1,179,177,188,-1,188,177,187,-1,192,193,194,-1,194,193,195,-1,196,197,198,-1,198,197,199,-1,200,201,202,-1,199,197,202,-1,202,197,203,-1,202,203,200,-1,200,203,193,-1,200,193,192,-1,204,196,205,-1,205,196,198,-1,194,195,206,-1,206,195,204,-1,206,204,207,-1,207,204,205,-1,203,197,204,-1,204,197,196,-1,195,193,204,-1,204,193,203,-1,208,209,210,-1,210,209,211,-1,212,213,214,-1,214,213,215,-1,216,217,218,-1,215,213,218,-1,218,213,219,-1,218,219,216,-1,216,219,209,-1,216,209,208,-1,220,212,221,-1,221,212,214,-1,210,211,222,-1,222,211,220,-1,222,220,223,-1,223,220,221,-1,219,213,220,-1,220,213,212,-1,211,209,220,-1,220,209,219,-1,224,225,226,-1,226,225,227,-1,228,229,230,-1,230,229,224,-1,230,224,231,-1,231,224,226,-1,232,233,234,-1,234,233,235,-1,236,237,238,-1,235,233,238,-1,238,233,239,-1,238,239,236,-1,236,239,229,-1,236,229,228,-1,239,233,240,-1,240,233,232,-1,229,239,241,-1,241,239,240,-1,242,224,243,-1,243,224,229,-1,243,229,244,-1,244,229,241,-1,244,241,245,-1,245,241,246,-1,227,225,247,-1,247,225,248,-1,242,243,249,-1,249,243,250,-1,247,248,251,-1,251,248,242,-1,251,242,252,-1,252,242,249,-1,242,248,224,-1,224,248,225,-1,253,254,255,-1,255,254,256,-1,257,258,259,-1,260,244,259,-1,259,244,245,-1,259,245,257,-1,257,245,254,-1,257,254,253,-1,246,241,261,-1,261,241,262,-1,255,256,263,-1,263,256,246,-1,263,246,264,-1,264,246,261,-1,246,256,245,-1,245,256,254,-1,265,266,267,-1,267,266,268,-1,269,270,271,-1,271,270,272,-1,273,274,275,-1,272,270,275,-1,275,270,276,-1,275,276,273,-1,273,276,266,-1,273,266,265,-1,277,269,278,-1,278,269,271,-1,267,268,279,-1,279,268,277,-1,279,277,280,-1,280,277,278,-1,276,270,277,-1,277,270,269,-1,268,266,277,-1,277,266,276,-1,281,282,283,-1,283,282,284,-1,285,286,287,-1,287,286,281,-1,287,281,288,-1,288,281,283,-1,289,290,291,-1,291,290,292,-1,293,289,294,-1,294,289,291,-1,284,282,295,-1,295,282,293,-1,295,293,296,-1,296,293,294,-1,297,290,293,-1,293,290,289,-1,298,299,300,-1,301,297,293,-1,302,303,304,-1,304,303,305,-1,306,307,305,-1,281,308,309,-1,305,301,306,-1,306,301,293,-1,306,293,310,-1,310,293,282,-1,310,282,311,-1,311,282,281,-1,311,281,307,-1,307,281,309,-1,307,309,305,-1,305,309,298,-1,305,298,304,-1,304,298,300,-1,312,313,314,-1,314,313,315,-1,302,313,303,-1,303,313,312,-1,316,310,317,-1,317,310,311,-1,318,286,319,-1,319,286,285,-1,308,318,320,-1,320,318,319,-1,321,309,322,-1,322,309,308,-1,322,308,323,-1,323,308,320,-1,281,286,308,-1,308,286,318,-1,324,301,325,-1,325,301,305,-1,326,307,327,-1,327,307,306,-1,328,329,330,-1,330,329,331,-1,332,333,334,-1,331,329,334,-1,334,329,299,-1,334,299,332,-1,332,299,298,-1,332,298,335,-1,300,328,336,-1,336,328,330,-1,337,304,338,-1,338,304,300,-1,338,300,339,-1,339,300,336,-1,299,329,300,-1,300,329,328,-1,340,341,342,-1,342,341,343,-1,344,345,346,-1,346,345,347,-1,348,340,349,-1,349,340,342,-1,347,345,350,-1,350,345,348,-1,350,348,351,-1,351,348,349,-1,352,344,353,-1,353,344,346,-1,343,341,354,-1,354,341,352,-1,354,352,355,-1,355,352,353,-1,348,345,352,-1,352,345,344,-1,352,341,348,-1,348,341,340,-1,356,357,358,-1,358,357,359,-1,360,361,362,-1,362,361,363,-1,364,356,365,-1,365,356,358,-1,363,361,366,-1,366,361,364,-1,366,364,367,-1,367,364,365,-1,368,360,369,-1,369,360,362,-1,359,357,370,-1,370,357,368,-1,370,368,371,-1,371,368,369,-1,364,361,368,-1,368,361,360,-1,368,357,364,-1,364,357,356,-1,372,373,374,-1,374,373,375,-1,376,377,378,-1,378,377,379,-1,380,373,381,-1,381,373,372,-1,379,377,382,-1,382,377,380,-1,382,380,383,-1,383,380,381,-1,384,376,385,-1,385,376,378,-1,374,375,386,-1,386,375,384,-1,386,384,387,-1,387,384,385,-1,384,375,380,-1,380,375,373,-1,376,384,377,-1,377,384,380,-1,388,389,390,-1,390,389,391,-1,392,388,393,-1,393,388,390,-1,394,395,396,-1,396,395,392,-1,396,392,397,-1,397,392,393,-1,398,399,400,-1,400,399,401,-1,391,389,402,-1,402,389,398,-1,402,398,403,-1,403,398,400,-1,401,399,394,-1,394,399,395,-1,392,395,398,-1,398,395,399,-1,398,389,392,-1,392,389,388,-1,
        ]
    }
}
Shape{
    appearance Appearance {
        material  Material 	{
            diffuseColor 1.0 1.0 1.0
            specularColor 0.5019607843137255 0.5019607843137255 0.5019607843137255
            ambientIntensity 1.0
            transparency 0.0
            shininess 0.5
        }
    }
    geometry IndexedFaceSet {
        ccw TRUE
        solid FALSE
        coord DEF co Coordinate {
            point [
                -0.6116 0.8189 0.3543, -0.6116 0.8189 0.3583, -0.6096 0.8036 0.3543, -0.6096 0.8036 0.3583, -0.6037 0.7894 0.3543, -0.6037 0.7894 0.3583, -0.5943 0.7771 0.3543, -0.5943 0.7771 0.3583, -0.5821 0.7677 0.3543, -0.5821 0.7677 0.3583, -0.5678 0.7618 0.3543, -0.5678 0.7618 0.3583, -0.5526 0.7598 0.3543, -0.5526 0.7598 0.3583, -0.5373 0.7618 0.3543, -0.5373 0.7618 0.3583, -0.523 0.7677 0.3543, -0.523 0.7677 0.3583, -0.5108 0.7771 0.3543, -0.5108 0.7771 0.3583, -0.5014 0.7894 0.3543, -0.5014 0.7894 0.3583, -0.4955 0.8036 0.3543, -0.4955 0.8036 0.3583, -0.4935 0.8189 0.3543, -0.4935 0.8189 0.3583, -0.4955 0.8342 0.3543, -0.4955 0.8342 0.3583, -0.5014 0.8484 0.3543, -0.5014 0.8484 0.3583, -0.5108 0.8606 0.3543, -0.5108 0.8606 0.3583, -0.523 0.87 0.3543, -0.523 0.87 0.3583, -0.5373 0.8759 0.3543, -0.5373 0.8759 0.3583, -0.5526 0.8779 0.3543, -0.5526 0.8779 0.3583, -0.5678 0.8759 0.3543, -0.5678 0.8759 0.3583, -0.5821 0.87 0.3543, -0.5821 0.87 0.3583, -0.5943 0.8606 0.3543, -0.5943 0.8606 0.3583, -0.6037 0.8484 0.3543, -0.6037 0.8484 0.3583, -0.6096 0.8342 0.3543, -0.6096 0.8342 0.3583, -0.5526 0.8189 0.3543, -0.3983 -0.7037 0.3622, -0.3983 -0.7079 0.3622, -0.3983 -0.7037 0.3583, -0.3983 -0.7079 0.3583, -0.4131 -0.7037 0.3622, -0.4131 -0.7037 0.3583, -0.4131 -0.6709 0.3622, -0.4131 -0.6709 0.3583, -0.4179 -0.6709 0.3622, -0.4179 -0.6709 0.3583, -0.4179 -0.7079 0.3622, -0.4179 -0.7079 0.3583, -0.369 -0.7064 0.3583, -0.369 -0.7064 0.3622, -0.3697 -0.7067 0.3622, -0.3793 -0.7086 0.3622, -0.3793 -0.7086 0.3583, -0.3737 -0.708 0.3583, -0.3737 -0.708 0.3622, -0.3706 -0.707 0.3583, -0.3697 -0.7067 0.3583, -0.369 -0.7018 0.3622, -0.369 -0.7018 0.3583, -0.3706 -0.7025 0.3583, -0.3727 -0.7035 0.3622, -0.3727 -0.7035 0.3583, -0.3769 -0.7042 0.3583, -0.3769 -0.7042 0.3622, -0.3786 -0.7043 0.3583, -0.3786 -0.7043 0.3622, -0.3819 -0.704 0.3583, -0.3819 -0.704 0.3622, -0.3846 -0.703 0.3583, -0.3846 -0.703 0.3622, -0.3871 -0.7014 0.3583, -0.3871 -0.7014 0.3622, -0.3881 -0.7004 0.3583, -0.3881 -0.7004 0.3622, -0.3898 -0.6981 0.3583, -0.3898 -0.6981 0.3622, -0.3911 -0.6951 0.3583, -0.3911 -0.6951 0.3622, -0.3917 -0.6915 0.3583, -0.3917 -0.6915 0.3622, -0.3918 -0.6898 0.3583, -0.3918 -0.6898 0.3622, -0.3912 -0.6847 0.3583, -0.3912 -0.6847 0.3622, -0.3899 -0.6815 0.3583, -0.3899 -0.6815 0.3622, -0.3881 -0.679 0.3583, -0.3881 -0.679 0.3622, -0.3879 -0.6787 0.3583, -0.3879 -0.6787 0.3622, -0.3856 -0.6767 0.3583, -0.3856 -0.6767 0.3622, -0.3827 -0.6753 0.3583, -0.3827 -0.6753 0.3622, -0.3795 -0.6746 0.3583, -0.3795 -0.6746 0.3622, -0.3778 -0.6746 0.3583, -0.3778 -0.6746 0.3622, -0.369 -0.6768 0.3583, -0.369 -0.6768 0.3622, -0.3695 -0.6765 0.3622, -0.3732 -0.6751 0.3583, -0.3732 -0.6751 0.3622, -0.3706 -0.6761 0.3583, -0.3695 -0.6765 0.3583, -0.369 -0.6718 0.3622, -0.369 -0.6718 0.3583, -0.3706 -0.6713 0.3583, -0.373 -0.6706 0.3622, -0.3778 -0.6702 0.3583, -0.3778 -0.6702 0.3622, -0.3738 -0.6706 0.3583, -0.373 -0.6706 0.3583, -0.3804 -0.6706 0.3583, -0.3832 -0.6709 0.3622, -0.3832 -0.6709 0.3583, -0.3871 -0.6724 0.3583, -0.3871 -0.6724 0.3622, -0.3905 -0.6748 0.3583, -0.3905 -0.6748 0.3622, -0.3914 -0.6757 0.3583, -0.3914 -0.6757 0.3622, -0.3941 -0.6792 0.3583, -0.3941 -0.6792 0.3622, -0.3959 -0.6833 0.3583, -0.3959 -0.6833 0.3622, -0.3967 -0.6882 0.3583, -0.3967 -0.6882 0.3622, -0.3968 -0.6901 0.3583, -0.3968 -0.6901 0.3622, -0.3961 -0.6961 0.3583, -0.3961 -0.6961 0.3622, -0.3946 -0.7 0.3583, -0.3946 -0.7 0.3622, -0.3924 -0.7032 0.3583, -0.3924 -0.7032 0.3622, -0.392 -0.7035 0.3583, -0.392 -0.7035 0.3622, -0.3896 -0.7056 0.3583, -0.3896 -0.7056 0.3622, -0.3861 -0.7074 0.3583, -0.3861 -0.7074 0.3622, -0.3822 -0.7084 0.3583, -0.3822 -0.7084 0.3622, -0.3417 -0.7037 0.3622, -0.3417 -0.7079 0.3622, -0.3417 -0.7037 0.3583, -0.3417 -0.7079 0.3583, -0.3568 -0.7037 0.3583, -0.3568 -0.7037 0.3622, -0.3468 -0.7037 0.3583, -0.3568 -0.6912 0.3622, -0.3568 -0.6912 0.3583, -0.3436 -0.6912 0.3622, -0.3468 -0.6912 0.3583, -0.3436 -0.6912 0.3583, -0.3436 -0.687 0.3622, -0.3436 -0.687 0.3583, -0.3568 -0.687 0.3583, -0.3568 -0.687 0.3622, -0.3468 -0.687 0.3583, -0.3568 -0.6751 0.3622, -0.3568 -0.6751 0.3583, -0.3425 -0.6751 0.3622, -0.3468 -0.6751 0.3583, -0.3425 -0.6751 0.3583, -0.3425 -0.6709 0.3622, -0.3425 -0.6709 0.3583, -0.3616 -0.6709 0.3583, -0.3616 -0.6709 0.3622, -0.3468 -0.6709 0.3583, -0.3616 -0.7079 0.3622, -0.3616 -0.7079 0.3583, -0.3468 -0.7079 0.3583, -0.3101 -0.7027 0.3622, -0.3139 -0.7003 0.3622, -0.314 -0.7055 0.3622, -0.3163 -0.7019 0.3622, -0.3182 -0.7072 0.3622, -0.3194 -0.7031 0.3622, -0.3245 -0.7079 0.3622, -0.3245 -0.7037 0.3622, -0.3347 -0.7079 0.3622, -0.3299 -0.7037 0.3622, -0.3347 -0.6709 0.3622, -0.3299 -0.6751 0.3622, -0.3241 -0.6709 0.3622, -0.3243 -0.6751 0.3622, -0.324 -0.6751 0.3622, -0.3184 -0.6715 0.3622, -0.3192 -0.6757 0.3622, -0.314 -0.6731 0.3622, -0.316 -0.677 0.3622, -0.3101 -0.6758 0.3622, -0.3136 -0.6786 0.3622, -0.3088 -0.6771 0.3622, -0.3126 -0.6796 0.3622, -0.3065 -0.6803 0.3622, -0.3111 -0.6817 0.3622, -0.3051 -0.6838 0.3622, -0.3101 -0.6844 0.3622, -0.3045 -0.6889 0.3622, -0.3095 -0.6891 0.3622, -0.3046 -0.6913 0.3622, -0.3097 -0.6916 0.3622, -0.3055 -0.6956 0.3622, -0.3104 -0.6949 0.3622, -0.3073 -0.6995 0.3622, -0.3117 -0.6977 0.3622, -0.3135 -0.6998 0.3622, -0.3245 -0.7079 0.3583, -0.3347 -0.7079 0.3583, -0.3101 -0.7027 0.3583, -0.3182 -0.7072 0.3583, -0.3177 -0.707 0.3583, -0.314 -0.7055 0.3583, -0.3073 -0.6995 0.3583, -0.3055 -0.6956 0.3583, -0.3046 -0.6913 0.3583, -0.3045 -0.6889 0.3583, -0.3051 -0.6838 0.3583, -0.3065 -0.6803 0.3583, -0.3088 -0.6771 0.3583, -0.3101 -0.6758 0.3583, -0.3241 -0.6709 0.3583, -0.314 -0.6731 0.3583, -0.3177 -0.6718 0.3583, -0.3184 -0.6715 0.3583, -0.3347 -0.6709 0.3583, -0.3243 -0.6751 0.3583, -0.3299 -0.6751 0.3583, -0.3299 -0.7037 0.3583, -0.3245 -0.7037 0.3583, -0.3135 -0.6998 0.3583, -0.3139 -0.7003 0.3583, -0.3163 -0.7019 0.3583, -0.3194 -0.7031 0.3583, -0.3095 -0.6891 0.3583, -0.3097 -0.6916 0.3583, -0.3104 -0.6949 0.3583, -0.3117 -0.6977 0.3583, -0.3136 -0.6786 0.3583, -0.3126 -0.6796 0.3583, -0.3111 -0.6817 0.3583, -0.3101 -0.6844 0.3583, -0.324 -0.6751 0.3583, -0.3192 -0.6757 0.3583, -0.316 -0.677 0.3583
            ]
        }
        coordIndex [
            0,1,2,-1,2,1,3,-1,2,3,4,-1,4,3,5,-1,4,5,6,-1,6,5,7,-1,6,7,8,-1,8,7,9,-1,8,9,10,-1,10,9,11,-1,10,11,12,-1,12,11,13,-1,12,13,14,-1,14,13,15,-1,14,15,16,-1,16,15,17,-1,16,17,18,-1,18,17,19,-1,18,19,20,-1,20,19,21,-1,20,21,22,-1,22,21,23,-1,22,23,24,-1,24,23,25,-1,24,25,26,-1,26,25,27,-1,26,27,28,-1,28,27,29,-1,28,29,30,-1,30,29,31,-1,30,31,32,-1,32,31,33,-1,32,33,34,-1,34,33,35,-1,34,35,36,-1,36,35,37,-1,36,37,38,-1,38,37,39,-1,38,39,40,-1,40,39,41,-1,40,41,42,-1,42,41,43,-1,42,43,44,-1,44,43,45,-1,44,45,46,-1,46,45,47,-1,46,47,0,-1,0,47,1,-1,44,46,48,-1,48,46,0,-1,48,0,2,-1,38,40,48,-1,48,40,42,-1,48,42,44,-1,32,34,48,-1,48,34,36,-1,48,36,38,-1,26,28,48,-1,48,28,30,-1,48,30,32,-1,20,22,48,-1,48,22,24,-1,48,24,26,-1,14,16,48,-1,48,16,18,-1,48,18,20,-1,8,10,48,-1,48,10,12,-1,48,12,14,-1,2,4,48,-1,48,4,6,-1,48,6,8,-1,49,50,51,-1,51,50,52,-1,53,49,54,-1,54,49,51,-1,55,53,56,-1,56,53,54,-1,57,55,58,-1,58,55,56,-1,59,57,60,-1,60,57,58,-1,50,59,52,-1,52,59,60,-1,55,57,53,-1,53,57,59,-1,53,59,49,-1,49,59,50,-1,61,62,63,-1,64,65,66,-1,64,66,67,-1,67,66,68,-1,67,68,63,-1,63,68,69,-1,63,69,61,-1,70,62,71,-1,71,62,61,-1,70,71,72,-1,70,72,73,-1,72,74,73,-1,73,74,75,-1,73,75,76,-1,76,75,77,-1,76,77,78,-1,78,77,79,-1,78,79,80,-1,80,79,81,-1,80,81,82,-1,82,81,83,-1,82,83,84,-1,84,83,85,-1,84,85,86,-1,86,85,87,-1,86,87,88,-1,88,87,89,-1,88,89,90,-1,90,89,91,-1,90,91,92,-1,92,91,93,-1,92,93,94,-1,94,93,95,-1,94,95,96,-1,96,95,97,-1,96,97,98,-1,98,97,99,-1,98,99,100,-1,100,99,101,-1,100,101,102,-1,102,101,103,-1,102,103,104,-1,104,103,105,-1,104,105,106,-1,106,105,107,-1,106,107,108,-1,108,107,109,-1,108,109,110,-1,111,112,113,-1,110,109,114,-1,110,114,115,-1,115,114,116,-1,115,116,113,-1,113,116,117,-1,113,117,111,-1,118,112,119,-1,119,112,111,-1,118,119,120,-1,118,120,121,-1,122,123,124,-1,124,123,121,-1,124,121,125,-1,125,121,120,-1,123,122,126,-1,123,126,127,-1,126,128,127,-1,127,128,129,-1,127,129,130,-1,130,129,131,-1,130,131,132,-1,132,131,133,-1,132,133,134,-1,134,133,135,-1,134,135,136,-1,136,135,137,-1,136,137,138,-1,138,137,139,-1,138,139,140,-1,140,139,141,-1,140,141,142,-1,142,141,143,-1,142,143,144,-1,144,143,145,-1,144,145,146,-1,146,145,147,-1,146,147,148,-1,148,147,149,-1,148,149,150,-1,150,149,151,-1,150,151,152,-1,152,151,153,-1,152,153,154,-1,154,153,155,-1,154,155,156,-1,156,155,65,-1,156,65,64,-1,96,98,136,-1,136,98,134,-1,142,94,140,-1,140,94,96,-1,140,96,138,-1,138,96,136,-1,98,100,134,-1,134,100,102,-1,134,102,132,-1,132,102,104,-1,132,104,130,-1,130,104,127,-1,127,104,106,-1,127,106,123,-1,62,70,63,-1,63,70,73,-1,63,73,67,-1,67,73,76,-1,67,76,64,-1,64,76,78,-1,64,78,156,-1,156,78,80,-1,156,80,154,-1,154,80,82,-1,154,82,152,-1,152,82,84,-1,152,84,150,-1,150,84,86,-1,150,86,148,-1,148,86,88,-1,148,88,146,-1,146,88,144,-1,144,88,90,-1,144,90,142,-1,142,90,92,-1,142,92,94,-1,106,108,123,-1,123,108,110,-1,123,110,121,-1,121,110,115,-1,121,115,118,-1,118,115,113,-1,118,113,112,-1,157,158,159,-1,159,158,160,-1,161,162,163,-1,163,162,157,-1,163,157,159,-1,164,162,165,-1,165,162,161,-1,164,165,166,-1,166,165,167,-1,166,167,168,-1,169,166,170,-1,170,166,168,-1,171,172,173,-1,173,172,169,-1,173,169,170,-1,174,172,175,-1,175,172,171,-1,174,175,176,-1,176,175,177,-1,176,177,178,-1,179,176,180,-1,180,176,178,-1,181,182,183,-1,183,182,179,-1,183,179,180,-1,184,182,185,-1,185,182,181,-1,184,185,158,-1,158,185,186,-1,158,186,160,-1,176,179,174,-1,174,179,182,-1,174,182,172,-1,158,157,184,-1,184,157,162,-1,184,162,164,-1,166,169,164,-1,164,169,172,-1,164,172,184,-1,184,172,182,-1,187,188,189,-1,189,188,190,-1,189,190,191,-1,191,190,192,-1,191,192,193,-1,193,192,194,-1,193,194,195,-1,195,194,196,-1,195,196,197,-1,197,196,198,-1,197,198,199,-1,198,200,199,-1,199,200,201,-1,199,201,202,-1,202,201,203,-1,202,203,204,-1,204,203,205,-1,204,205,206,-1,206,205,207,-1,206,207,208,-1,208,207,209,-1,208,209,210,-1,210,209,211,-1,210,211,212,-1,212,211,213,-1,212,213,214,-1,214,213,215,-1,214,215,216,-1,216,215,217,-1,216,217,218,-1,218,217,219,-1,218,219,220,-1,220,219,221,-1,220,221,187,-1,187,221,222,-1,187,222,188,-1,193,195,223,-1,223,195,224,-1,225,187,189,-1,193,223,226,-1,193,226,191,-1,191,226,227,-1,191,227,189,-1,189,227,228,-1,189,228,225,-1,187,225,229,-1,187,229,220,-1,220,229,230,-1,220,230,218,-1,218,230,231,-1,218,231,216,-1,216,231,232,-1,216,232,214,-1,214,232,233,-1,214,233,212,-1,212,233,234,-1,212,234,210,-1,210,234,235,-1,210,235,208,-1,208,235,236,-1,208,236,206,-1,237,199,202,-1,206,236,238,-1,206,238,204,-1,204,238,239,-1,204,239,202,-1,202,239,240,-1,202,240,237,-1,197,199,241,-1,241,199,237,-1,195,197,224,-1,224,197,241,-1,200,198,242,-1,242,198,243,-1,198,196,243,-1,243,196,244,-1,196,194,244,-1,244,194,245,-1,222,246,247,-1,222,247,188,-1,188,247,248,-1,188,248,190,-1,190,248,249,-1,190,249,192,-1,192,249,245,-1,192,245,194,-1,215,250,251,-1,215,251,217,-1,217,251,252,-1,217,252,219,-1,219,252,253,-1,219,253,221,-1,221,253,246,-1,221,246,222,-1,207,254,255,-1,207,255,209,-1,209,255,256,-1,209,256,211,-1,211,256,257,-1,211,257,213,-1,213,257,250,-1,213,250,215,-1,200,242,258,-1,200,258,201,-1,201,258,259,-1,201,259,203,-1,203,259,260,-1,203,260,205,-1,205,260,254,-1,205,254,207,-1,
        ]
    }
}
Shape{
    appearance Appearance {
        material  Material 	{
            diffuseColor 0.25098039215686274 0.25098039215686274 0.25098039215686274
            specularColor 0.12549019607843137 0.12549019607843137 0.12549019607843137
            ambientIntensity 0.251
            transparency 0.0
            shininess 0.5
        }
    }
    geometry IndexedFaceSet {
        ccw TRUE
        solid FALSE
        coord DEF co Coordinate {
            point [
                -0.3163 -0.7019 0.3583, -0.3139 -0.7003 0.3583, -0.324 -0.6751 0.3583, -0.3299 -0.6751 0.3583, -0.3299 -0.7037 0.3583, -0.3243 -0.6751 0.3583, -0.3245 -0.7037 0.3583, -0.3194 -0.7031 0.3583, -0.3135 -0.6998 0.3583, -0.3117 -0.6977 0.3583, -0.3104 -0.6949 0.3583, -0.3095 -0.6891 0.3583, -0.3136 -0.6786 0.3583, -0.316 -0.677 0.3583, -0.3101 -0.6844 0.3583, -0.3111 -0.6817 0.3583, -0.3126 -0.6796 0.3583, -0.3097 -0.6916 0.3583, -0.3192 -0.6757 0.3583
            ]
        }
        coordIndex [
            0,1,2,-1,3,4,5,-1,5,4,6,-1,5,6,2,-1,2,6,7,-1,2,7,0,-1,1,8,2,-1,2,8,9,-1,2,9,10,-1,11,12,13,-1,14,15,11,-1,11,15,16,-1,11,16,12,-1,10,17,2,-1,2,17,11,-1,2,11,18,-1,18,11,13,-1,
        ]
    }
}
Shape{
    appearance Appearance {
        material  Material 	{
            diffuseColor 1.0 1.0 1.0
            specularColor 0.5019607843137255 0.5019607843137255 0.5019607843137255
            ambientIntensity 1.0
            transparency 0.0
            shininess 0.5
        }
    }
    geometry IndexedFaceSet {
        ccw TRUE
        solid FALSE
        coord DEF co Coordinate {
            point [
                -0.2921 -0.6936 0.3622, -0.2936 -0.6978 0.3622, -0.2796 -0.6936 0.3622, -0.2782 -0.6978 0.3622, -0.2865 -0.6782 0.3622, -0.2883 -0.6709 0.3622, -0.3024 -0.7079 0.3622, -0.2972 -0.7079 0.3622, -0.2862 -0.6771 0.3622, -0.2859 -0.6756 0.3622, -0.2832 -0.6709 0.3622, -0.2858 -0.6756 0.3622, -0.2855 -0.6772 0.3622, -0.2852 -0.6782 0.3622, -0.2691 -0.7079 0.3622, -0.2744 -0.7079 0.3622, -0.2832 -0.6709 0.3583, -0.2691 -0.7079 0.3583, -0.2883 -0.6709 0.3583, -0.3024 -0.7079 0.3583, -0.2918 -0.6799 0.3583, -0.2972 -0.7079 0.3583, -0.2936 -0.6978 0.3583, -0.2782 -0.6978 0.3583, -0.2918 -0.6978 0.3583, -0.2744 -0.7079 0.3583, -0.2921 -0.6936 0.3583, -0.2796 -0.6936 0.3583, -0.2852 -0.6782 0.3583, -0.2858 -0.6756 0.3583, -0.2855 -0.6772 0.3583, -0.2859 -0.6756 0.3583, -0.2865 -0.6782 0.3583, -0.2862 -0.6771 0.3583
            ]
        }
        coordIndex [
            0,1,2,-1,2,1,3,-1,4,5,0,-1,0,5,6,-1,0,6,1,-1,1,6,7,-1,4,8,5,-1,5,8,9,-1,5,9,10,-1,10,9,11,-1,10,11,12,-1,12,13,10,-1,10,13,2,-1,10,2,14,-1,14,2,3,-1,14,3,15,-1,10,14,16,-1,16,14,17,-1,5,10,18,-1,18,10,16,-1,19,6,20,-1,20,6,5,-1,20,5,18,-1,7,6,21,-1,21,6,19,-1,1,7,22,-1,22,7,21,-1,23,3,24,-1,24,3,1,-1,24,1,22,-1,15,3,25,-1,25,3,23,-1,14,15,17,-1,17,15,25,-1,0,2,26,-1,26,2,27,-1,2,13,27,-1,27,13,28,-1,11,29,30,-1,11,30,12,-1,12,30,28,-1,12,28,13,-1,11,9,29,-1,29,9,31,-1,4,32,33,-1,4,33,8,-1,8,33,31,-1,8,31,9,-1,4,0,32,-1,32,0,26,-1,
        ]
    }
}
Shape{
    appearance Appearance {
        material  Material 	{
            diffuseColor 0.25098039215686274 0.25098039215686274 0.25098039215686274
            specularColor 0.12549019607843137 0.12549019607843137 0.12549019607843137
            ambientIntensity 0.251
            transparency 0.0
            shininess 0.5
        }
    }
    geometry IndexedFaceSet {
        ccw TRUE
        solid FALSE
        coord DEF co Coordinate {
            point [
                -0.2858 -0.6756 0.3583, -0.2859 -0.6756 0.3583, -0.2855 -0.6772 0.3583, -0.2862 -0.6771 0.3583, -0.2852 -0.6782 0.3583, -0.2865 -0.6782 0.3583, -0.2796 -0.6936 0.3583, -0.2921 -0.6936 0.3583
            ]
        }
        coordIndex [
            0,1,2,-1,2,1,3,-1,2,3,4,-1,4,3,5,-1,4,5,6,-1,6,5,7,-1,
        ]
    }
}
Shape{
    appearance Appearance {
        material  Material 	{
            diffuseColor 1.0 1.0 1.0
            specularColor 0.5019607843137255 0.5019607843137255 0.5019607843137255
            ambientIntensity 1.0
            transparency 0.0
            shininess 0.5
        }
    }
    geometry IndexedFaceSet {
        ccw TRUE
        solid FALSE
        coord DEF co Coordinate {
            point [
                -0.3979 -0.7625 0.3622, -0.3979 -0.7667 0.3622, -0.3979 -0.7625 0.3583, -0.3979 -0.7667 0.3583, -0.4131 -0.7625 0.3583, -0.4131 -0.7625 0.3622, -0.3981 -0.7625 0.3583, -0.4131 -0.75 0.3622, -0.4131 -0.75 0.3583, -0.3998 -0.75 0.3622, -0.3998 -0.75 0.3583, -0.3998 -0.7458 0.3622, -0.3998 -0.7458 0.3583, -0.4131 -0.7458 0.3622, -0.4131 -0.7458 0.3583, -0.4131 -0.7339 0.3622, -0.4131 -0.7339 0.3583, -0.3988 -0.7339 0.3622, -0.3988 -0.7339 0.3583, -0.3988 -0.7297 0.3622, -0.3988 -0.7297 0.3583, -0.4179 -0.7297 0.3622, -0.4179 -0.7297 0.3583, -0.4179 -0.7667 0.3622, -0.4179 -0.7667 0.3583, -0.3981 -0.7667 0.3583, -0.3768 -0.7667 0.3622, -0.3722 -0.7667 0.3622, -0.3768 -0.7626 0.3622, -0.3722 -0.7497 0.3622, -0.377 -0.7626 0.3622, -0.3794 -0.762 0.3622, -0.3777 -0.7638 0.3622, -0.3807 -0.7629 0.3622, -0.383 -0.7543 0.3622, -0.3768 -0.7535 0.3622, -0.3768 -0.756 0.3622, -0.3901 -0.7528 0.3622, -0.3915 -0.7541 0.3622, -0.3881 -0.7566 0.3622, -0.3769 -0.7563 0.3622, -0.3772 -0.7584 0.3622, -0.3778 -0.76 0.3622, -0.3788 -0.7614 0.3622, -0.3909 -0.7421 0.3622, -0.3909 -0.7466 0.3622, -0.3899 -0.7416 0.3622, -0.3881 -0.7448 0.3622, -0.3865 -0.7402 0.3622, -0.3852 -0.7438 0.3622, -0.3818 -0.7397 0.3622, -0.3822 -0.7434 0.3622, -0.3789 -0.7399 0.3622, -0.3806 -0.7436 0.3622, -0.377 -0.7405 0.3622, -0.3796 -0.744 0.3622, -0.3754 -0.7414 0.3622, -0.3787 -0.7445 0.3622, -0.3742 -0.7426 0.3622, -0.378 -0.7453 0.3622, -0.3733 -0.7441 0.3622, -0.3775 -0.7462 0.3622, -0.3725 -0.7463 0.3622, -0.377 -0.7479 0.3622, -0.3768 -0.7499 0.3622, -0.3885 -0.7575 0.3622, -0.3925 -0.7554 0.3622, -0.3887 -0.7585 0.3622, -0.3847 -0.751 0.3622, -0.387 -0.7555 0.3622, -0.3859 -0.755 0.3622, -0.3878 -0.762 0.3622, -0.3912 -0.7653 0.3622, -0.3874 -0.7624 0.3622, -0.3896 -0.7664 0.3622, -0.3865 -0.763 0.3622, -0.3879 -0.767 0.3622, -0.3854 -0.7634 0.3622, -0.3851 -0.7674 0.3622, -0.3839 -0.7636 0.3622, -0.3827 -0.7671 0.3622, -0.3821 -0.7634 0.3622, -0.3808 -0.7664 0.3622, -0.3792 -0.7654 0.3622, -0.3875 -0.7559 0.3622, -0.3881 -0.7518 0.3622, -0.3931 -0.757 0.3622, -0.3935 -0.759 0.3622, -0.3888 -0.7593 0.3622, -0.3935 -0.7597 0.3622, -0.3887 -0.7603 0.3622, -0.3932 -0.7618 0.3622, -0.3883 -0.7612 0.3622, -0.3927 -0.7633 0.3622, -0.3917 -0.7648 0.3622, -0.3818 -0.7397 0.3583, -0.3865 -0.7402 0.3583, -0.3899 -0.7416 0.3583, -0.3909 -0.7421 0.3583, -0.3909 -0.7466 0.3583, -0.3881 -0.7448 0.3583, -0.3852 -0.7438 0.3583, -0.3822 -0.7434 0.3583, -0.3806 -0.7436 0.3583, -0.3796 -0.744 0.3583, -0.3787 -0.7445 0.3583, -0.378 -0.7453 0.3583, -0.3775 -0.7462 0.3583, -0.377 -0.7479 0.3583, -0.3768 -0.7499 0.3583, -0.3847 -0.751 0.3583, -0.3881 -0.7518 0.3583, -0.3901 -0.7528 0.3583, -0.3915 -0.7541 0.3583, -0.3925 -0.7554 0.3583, -0.3931 -0.757 0.3583, -0.3935 -0.759 0.3583, -0.3935 -0.7597 0.3583, -0.3932 -0.7618 0.3583, -0.3927 -0.7633 0.3583, -0.3917 -0.7648 0.3583, -0.3912 -0.7653 0.3583, -0.3851 -0.7674 0.3583, -0.3878 -0.7671 0.3583, -0.3879 -0.767 0.3583, -0.3896 -0.7664 0.3583, -0.3827 -0.7671 0.3583, -0.3826 -0.7671 0.3583, -0.3808 -0.7664 0.3583, -0.3792 -0.7654 0.3583, -0.3777 -0.7638 0.3583, -0.377 -0.7626 0.3583, -0.3768 -0.7626 0.3583, -0.3768 -0.7667 0.3583, -0.3722 -0.7667 0.3583, -0.3722 -0.7497 0.3583, -0.3725 -0.7463 0.3583, -0.3733 -0.7441 0.3583, -0.3742 -0.7426 0.3583, -0.3754 -0.7414 0.3583, -0.377 -0.7405 0.3583, -0.3789 -0.7399 0.3583, -0.3875 -0.7559 0.3583, -0.387 -0.7555 0.3583, -0.3859 -0.755 0.3583, -0.383 -0.7543 0.3583, -0.3888 -0.7593 0.3583, -0.3887 -0.7585 0.3583, -0.3885 -0.7575 0.3583, -0.3881 -0.7566 0.3583, -0.3874 -0.7624 0.3583, -0.3878 -0.762 0.3583, -0.3883 -0.7612 0.3583, -0.3887 -0.7603 0.3583, -0.3839 -0.7636 0.3583, -0.3854 -0.7634 0.3583, -0.3865 -0.763 0.3583, -0.3788 -0.7614 0.3583, -0.3794 -0.762 0.3583, -0.3807 -0.7629 0.3583, -0.3821 -0.7634 0.3583, -0.3768 -0.756 0.3583, -0.3769 -0.7563 0.3583, -0.3772 -0.7584 0.3583, -0.3778 -0.76 0.3583, -0.3768 -0.7535 0.3583
            ]
        }
        coordIndex [
            0,1,2,-1,2,1,3,-1,4,5,6,-1,6,5,0,-1,6,0,2,-1,7,5,8,-1,8,5,4,-1,9,7,10,-1,10,7,8,-1,11,9,12,-1,12,9,10,-1,13,11,14,-1,14,11,12,-1,15,13,16,-1,16,13,14,-1,17,15,18,-1,18,15,16,-1,19,17,20,-1,20,17,18,-1,21,19,22,-1,22,19,20,-1,23,21,24,-1,24,21,22,-1,3,1,25,-1,25,1,23,-1,25,23,24,-1,1,0,23,-1,23,0,5,-1,9,11,7,-1,7,11,13,-1,17,19,15,-1,15,19,21,-1,15,21,13,-1,13,21,23,-1,13,23,7,-1,7,23,5,-1,26,27,28,-1,28,27,29,-1,30,31,32,-1,32,31,33,-1,34,35,29,-1,29,35,36,-1,37,38,39,-1,36,40,29,-1,29,40,41,-1,29,41,28,-1,28,41,42,-1,28,42,30,-1,30,42,43,-1,30,43,31,-1,44,45,46,-1,46,45,47,-1,46,47,48,-1,48,47,49,-1,48,49,50,-1,50,49,51,-1,50,51,52,-1,52,51,53,-1,52,53,54,-1,54,53,55,-1,54,55,56,-1,56,55,57,-1,56,57,58,-1,58,57,59,-1,58,59,60,-1,60,59,61,-1,60,61,62,-1,62,61,63,-1,62,63,29,-1,29,63,64,-1,29,64,34,-1,39,38,65,-1,65,38,66,-1,65,66,67,-1,68,69,64,-1,64,69,70,-1,64,70,34,-1,71,72,73,-1,73,72,74,-1,73,74,75,-1,75,74,76,-1,75,76,77,-1,77,76,78,-1,77,78,79,-1,79,78,80,-1,79,80,81,-1,81,80,82,-1,81,82,33,-1,33,82,83,-1,33,83,32,-1,39,84,37,-1,37,84,69,-1,37,69,85,-1,85,69,68,-1,66,86,67,-1,67,86,87,-1,67,87,88,-1,88,87,89,-1,88,89,90,-1,90,89,91,-1,90,91,92,-1,92,91,93,-1,92,93,71,-1,71,93,94,-1,71,94,72,-1,50,95,96,-1,50,96,48,-1,48,96,97,-1,48,97,46,-1,46,97,98,-1,46,98,44,-1,45,44,99,-1,99,44,98,-1,45,99,100,-1,45,100,47,-1,47,100,101,-1,47,101,49,-1,49,101,102,-1,49,102,51,-1,51,102,103,-1,51,103,53,-1,53,103,104,-1,53,104,55,-1,55,104,105,-1,55,105,57,-1,57,105,106,-1,57,106,59,-1,59,106,107,-1,59,107,61,-1,61,107,108,-1,61,108,63,-1,63,108,109,-1,63,109,64,-1,68,64,110,-1,110,64,109,-1,68,110,111,-1,68,111,85,-1,85,111,112,-1,85,112,37,-1,37,112,113,-1,37,113,38,-1,38,113,114,-1,38,114,66,-1,66,114,115,-1,66,115,86,-1,86,115,116,-1,86,116,87,-1,87,116,117,-1,87,117,89,-1,89,117,118,-1,89,118,91,-1,91,118,119,-1,91,119,93,-1,93,119,120,-1,93,120,94,-1,94,120,121,-1,94,121,72,-1,122,78,123,-1,123,78,76,-1,123,76,124,-1,124,76,74,-1,124,74,125,-1,125,74,72,-1,125,72,121,-1,78,122,126,-1,78,126,80,-1,80,126,127,-1,80,127,82,-1,127,128,82,-1,82,128,129,-1,82,129,83,-1,83,129,130,-1,83,130,32,-1,32,130,131,-1,32,131,30,-1,28,30,132,-1,132,30,131,-1,26,28,133,-1,133,28,132,-1,27,26,134,-1,134,26,133,-1,29,27,135,-1,135,27,134,-1,29,135,136,-1,29,136,62,-1,62,136,137,-1,62,137,60,-1,60,137,138,-1,60,138,58,-1,58,138,139,-1,58,139,56,-1,56,139,140,-1,56,140,54,-1,54,140,141,-1,54,141,52,-1,52,141,95,-1,52,95,50,-1,84,142,143,-1,84,143,69,-1,69,143,144,-1,69,144,70,-1,70,144,145,-1,70,145,34,-1,88,146,147,-1,88,147,67,-1,67,147,148,-1,67,148,65,-1,65,148,149,-1,65,149,39,-1,39,149,142,-1,39,142,84,-1,73,150,151,-1,73,151,71,-1,71,151,152,-1,71,152,92,-1,92,152,153,-1,92,153,90,-1,90,153,146,-1,90,146,88,-1,79,154,155,-1,79,155,77,-1,77,155,156,-1,77,156,75,-1,75,156,150,-1,75,150,73,-1,43,157,158,-1,43,158,31,-1,31,158,159,-1,31,159,33,-1,33,159,160,-1,33,160,81,-1,81,160,154,-1,81,154,79,-1,36,161,162,-1,36,162,40,-1,40,162,163,-1,40,163,41,-1,41,163,164,-1,41,164,42,-1,42,164,157,-1,42,157,43,-1,36,35,161,-1,161,35,165,-1,35,34,165,-1,165,34,145,-1,
        ]
    }
}
Shape{
    appearance Appearance {
        material  Material 	{
            diffuseColor 0.25098039215686274 0.25098039215686274 0.25098039215686274
            specularColor 0.12549019607843137 0.12549019607843137 0.12549019607843137
            ambientIntensity 0.251
            transparency 0.0
            shininess 0.5
        }
    }
    geometry IndexedFaceSet {
        ccw TRUE
        solid FALSE
        coord DEF co Coordinate {
            point [
                -0.3769 -0.7563 0.3583, -0.3768 -0.756 0.3583, -0.3875 -0.7559 0.3583, -0.3768 -0.7535 0.3583, -0.383 -0.7543 0.3583, -0.3859 -0.755 0.3583, -0.387 -0.7555 0.3583, -0.3772 -0.7584 0.3583, -0.3881 -0.7566 0.3583, -0.3778 -0.76 0.3583, -0.3878 -0.762 0.3583, -0.3874 -0.7624 0.3583, -0.3794 -0.762 0.3583, -0.3883 -0.7612 0.3583, -0.3807 -0.7629 0.3583, -0.3821 -0.7634 0.3583, -0.3839 -0.7636 0.3583, -0.3885 -0.7575 0.3583, -0.3887 -0.7585 0.3583, -0.3788 -0.7614 0.3583, -0.3888 -0.7593 0.3583, -0.3887 -0.7603 0.3583, -0.3865 -0.763 0.3583, -0.3854 -0.7634 0.3583
            ]
        }
        coordIndex [
            0,1,2,-1,1,3,4,-1,4,5,1,-1,1,5,6,-1,1,6,2,-1,0,2,7,-1,7,2,8,-1,7,8,9,-1,10,11,12,-1,10,12,13,-1,14,12,15,-1,15,12,16,-1,8,17,9,-1,9,17,18,-1,9,18,19,-1,19,18,20,-1,19,20,12,-1,12,20,21,-1,12,21,13,-1,11,22,12,-1,12,22,23,-1,12,23,16,-1,
        ]
    }
}
Shape{
    appearance Appearance {
        material  Material 	{
            diffuseColor 1.0 1.0 1.0
            specularColor 0.5019607843137255 0.5019607843137255 0.5019607843137255
            ambientIntensity 1.0
            transparency 0.0
            shininess 0.5
        }
    }
    geometry IndexedFaceSet {
        ccw TRUE
        solid FALSE
        coord DEF co Coordinate {
            point [
                -0.3659 -0.761 0.3583, -0.3659 -0.761 0.3622, -0.3641 -0.7622 0.3622, -0.3583 -0.7636 0.3622, -0.3583 -0.7636 0.3583, -0.3612 -0.7632 0.3583, -0.3612 -0.7632 0.3622, -0.3638 -0.7623 0.3583, -0.3641 -0.7622 0.3583, -0.3659 -0.7658 0.3622, -0.3659 -0.7658 0.3583, -0.3638 -0.7666 0.3583, -0.3631 -0.7669 0.3622, -0.3587 -0.7674 0.3583, -0.3587 -0.7674 0.3622, -0.3614 -0.7671 0.3583, -0.3631 -0.7669 0.3583, -0.3561 -0.7671 0.3583, -0.3546 -0.7669 0.3622, -0.3546 -0.7669 0.3583, -0.3521 -0.7659 0.3583, -0.3521 -0.7659 0.3622, -0.351 -0.7653 0.3583, -0.351 -0.7653 0.3622, -0.3497 -0.7641 0.3583, -0.3497 -0.7641 0.3622, -0.3488 -0.7629 0.3583, -0.3488 -0.7629 0.3622, -0.3483 -0.7614 0.3583, -0.3483 -0.7614 0.3622, -0.348 -0.7595 0.3583, -0.348 -0.7595 0.3622, -0.3482 -0.7578 0.3583, -0.3482 -0.7578 0.3622, -0.3487 -0.7564 0.3583, -0.3487 -0.7564 0.3622, -0.3496 -0.7552 0.3583, -0.3496 -0.7552 0.3622, -0.3507 -0.7542 0.3583, -0.3507 -0.7542 0.3622, -0.3538 -0.7525 0.3583, -0.3538 -0.7525 0.3622, -0.3556 -0.7517 0.3583, -0.3556 -0.7517 0.3622, -0.3585 -0.7505 0.3583, -0.3585 -0.7505 0.3622, -0.3601 -0.7495 0.3583, -0.3601 -0.7495 0.3622, -0.3605 -0.749 0.3583, -0.3605 -0.749 0.3622, -0.3609 -0.7483 0.3583, -0.3609 -0.7483 0.3622, -0.3611 -0.7476 0.3583, -0.3611 -0.7476 0.3622, -0.3611 -0.747 0.3583, -0.3611 -0.747 0.3622, -0.361 -0.7463 0.3583, -0.361 -0.7463 0.3622, -0.3608 -0.7456 0.3583, -0.3608 -0.7456 0.3622, -0.3604 -0.745 0.3583, -0.3604 -0.745 0.3622, -0.3597 -0.7444 0.3583, -0.3597 -0.7444 0.3622, -0.3586 -0.7439 0.3583, -0.3586 -0.7439 0.3622, -0.3574 -0.7435 0.3583, -0.3574 -0.7435 0.3622, -0.356 -0.7434 0.3583, -0.356 -0.7434 0.3622, -0.353 -0.7438 0.3583, -0.353 -0.7438 0.3622, -0.3504 -0.7447 0.3583, -0.3504 -0.7447 0.3622, -0.3493 -0.7453 0.3583, -0.3493 -0.7453 0.3622, -0.3493 -0.7408 0.3622, -0.3493 -0.7408 0.3583, -0.3523 -0.74 0.3583, -0.3523 -0.74 0.3622, -0.3556 -0.7397 0.3583, -0.3556 -0.7397 0.3622, -0.3588 -0.74 0.3583, -0.3588 -0.74 0.3622, -0.3614 -0.7409 0.3583, -0.3614 -0.7409 0.3622, -0.3629 -0.7418 0.3583, -0.3629 -0.7418 0.3622, -0.3638 -0.7425 0.3583, -0.3643 -0.743 0.3622, -0.3643 -0.743 0.3583, -0.3651 -0.7443 0.3583, -0.3651 -0.7443 0.3622, -0.3657 -0.7458 0.3583, -0.3657 -0.7458 0.3622, -0.3659 -0.7474 0.3583, -0.3659 -0.7474 0.3622, -0.3657 -0.7492 0.3583, -0.3657 -0.7492 0.3622, -0.3652 -0.7506 0.3583, -0.3652 -0.7506 0.3622, -0.3646 -0.7516 0.3583, -0.3646 -0.7516 0.3622, -0.3589 -0.7551 0.3583, -0.3589 -0.7551 0.3622, -0.3616 -0.7538 0.3622, -0.3638 -0.7524 0.3583, -0.3638 -0.7524 0.3622, -0.3638 -0.7524 0.3583, -0.3616 -0.7538 0.3583, -0.3558 -0.7564 0.3583, -0.3558 -0.7564 0.3622, -0.354 -0.7575 0.3583, -0.354 -0.7575 0.3622, -0.3534 -0.7581 0.3583, -0.3534 -0.7581 0.3622, -0.3531 -0.7587 0.3583, -0.3531 -0.7587 0.3622, -0.3528 -0.7594 0.3583, -0.3528 -0.7594 0.3622, -0.3528 -0.76 0.3583, -0.3528 -0.76 0.3622, -0.3529 -0.7609 0.3583, -0.3529 -0.7609 0.3622, -0.3531 -0.7615 0.3583, -0.3531 -0.7615 0.3622, -0.3535 -0.7621 0.3583, -0.3535 -0.7621 0.3622, -0.3541 -0.7626 0.3583, -0.3541 -0.7626 0.3622, -0.3545 -0.7629 0.3583, -0.3545 -0.7629 0.3622, -0.3557 -0.7633 0.3583, -0.3557 -0.7633 0.3622, -0.3581 -0.7636 0.3583, -0.3581 -0.7636 0.3622, -0.325 -0.7403 0.3622, -0.3202 -0.7403 0.3622, -0.325 -0.7403 0.3583, -0.3202 -0.7403 0.3583, -0.3322 -0.7602 0.3622, -0.3322 -0.7602 0.3583, -0.3326 -0.7614 0.3583, -0.3326 -0.7614 0.3622, -0.3328 -0.7623 0.3583, -0.3328 -0.7623 0.3622, -0.3329 -0.7623 0.3622, -0.3329 -0.7623 0.3583, -0.3335 -0.7602 0.3622, -0.3335 -0.7602 0.3583, -0.3404 -0.7403 0.3622, -0.3404 -0.7403 0.3583, -0.3456 -0.7403 0.3622, -0.3456 -0.7403 0.3583, -0.3352 -0.7667 0.3622, -0.3352 -0.7667 0.3583, -0.3373 -0.7715 0.3583, -0.3373 -0.7715 0.3622, -0.3354 -0.7671 0.3583, -0.3382 -0.7732 0.3583, -0.3382 -0.7732 0.3622, -0.3391 -0.7741 0.3583, -0.3391 -0.7741 0.3622, -0.3399 -0.7747 0.3583, -0.3399 -0.7747 0.3622, -0.3409 -0.7751 0.3583, -0.3409 -0.7751 0.3622, -0.342 -0.7752 0.3583, -0.342 -0.7752 0.3622, -0.3437 -0.775 0.3583, -0.3437 -0.775 0.3622, -0.3447 -0.7747 0.3583, -0.3447 -0.7747 0.3622, -0.3447 -0.7788 0.3622, -0.3447 -0.7788 0.3583, -0.3427 -0.7792 0.3583, -0.3427 -0.7792 0.3622, -0.3417 -0.7792 0.3583, -0.3417 -0.7792 0.3622, -0.3398 -0.779 0.3583, -0.3398 -0.779 0.3622, -0.338 -0.7783 0.3583, -0.338 -0.7783 0.3622, -0.3363 -0.7772 0.3583, -0.3363 -0.7772 0.3622, -0.336 -0.7769 0.3583, -0.336 -0.7769 0.3622, -0.3343 -0.7748 0.3583, -0.3343 -0.7748 0.3622, -0.3322 -0.7707 0.3583, -0.3322 -0.7707 0.3622, -0.3308 -0.7671 0.3583, -0.2953 -0.7625 0.3622, -0.2953 -0.7667 0.3622, -0.2953 -0.7625 0.3583, -0.2953 -0.7667 0.3583, -0.3104 -0.7625 0.3622, -0.3035 -0.7625 0.3583, -0.3104 -0.7625 0.3583, -0.3104 -0.75 0.3622, -0.3104 -0.75 0.3583, -0.2972 -0.75 0.3622, -0.3035 -0.75 0.3583, -0.2972 -0.75 0.3583, -0.2972 -0.7458 0.3622, -0.2972 -0.7458 0.3583, -0.3104 -0.7458 0.3583, -0.3104 -0.7458 0.3622, -0.3035 -0.7458 0.3583, -0.3104 -0.7339 0.3622, -0.3104 -0.7339 0.3583, -0.2961 -0.7339 0.3583, -0.2961 -0.7339 0.3622, -0.3035 -0.7339 0.3583, -0.2961 -0.7297 0.3622, -0.2961 -0.7297 0.3583, -0.3152 -0.7297 0.3583, -0.3152 -0.7297 0.3622, -0.3035 -0.7297 0.3583, -0.3152 -0.7667 0.3622, -0.3152 -0.7667 0.3583, -0.3035 -0.7667 0.3583, -0.2637 -0.7615 0.3622, -0.2675 -0.7591 0.3622, -0.2676 -0.7643 0.3622, -0.2699 -0.7607 0.3622, -0.2718 -0.766 0.3622, -0.273 -0.7619 0.3622, -0.2781 -0.7667 0.3622, -0.2781 -0.7625 0.3622, -0.2883 -0.7667 0.3622, -0.2835 -0.7625 0.3622, -0.2883 -0.7297 0.3622, -0.2835 -0.7339 0.3622, -0.2777 -0.7297 0.3622, -0.2779 -0.7339 0.3622, -0.2775 -0.7339 0.3622, -0.272 -0.7303 0.3622, -0.2728 -0.7345 0.3622, -0.2676 -0.7319 0.3622, -0.2696 -0.7358 0.3622, -0.2637 -0.7346 0.3622, -0.2672 -0.7374 0.3622, -0.2624 -0.7359 0.3622, -0.2661 -0.7385 0.3622, -0.2601 -0.7391 0.3622, -0.2647 -0.7405 0.3622, -0.2587 -0.7426 0.3622, -0.2637 -0.7432 0.3622, -0.2581 -0.7477 0.3622, -0.2631 -0.7479 0.3622, -0.2582 -0.7501 0.3622, -0.2633 -0.7504 0.3622, -0.2591 -0.7544 0.3622, -0.264 -0.7537 0.3622, -0.2609 -0.7583 0.3622, -0.2653 -0.7565 0.3622, -0.2671 -0.7587 0.3622, -0.2781 -0.7667 0.3583, -0.2883 -0.7667 0.3583, -0.2718 -0.766 0.3583, -0.2676 -0.7643 0.3583, -0.2637 -0.7615 0.3583, -0.2609 -0.7583 0.3583, -0.2591 -0.7544 0.3583, -0.2582 -0.7501 0.3583, -0.2581 -0.7477 0.3583, -0.2587 -0.7426 0.3583, -0.2601 -0.7391 0.3583, -0.2624 -0.7359 0.3583, -0.2637 -0.7346 0.3583, -0.2676 -0.7319 0.3583, -0.272 -0.7303 0.3583, -0.2777 -0.7297 0.3583, -0.2883 -0.7297 0.3583, -0.2779 -0.7339 0.3583, -0.2835 -0.7339 0.3583, -0.2835 -0.7625 0.3583, -0.2781 -0.7625 0.3583, -0.2671 -0.7587 0.3583, -0.2675 -0.7591 0.3583, -0.2699 -0.7607 0.3583, -0.273 -0.7619 0.3583, -0.2631 -0.7479 0.3583, -0.2633 -0.7504 0.3583, -0.264 -0.7537 0.3583, -0.2653 -0.7565 0.3583, -0.2672 -0.7374 0.3583, -0.2661 -0.7385 0.3583, -0.2647 -0.7405 0.3583, -0.2637 -0.7432 0.3583, -0.2775 -0.7339 0.3583, -0.2728 -0.7345 0.3583, -0.2696 -0.7358 0.3583
            ]
        }
        coordIndex [
            0,1,2,-1,3,4,5,-1,3,5,6,-1,6,5,7,-1,6,7,2,-1,2,7,8,-1,2,8,0,-1,9,1,10,-1,10,1,0,-1,10,11,9,-1,9,11,12,-1,13,14,15,-1,15,14,12,-1,15,12,16,-1,16,12,11,-1,13,17,14,-1,14,17,18,-1,17,19,18,-1,18,19,20,-1,18,20,21,-1,21,20,22,-1,21,22,23,-1,23,22,24,-1,23,24,25,-1,25,24,26,-1,25,26,27,-1,27,26,28,-1,27,28,29,-1,29,28,30,-1,29,30,31,-1,31,30,32,-1,31,32,33,-1,33,32,34,-1,33,34,35,-1,35,34,36,-1,35,36,37,-1,37,36,38,-1,37,38,39,-1,39,38,40,-1,39,40,41,-1,41,40,42,-1,41,42,43,-1,43,42,44,-1,43,44,45,-1,45,44,46,-1,45,46,47,-1,47,46,48,-1,47,48,49,-1,49,48,50,-1,49,50,51,-1,51,50,52,-1,51,52,53,-1,53,52,54,-1,53,54,55,-1,55,54,56,-1,55,56,57,-1,57,56,58,-1,57,58,59,-1,59,58,60,-1,59,60,61,-1,61,60,62,-1,61,62,63,-1,63,62,64,-1,63,64,65,-1,65,64,66,-1,65,66,67,-1,67,66,68,-1,67,68,69,-1,69,68,70,-1,69,70,71,-1,71,70,72,-1,71,72,73,-1,73,72,74,-1,73,74,75,-1,76,75,77,-1,77,75,74,-1,76,77,78,-1,76,78,79,-1,79,78,80,-1,79,80,81,-1,81,80,82,-1,81,82,83,-1,83,82,84,-1,83,84,85,-1,85,84,86,-1,85,86,87,-1,86,88,87,-1,87,88,89,-1,88,90,89,-1,89,90,91,-1,89,91,92,-1,92,91,93,-1,92,93,94,-1,94,93,95,-1,94,95,96,-1,96,95,97,-1,96,97,98,-1,98,97,99,-1,98,99,100,-1,100,99,101,-1,100,101,102,-1,103,104,105,-1,102,101,106,-1,102,106,107,-1,107,106,108,-1,107,108,105,-1,105,108,109,-1,105,109,103,-1,104,103,110,-1,104,110,111,-1,111,110,112,-1,111,112,113,-1,113,112,114,-1,113,114,115,-1,115,114,116,-1,115,116,117,-1,117,116,118,-1,117,118,119,-1,119,118,120,-1,119,120,121,-1,121,120,122,-1,121,122,123,-1,123,122,124,-1,123,124,125,-1,125,124,126,-1,125,126,127,-1,127,126,128,-1,127,128,129,-1,129,128,130,-1,129,130,131,-1,131,130,132,-1,131,132,133,-1,133,132,134,-1,133,134,135,-1,135,134,4,-1,135,4,3,-1,61,63,85,-1,85,63,83,-1,111,43,104,-1,104,43,45,-1,21,23,127,-1,127,23,25,-1,127,25,125,-1,125,25,27,-1,125,27,123,-1,123,27,29,-1,123,29,121,-1,121,29,31,-1,121,31,119,-1,119,31,33,-1,119,33,117,-1,117,33,35,-1,117,35,115,-1,115,35,37,-1,115,37,113,-1,113,37,39,-1,113,39,111,-1,111,39,41,-1,111,41,43,-1,14,3,12,-1,12,3,6,-1,12,6,9,-1,9,6,2,-1,9,2,1,-1,63,65,83,-1,83,65,67,-1,83,67,81,-1,81,67,69,-1,81,69,79,-1,79,69,71,-1,79,71,76,-1,76,71,73,-1,76,73,75,-1,127,129,21,-1,21,129,131,-1,21,131,18,-1,18,131,133,-1,18,133,14,-1,14,133,135,-1,14,135,3,-1,85,87,61,-1,61,87,89,-1,61,89,59,-1,59,89,92,-1,59,92,57,-1,57,92,94,-1,57,94,55,-1,55,94,96,-1,55,96,53,-1,53,96,98,-1,53,98,51,-1,51,98,100,-1,51,100,49,-1,49,100,102,-1,49,102,47,-1,47,102,107,-1,47,107,45,-1,45,107,105,-1,45,105,104,-1,136,137,138,-1,138,137,139,-1,140,136,141,-1,141,136,138,-1,140,141,142,-1,140,142,143,-1,143,142,144,-1,143,144,145,-1,146,145,147,-1,147,145,144,-1,148,146,149,-1,149,146,147,-1,150,148,151,-1,151,148,149,-1,152,150,153,-1,153,150,151,-1,154,152,155,-1,155,152,153,-1,156,157,158,-1,158,157,154,-1,158,154,155,-1,157,156,159,-1,157,159,160,-1,160,159,161,-1,160,161,162,-1,162,161,163,-1,162,163,164,-1,164,163,165,-1,164,165,166,-1,166,165,167,-1,166,167,168,-1,168,167,169,-1,168,169,170,-1,170,169,171,-1,170,171,172,-1,173,172,174,-1,174,172,171,-1,173,174,175,-1,173,175,176,-1,176,175,177,-1,176,177,178,-1,178,177,179,-1,178,179,180,-1,180,179,181,-1,180,181,182,-1,182,181,183,-1,182,183,184,-1,184,183,185,-1,184,185,186,-1,186,185,187,-1,186,187,188,-1,188,187,189,-1,188,189,190,-1,139,137,191,-1,191,137,190,-1,191,190,189,-1,143,145,190,-1,137,136,190,-1,190,136,140,-1,190,140,143,-1,150,152,148,-1,148,152,154,-1,148,154,146,-1,172,173,170,-1,170,173,176,-1,170,176,168,-1,168,176,178,-1,168,178,166,-1,166,178,180,-1,166,180,164,-1,164,180,182,-1,164,182,162,-1,145,146,190,-1,190,146,154,-1,190,154,188,-1,154,157,188,-1,188,157,160,-1,188,160,186,-1,186,160,162,-1,186,162,184,-1,184,162,182,-1,192,193,194,-1,194,193,195,-1,192,194,196,-1,196,194,197,-1,196,197,198,-1,199,196,200,-1,200,196,198,-1,199,200,201,-1,201,200,202,-1,201,202,203,-1,204,201,205,-1,205,201,203,-1,206,207,208,-1,208,207,204,-1,208,204,205,-1,209,207,210,-1,210,207,206,-1,211,212,213,-1,213,212,209,-1,213,209,210,-1,214,212,215,-1,215,212,211,-1,216,217,218,-1,218,217,214,-1,218,214,215,-1,219,217,220,-1,220,217,216,-1,219,220,193,-1,193,220,221,-1,193,221,195,-1,212,214,209,-1,209,214,217,-1,209,217,207,-1,193,192,219,-1,219,192,196,-1,219,196,199,-1,201,204,199,-1,199,204,207,-1,199,207,219,-1,219,207,217,-1,222,223,224,-1,224,223,225,-1,224,225,226,-1,226,225,227,-1,226,227,228,-1,228,227,229,-1,228,229,230,-1,230,229,231,-1,230,231,232,-1,232,231,233,-1,232,233,234,-1,233,235,234,-1,234,235,236,-1,234,236,237,-1,237,236,238,-1,237,238,239,-1,239,238,240,-1,239,240,241,-1,241,240,242,-1,241,242,243,-1,243,242,244,-1,243,244,245,-1,245,244,246,-1,245,246,247,-1,247,246,248,-1,247,248,249,-1,249,248,250,-1,249,250,251,-1,251,250,252,-1,251,252,253,-1,253,252,254,-1,253,254,255,-1,255,254,256,-1,255,256,222,-1,222,256,257,-1,222,257,223,-1,228,230,258,-1,258,230,259,-1,228,258,260,-1,228,260,226,-1,226,260,261,-1,226,261,224,-1,224,261,262,-1,224,262,222,-1,222,262,263,-1,222,263,255,-1,255,263,264,-1,255,264,253,-1,253,264,265,-1,253,265,251,-1,251,265,266,-1,251,266,249,-1,249,266,267,-1,249,267,247,-1,247,267,268,-1,247,268,245,-1,245,268,269,-1,245,269,243,-1,243,269,270,-1,243,270,241,-1,241,270,271,-1,241,271,239,-1,239,271,272,-1,239,272,237,-1,237,272,273,-1,237,273,234,-1,232,234,274,-1,274,234,273,-1,230,232,259,-1,259,232,274,-1,235,233,275,-1,275,233,276,-1,233,231,276,-1,276,231,277,-1,231,229,277,-1,277,229,278,-1,257,279,280,-1,257,280,223,-1,223,280,281,-1,223,281,225,-1,225,281,282,-1,225,282,227,-1,227,282,278,-1,227,278,229,-1,250,283,284,-1,250,284,252,-1,252,284,285,-1,252,285,254,-1,254,285,286,-1,254,286,256,-1,256,286,279,-1,256,279,257,-1,242,287,288,-1,242,288,244,-1,244,288,289,-1,244,289,246,-1,246,289,290,-1,246,290,248,-1,248,290,283,-1,248,283,250,-1,235,275,291,-1,235,291,236,-1,236,291,292,-1,236,292,238,-1,238,292,293,-1,238,293,240,-1,240,293,287,-1,240,287,242,-1,
        ]
    }
}
Shape{
    appearance Appearance {
        material  Material 	{
            diffuseColor 0.25098039215686274 0.25098039215686274 0.25098039215686274
            specularColor 0.12549019607843137 0.12549019607843137 0.12549019607843137
            ambientIntensity 0.251
            transparency 0.0
            shininess 0.5
        }
    }
    geometry IndexedFaceSet {
        ccw TRUE
        solid FALSE
        coord DEF co Coordinate {
            point [
                -0.2699 -0.7607 0.3583, -0.2675 -0.7591 0.3583, -0.2775 -0.7339 0.3583, -0.2835 -0.7339 0.3583, -0.2835 -0.7625 0.3583, -0.2779 -0.7339 0.3583, -0.2781 -0.7625 0.3583, -0.273 -0.7619 0.3583, -0.2671 -0.7587 0.3583, -0.2653 -0.7565 0.3583, -0.264 -0.7537 0.3583, -0.2631 -0.7479 0.3583, -0.2672 -0.7374 0.3583, -0.2696 -0.7358 0.3583, -0.2637 -0.7432 0.3583, -0.2647 -0.7405 0.3583, -0.2661 -0.7385 0.3583, -0.2633 -0.7504 0.3583, -0.2728 -0.7345 0.3583
            ]
        }
        coordIndex [
            0,1,2,-1,3,4,5,-1,5,4,6,-1,5,6,2,-1,2,6,7,-1,2,7,0,-1,1,8,2,-1,2,8,9,-1,2,9,10,-1,11,12,13,-1,14,15,11,-1,11,15,16,-1,11,16,12,-1,10,17,2,-1,2,17,11,-1,2,11,18,-1,18,11,13,-1,
        ]
    }
}
Shape{
    appearance Appearance {
        material  Material 	{
            diffuseColor 1.0 1.0 1.0
            specularColor 0.5019607843137255 0.5019607843137255 0.5019607843137255
            ambientIntensity 1.0
            transparency 0.0
            shininess 0.5
        }
    }
    geometry IndexedFaceSet {
        ccw TRUE
        solid FALSE
        coord DEF co Coordinate {
            point [
                -0.2457 -0.7524 0.3622, -0.2472 -0.7566 0.3622, -0.2332 -0.7524 0.3622, -0.2317 -0.7566 0.3622, -0.2401 -0.737 0.3622, -0.2419 -0.7297 0.3622, -0.256 -0.7667 0.3622, -0.2507 -0.7667 0.3622, -0.2398 -0.7359 0.3622, -0.2395 -0.7344 0.3622, -0.2368 -0.7297 0.3622, -0.2394 -0.7344 0.3622, -0.2391 -0.736 0.3622, -0.2388 -0.737 0.3622, -0.2227 -0.7667 0.3622, -0.228 -0.7667 0.3622, -0.2368 -0.7297 0.3583, -0.2227 -0.7667 0.3583, -0.2419 -0.7297 0.3583, -0.256 -0.7667 0.3583, -0.2507 -0.7667 0.3583, -0.2472 -0.7566 0.3583, -0.2317 -0.7566 0.3583, -0.228 -0.7667 0.3583, -0.2457 -0.7524 0.3583, -0.2332 -0.7524 0.3583, -0.2388 -0.737 0.3583, -0.2394 -0.7344 0.3583, -0.2391 -0.736 0.3583, -0.2395 -0.7344 0.3583, -0.2401 -0.737 0.3583, -0.2398 -0.7359 0.3583
            ]
        }
        coordIndex [
            0,1,2,-1,2,1,3,-1,4,5,0,-1,0,5,6,-1,0,6,1,-1,1,6,7,-1,4,8,5,-1,5,8,9,-1,5,9,10,-1,10,9,11,-1,10,11,12,-1,12,13,10,-1,10,13,2,-1,10,2,14,-1,14,2,3,-1,14,3,15,-1,10,14,16,-1,16,14,17,-1,5,10,18,-1,18,10,16,-1,6,5,19,-1,19,5,18,-1,7,6,20,-1,20,6,19,-1,1,7,21,-1,21,7,20,-1,3,1,22,-1,22,1,21,-1,15,3,23,-1,23,3,22,-1,14,15,17,-1,17,15,23,-1,0,2,24,-1,24,2,25,-1,2,13,25,-1,25,13,26,-1,11,27,28,-1,11,28,12,-1,12,28,26,-1,12,26,13,-1,11,9,27,-1,27,9,29,-1,4,30,31,-1,4,31,8,-1,8,31,29,-1,8,29,9,-1,4,0,30,-1,30,0,24,-1,
        ]
    }
}
Shape{
    appearance Appearance {
        material  Material 	{
            diffuseColor 0.25098039215686274 0.25098039215686274 0.25098039215686274
            specularColor 0.12549019607843137 0.12549019607843137 0.12549019607843137
            ambientIntensity 0.251
            transparency 0.0
            shininess 0.5
        }
    }
    geometry IndexedFaceSet {
        ccw TRUE
        solid FALSE
        coord DEF co Coordinate {
            point [
                -0.2394 -0.7344 0.3583, -0.2395 -0.7344 0.3583, -0.2391 -0.736 0.3583, -0.2398 -0.7359 0.3583, -0.2388 -0.737 0.3583, -0.2401 -0.737 0.3583, -0.2332 -0.7524 0.3583, -0.2457 -0.7524 0.3583
            ]
        }
        coordIndex [
            0,1,2,-1,2,1,3,-1,2,3,4,-1,4,3,5,-1,4,5,6,-1,6,5,7,-1,
        ]
    }
}
Shape{
    appearance Appearance {
        material  Material 	{
            diffuseColor 1.0 1.0 1.0
            specularColor 0.5019607843137255 0.5019607843137255 0.5019607843137255
            ambientIntensity 1.0
            transparency 0.0
            shininess 0.5
        }
    }
    geometry IndexedFaceSet {
        ccw TRUE
        solid FALSE
        coord DEF co Coordinate {
            point [
                -0.5816 -0.772 0.3622, -0.5777 -0.7768 0.3622, -0.584 -0.7487 0.3622, -0.5885 -0.7029 0.3622, -0.5827 -0.6998 0.3622, -0.5841 -0.6836 0.3622, -0.5394 -0.7403 0.3622, -0.5594 -0.7479 0.3622, -0.5577 -0.748 0.3622, -0.5328 -0.7579 0.3622, -0.5492 -0.7591 0.3622, -0.533 -0.7607 0.3622, -0.5498 -0.7616 0.3622, -0.5676 -0.6828 0.3622, -0.5594 -0.702 0.3622, -0.5554 -0.6937 0.3622, -0.5897 -0.7451 0.3622, -0.5875 -0.7653 0.3622, -0.5842 -0.7663 0.3622, -0.5737 -0.6823 0.3622, -0.5512 -0.752 0.3622, -0.55 -0.7541 0.3622, -0.5493 -0.7565 0.3622, -0.4959 -0.7358 0.3622, -0.5041 -0.7218 0.3622, -0.5328 -0.7553 0.3622, -0.562 -0.7482 0.3622, -0.5655 -0.7321 0.3622, -0.5643 -0.7491 0.3622, -0.5713 -0.7343 0.3622, -0.5663 -0.7506 0.3622, -0.5767 -0.738 0.3622, -0.5675 -0.7518 0.3622, -0.581 -0.743 0.3622, -0.5689 -0.7541 0.3622, -0.5696 -0.7565 0.3622, -0.5496 -0.7331 0.3622, -0.556 -0.7315 0.3622, -0.5592 -0.7313 0.3622, -0.5552 -0.7488 0.3622, -0.553 -0.7502 0.3622, -0.4872 -0.7097 0.3622, -0.4851 -0.7097 0.3622, -0.4743 -0.6954 0.3622, -0.4801 -0.7103 0.3622, -0.473 -0.6959 0.3622, -0.4755 -0.7121 0.3622, -0.4652 -0.6998 0.3622, -0.458 -0.7058 0.3622, -0.5622 -0.6765 0.3622, -0.5495 -0.6866 0.3622, -0.556 -0.6712 0.3622, -0.5424 -0.6815 0.3622, -0.5486 -0.6667 0.3622, -0.5761 -0.6982 0.3622, -0.5734 -0.6981 0.3622, -0.5706 -0.6824 0.3622, -0.5672 -0.6988 0.3622, -0.5613 -0.701 0.3622, -0.544 -0.7361 0.3622, -0.458 -0.755 0.3622, -0.4703 -0.7446 0.3622, -0.4651 -0.7611 0.3622, -0.4742 -0.7477 0.3622, -0.4732 -0.765 0.3622, -0.4788 -0.7499 0.3622, -0.482 -0.7669 0.3622, -0.4835 -0.7508 0.3622, -0.4975 -0.7669 0.3622, -0.4954 -0.7508 0.3622, -0.499 -0.7666 0.3622, -0.5667 -0.7655 0.3622, -0.5681 -0.7638 0.3622, -0.5691 -0.7616 0.3622, -0.5697 -0.7591 0.3622, -0.4714 -0.7149 0.3622, -0.4684 -0.7183 0.3622, -0.4526 -0.7133 0.3622, -0.4659 -0.7229 0.3622, -0.4494 -0.7214 0.3622, -0.4647 -0.7279 0.3622, -0.4482 -0.73 0.3622, -0.4646 -0.7302 0.3622, -0.4494 -0.7394 0.3622, -0.4652 -0.7354 0.3622, -0.4527 -0.7477 0.3622, -0.467 -0.7401 0.3622, -0.4699 -0.7442 0.3622, -0.4885 -0.6746 0.3622, -0.4988 -0.6867 0.3622, -0.4795 -0.6852 0.3622, -0.4929 -0.6938 0.3622, -0.4888 -0.7023 0.3622, -0.599 -0.7181 0.3622, -0.6163 -0.7224 0.3622, -0.5998 -0.7244 0.3622, -0.6164 -0.725 0.3622, -0.5994 -0.7285 0.3622, -0.6151 -0.7353 0.3622, -0.5976 -0.7349 0.3622, -0.6113 -0.7451 0.3622, -0.5944 -0.7403 0.3622, -0.6053 -0.7537 0.3622, -0.5971 -0.7607 0.3622, -0.5364 -0.6623 0.3622, -0.5338 -0.678 0.3622, -0.5244 -0.6609 0.3622, -0.5241 -0.6767 0.3622, -0.512 -0.6624 0.3622, -0.5152 -0.6778 0.3622, -0.4989 -0.6674 0.3622, -0.5069 -0.681 0.3622, -0.4995 -0.6861 0.3622, -0.5938 -0.6873 0.3622, -0.6022 -0.6932 0.3622, -0.5931 -0.7069 0.3622, -0.604 -0.6949 0.3622, -0.5967 -0.7122 0.3622, -0.6103 -0.703 0.3622, -0.6145 -0.7125 0.3622, -0.5646 -0.767 0.3622, -0.5725 -0.7807 0.3622, -0.5623 -0.7681 0.3622, -0.5664 -0.7833 0.3622, -0.5599 -0.7684 0.3622, -0.5602 -0.7842 0.3622, -0.5594 -0.7685 0.3622, -0.5592 -0.7843 0.3622, -0.5569 -0.7681 0.3622, -0.5528 -0.7835 0.3622, -0.5546 -0.7672 0.3622, -0.5469 -0.7812 0.3622, -0.5526 -0.7658 0.3622, -0.5417 -0.7776 0.3622, -0.5509 -0.7639 0.3622, -0.5376 -0.773 0.3622, -0.5345 -0.7672 0.3622, -0.4967 -0.7505 0.3622, -0.5031 -0.7641 0.3622, -0.5024 -0.7647 0.3622, -0.4959 -0.7507 0.3622, -0.5007 -0.7659 0.3622, -0.5051 -0.7587 0.3622, -0.5049 -0.7607 0.3622, -0.5042 -0.7625 0.3622, -0.499 -0.7508 0.3622, -0.5008 -0.7515 0.3622, -0.5051 -0.7577 0.3622, -0.5024 -0.7527 0.3622, -0.5035 -0.7539 0.3622, -0.5046 -0.7557 0.3622, -0.497 -0.7505 0.3622, -0.4482 -0.73 0.3583, -0.4494 -0.7214 0.3583, -0.4503 -0.7191 0.3583, -0.4526 -0.7133 0.3583, -0.458 -0.7058 0.3583, -0.4652 -0.6998 0.3583, -0.4709 -0.697 0.3583, -0.473 -0.6959 0.3583, -0.4743 -0.6954 0.3583, -0.4795 -0.6852 0.3583, -0.4885 -0.6746 0.3583, -0.4944 -0.6706 0.3583, -0.4989 -0.6674 0.3583, -0.512 -0.6624 0.3583, -0.5244 -0.6609 0.3583, -0.556 -0.6712 0.3583, -0.5549 -0.6706 0.3583, -0.5486 -0.6667 0.3583, -0.5364 -0.6623 0.3583, -0.5622 -0.6765 0.3583, -0.5676 -0.6828 0.3583, -0.5706 -0.6824 0.3583, -0.5737 -0.6823 0.3583, -0.5841 -0.6836 0.3583, -0.5938 -0.6873 0.3583, -0.6022 -0.6932 0.3583, -0.604 -0.6949 0.3583, -0.6145 -0.7125 0.3583, -0.6103 -0.703 0.3583, -0.6157 -0.7191 0.3583, -0.6163 -0.7224 0.3583, -0.6164 -0.725 0.3583, -0.6151 -0.7353 0.3583, -0.6113 -0.7451 0.3583, -0.6053 -0.7537 0.3583, -0.5971 -0.7607 0.3583, -0.5875 -0.7653 0.3583, -0.5842 -0.7663 0.3583, -0.5839 -0.7671 0.3583, -0.5816 -0.772 0.3583, -0.5777 -0.7768 0.3583, -0.5725 -0.7807 0.3583, -0.5701 -0.7817 0.3583, -0.5664 -0.7833 0.3583, -0.5602 -0.7842 0.3583, -0.5592 -0.7843 0.3583, -0.5328 -0.7579 0.3583, -0.5528 -0.7835 0.3583, -0.5483 -0.7817 0.3583, -0.5469 -0.7812 0.3583, -0.5417 -0.7776 0.3583, -0.5376 -0.773 0.3583, -0.5345 -0.7672 0.3583, -0.5345 -0.7671 0.3583, -0.533 -0.7607 0.3583, -0.5328 -0.7553 0.3583, -0.4959 -0.7358 0.3583, -0.5041 -0.7218 0.3583, -0.5394 -0.7403 0.3583, -0.544 -0.7361 0.3583, -0.5496 -0.7331 0.3583, -0.556 -0.7315 0.3583, -0.5592 -0.7313 0.3583, -0.5655 -0.7321 0.3583, -0.5713 -0.7343 0.3583, -0.5767 -0.738 0.3583, -0.581 -0.743 0.3583, -0.584 -0.7487 0.3583, -0.5897 -0.7451 0.3583, -0.5944 -0.7403 0.3583, -0.5976 -0.7349 0.3583, -0.5994 -0.7285 0.3583, -0.5998 -0.7244 0.3583, -0.5991 -0.7191 0.3583, -0.599 -0.7181 0.3583, -0.5967 -0.7122 0.3583, -0.5931 -0.7069 0.3583, -0.5885 -0.7029 0.3583, -0.5827 -0.6998 0.3583, -0.5761 -0.6982 0.3583, -0.5734 -0.6981 0.3583, -0.5672 -0.6988 0.3583, -0.5613 -0.701 0.3583, -0.5594 -0.702 0.3583, -0.5554 -0.6937 0.3583, -0.5495 -0.6866 0.3583, -0.5424 -0.6815 0.3583, -0.5338 -0.678 0.3583, -0.5241 -0.6767 0.3583, -0.5152 -0.6778 0.3583, -0.5069 -0.681 0.3583, -0.4995 -0.6861 0.3583, -0.4988 -0.6867 0.3583, -0.4929 -0.6938 0.3583, -0.4888 -0.7023 0.3583, -0.4872 -0.7097 0.3583, -0.4851 -0.7097 0.3583, -0.4801 -0.7103 0.3583, -0.4755 -0.7121 0.3583, -0.4714 -0.7149 0.3583, -0.4709 -0.7155 0.3583, -0.4684 -0.7183 0.3583, -0.4679 -0.7191 0.3583, -0.4659 -0.7229 0.3583, -0.4647 -0.7279 0.3583, -0.4646 -0.7302 0.3583, -0.4652 -0.7354 0.3583, -0.467 -0.7401 0.3583, -0.4699 -0.7442 0.3583, -0.4703 -0.7446 0.3583, -0.4709 -0.745 0.3583, -0.4742 -0.7477 0.3583, -0.4788 -0.7499 0.3583, -0.4835 -0.7508 0.3583, -0.4954 -0.7508 0.3583, -0.4959 -0.7507 0.3583, -0.4967 -0.7505 0.3583, -0.497 -0.7505 0.3583, -0.499 -0.7508 0.3583, -0.5008 -0.7515 0.3583, -0.5024 -0.7527 0.3583, -0.5035 -0.7539 0.3583, -0.5046 -0.7557 0.3583, -0.5051 -0.7577 0.3583, -0.5051 -0.7587 0.3583, -0.5049 -0.7607 0.3583, -0.5042 -0.7625 0.3583, -0.5031 -0.7641 0.3583, -0.5024 -0.7647 0.3583, -0.5007 -0.7659 0.3583, -0.499 -0.7666 0.3583, -0.4975 -0.7669 0.3583, -0.482 -0.7669 0.3583, -0.458 -0.755 0.3583, -0.4732 -0.765 0.3583, -0.4709 -0.7639 0.3583, -0.4651 -0.7611 0.3583, -0.4527 -0.7477 0.3583, -0.4494 -0.7394 0.3583, -0.5594 -0.7479 0.3583, -0.5577 -0.748 0.3583, -0.5552 -0.7488 0.3583, -0.553 -0.7502 0.3583, -0.5512 -0.752 0.3583, -0.55 -0.7541 0.3583, -0.5493 -0.7565 0.3583, -0.5492 -0.7591 0.3583, -0.5498 -0.7616 0.3583, -0.5509 -0.7639 0.3583, -0.5526 -0.7658 0.3583, -0.5546 -0.7672 0.3583, -0.5569 -0.7681 0.3583, -0.5594 -0.7685 0.3583, -0.5599 -0.7684 0.3583, -0.5623 -0.7681 0.3583, -0.5646 -0.767 0.3583, -0.5667 -0.7655 0.3583, -0.5681 -0.7638 0.3583, -0.5691 -0.7616 0.3583, -0.5697 -0.7591 0.3583, -0.5696 -0.7565 0.3583, -0.5689 -0.7541 0.3583, -0.5675 -0.7518 0.3583, -0.5663 -0.7506 0.3583, -0.5643 -0.7491 0.3583, -0.562 -0.7482 0.3583
            ]
        }
        coordIndex [
            0,1,2,-1,3,4,5,-1,6,7,8,-1,9,10,11,-1,11,10,12,-1,13,14,15,-1,16,17,2,-1,2,17,18,-1,2,18,0,-1,5,4,19,-1,20,21,9,-1,9,21,22,-1,9,22,10,-1,23,24,25,-1,25,24,6,-1,26,27,28,-1,28,27,29,-1,28,29,30,-1,30,29,31,-1,30,31,32,-1,32,31,33,-1,32,33,34,-1,34,33,2,-1,34,2,35,-1,36,37,26,-1,26,37,38,-1,26,38,27,-1,6,8,25,-1,25,8,39,-1,25,39,9,-1,9,39,40,-1,9,40,20,-1,41,42,43,-1,43,42,44,-1,43,44,45,-1,45,44,46,-1,45,46,47,-1,47,46,48,-1,13,15,49,-1,49,15,50,-1,49,50,51,-1,51,50,52,-1,51,52,53,-1,4,54,19,-1,19,54,55,-1,19,55,56,-1,56,55,57,-1,56,57,13,-1,13,57,58,-1,13,58,14,-1,7,6,26,-1,26,6,59,-1,26,59,36,-1,60,61,62,-1,62,61,63,-1,62,63,64,-1,64,63,65,-1,64,65,66,-1,66,65,67,-1,66,67,68,-1,68,67,69,-1,68,69,70,-1,71,72,1,-1,1,72,73,-1,1,73,2,-1,2,73,74,-1,2,74,35,-1,46,75,48,-1,48,75,76,-1,48,76,77,-1,77,76,78,-1,77,78,79,-1,79,78,80,-1,79,80,81,-1,81,80,82,-1,81,82,83,-1,83,82,84,-1,83,84,85,-1,85,84,86,-1,85,86,60,-1,60,86,87,-1,60,87,61,-1,88,89,90,-1,90,89,91,-1,90,91,43,-1,43,91,92,-1,43,92,41,-1,93,94,95,-1,95,94,96,-1,95,96,97,-1,97,96,98,-1,97,98,99,-1,99,98,100,-1,99,100,101,-1,101,100,102,-1,101,102,16,-1,16,102,103,-1,16,103,17,-1,53,52,104,-1,104,52,105,-1,104,105,106,-1,106,105,107,-1,106,107,108,-1,108,107,109,-1,108,109,110,-1,110,109,111,-1,110,111,88,-1,88,111,112,-1,88,112,89,-1,5,113,3,-1,3,113,114,-1,3,114,115,-1,115,114,116,-1,115,116,117,-1,117,116,118,-1,117,118,93,-1,93,118,119,-1,93,119,94,-1,71,1,120,-1,120,1,121,-1,120,121,122,-1,122,121,123,-1,122,123,124,-1,124,123,125,-1,124,125,126,-1,126,125,127,-1,126,127,128,-1,128,127,129,-1,128,129,130,-1,130,129,131,-1,130,131,132,-1,132,131,133,-1,132,133,134,-1,134,133,135,-1,134,135,12,-1,12,135,136,-1,12,136,11,-1,137,138,139,-1,69,140,70,-1,70,140,137,-1,70,137,141,-1,141,137,139,-1,142,143,137,-1,137,143,144,-1,137,144,138,-1,145,146,147,-1,146,148,147,-1,147,148,149,-1,147,149,150,-1,142,137,147,-1,147,137,151,-1,147,151,145,-1,81,152,153,-1,81,153,79,-1,79,153,154,-1,79,154,77,-1,154,155,77,-1,77,155,156,-1,77,156,48,-1,48,156,157,-1,158,45,157,-1,157,45,47,-1,157,47,48,-1,158,159,45,-1,45,159,160,-1,45,160,43,-1,43,160,161,-1,43,161,90,-1,90,161,162,-1,90,162,88,-1,88,162,110,-1,110,162,163,-1,163,164,110,-1,110,164,165,-1,110,165,108,-1,108,165,166,-1,108,166,106,-1,167,51,168,-1,168,51,53,-1,168,53,169,-1,169,53,104,-1,169,104,170,-1,170,104,106,-1,170,106,166,-1,51,167,171,-1,51,171,49,-1,49,171,172,-1,49,172,13,-1,13,172,173,-1,13,173,56,-1,56,173,174,-1,56,174,19,-1,19,174,175,-1,19,175,5,-1,5,175,176,-1,5,176,113,-1,113,176,177,-1,113,177,114,-1,114,177,178,-1,114,178,116,-1,179,118,180,-1,180,118,116,-1,180,116,178,-1,181,94,179,-1,179,94,119,-1,179,119,118,-1,181,182,94,-1,94,182,183,-1,94,183,96,-1,96,183,184,-1,96,184,98,-1,98,184,185,-1,98,185,100,-1,100,185,186,-1,100,186,102,-1,102,186,187,-1,102,187,103,-1,103,187,188,-1,103,188,17,-1,17,188,189,-1,17,189,18,-1,18,189,190,-1,18,190,0,-1,190,191,0,-1,0,191,192,-1,0,192,1,-1,1,192,193,-1,1,193,121,-1,121,193,194,-1,121,194,123,-1,194,195,123,-1,123,195,196,-1,123,196,125,-1,125,196,197,-1,125,197,127,-1,198,9,11,-1,127,197,199,-1,127,199,129,-1,129,199,200,-1,129,200,131,-1,200,201,131,-1,131,201,202,-1,131,202,133,-1,133,202,203,-1,133,203,135,-1,135,203,204,-1,135,204,136,-1,136,204,205,-1,136,205,11,-1,11,205,206,-1,11,206,198,-1,25,9,207,-1,207,9,198,-1,23,25,208,-1,208,25,207,-1,24,23,209,-1,209,23,208,-1,6,24,210,-1,210,24,209,-1,6,210,211,-1,6,211,59,-1,59,211,212,-1,59,212,36,-1,36,212,213,-1,36,213,37,-1,37,213,214,-1,37,214,38,-1,38,214,215,-1,38,215,27,-1,27,215,216,-1,27,216,29,-1,29,216,217,-1,29,217,31,-1,31,217,218,-1,31,218,33,-1,33,218,219,-1,33,219,2,-1,2,219,220,-1,2,220,16,-1,16,220,221,-1,16,221,101,-1,101,221,222,-1,101,222,99,-1,99,222,223,-1,99,223,97,-1,97,223,224,-1,97,224,95,-1,224,225,95,-1,95,225,93,-1,225,226,93,-1,93,226,227,-1,93,227,117,-1,117,227,228,-1,117,228,115,-1,115,228,229,-1,115,229,3,-1,3,229,230,-1,3,230,4,-1,4,230,231,-1,4,231,54,-1,54,231,232,-1,54,232,55,-1,55,232,233,-1,55,233,57,-1,57,233,234,-1,57,234,58,-1,58,234,235,-1,58,235,14,-1,14,235,236,-1,14,236,15,-1,15,236,237,-1,15,237,50,-1,50,237,238,-1,50,238,52,-1,52,238,239,-1,52,239,105,-1,105,239,240,-1,105,240,107,-1,107,240,241,-1,107,241,109,-1,109,241,242,-1,109,242,111,-1,111,242,243,-1,111,243,112,-1,112,243,244,-1,112,244,89,-1,89,244,245,-1,89,245,91,-1,91,245,246,-1,91,246,92,-1,92,246,247,-1,92,247,41,-1,42,41,248,-1,248,41,247,-1,42,248,249,-1,42,249,44,-1,44,249,250,-1,44,250,46,-1,46,250,251,-1,46,251,75,-1,75,251,252,-1,75,252,76,-1,252,253,76,-1,76,253,254,-1,76,254,78,-1,254,255,78,-1,78,255,256,-1,78,256,80,-1,80,256,257,-1,80,257,82,-1,82,257,258,-1,82,258,84,-1,84,258,259,-1,84,259,86,-1,86,259,260,-1,86,260,87,-1,87,260,261,-1,87,261,61,-1,61,261,262,-1,61,262,63,-1,262,263,63,-1,63,263,264,-1,63,264,65,-1,65,264,265,-1,65,265,67,-1,69,67,266,-1,266,67,265,-1,69,266,267,-1,69,267,140,-1,140,267,268,-1,140,268,137,-1,137,268,269,-1,137,269,151,-1,151,269,270,-1,151,270,145,-1,145,270,271,-1,145,271,146,-1,146,271,272,-1,146,272,148,-1,148,272,273,-1,148,273,149,-1,149,273,274,-1,149,274,150,-1,150,274,275,-1,150,275,147,-1,147,275,276,-1,147,276,142,-1,142,276,277,-1,142,277,143,-1,143,277,278,-1,143,278,144,-1,144,278,279,-1,144,279,138,-1,138,279,280,-1,138,280,139,-1,139,280,281,-1,139,281,141,-1,141,281,282,-1,141,282,70,-1,70,282,283,-1,70,283,68,-1,66,68,284,-1,284,68,283,-1,285,60,62,-1,66,284,286,-1,66,286,64,-1,64,286,287,-1,64,287,62,-1,62,287,288,-1,62,288,285,-1,60,285,289,-1,60,289,85,-1,85,289,290,-1,85,290,83,-1,83,290,152,-1,83,152,81,-1,7,291,292,-1,7,292,8,-1,8,292,293,-1,8,293,39,-1,39,293,294,-1,39,294,40,-1,40,294,295,-1,40,295,20,-1,20,295,296,-1,20,296,21,-1,21,296,297,-1,21,297,22,-1,22,297,298,-1,22,298,10,-1,10,298,299,-1,10,299,12,-1,12,299,300,-1,12,300,134,-1,134,300,301,-1,134,301,132,-1,132,301,302,-1,132,302,130,-1,130,302,303,-1,130,303,128,-1,128,303,304,-1,128,304,126,-1,126,304,305,-1,126,305,124,-1,124,305,306,-1,124,306,122,-1,122,306,307,-1,122,307,120,-1,120,307,308,-1,120,308,71,-1,71,308,309,-1,71,309,72,-1,72,309,310,-1,72,310,73,-1,73,310,311,-1,73,311,74,-1,74,311,312,-1,74,312,35,-1,35,312,313,-1,35,313,34,-1,34,313,314,-1,34,314,32,-1,32,314,315,-1,32,315,30,-1,30,315,316,-1,30,316,28,-1,28,316,317,-1,28,317,26,-1,26,317,291,-1,26,291,7,-1,
        ]
    }
}
Shape{
    appearance Appearance {
        material  Material 	{
            diffuseColor 0.25098039215686274 0.25098039215686274 0.25098039215686274
            specularColor 0.12549019607843137 0.12549019607843137 0.12549019607843137
            ambientIntensity 0.251
            transparency 0.0
            shininess 0.5
        }
    }
    geometry IndexedFaceSet {
        ccw TRUE
        solid FALSE
        coord DEF co Coordinate {
            point [
                -0.562 -0.7482 0.3583, -0.5643 -0.7491 0.3583, -0.5599 -0.7684 0.3583, -0.5663 -0.7506 0.3583, -0.5675 -0.7518 0.3583, -0.5577 -0.748 0.3583, -0.5594 -0.7685 0.3583, -0.5569 -0.7681 0.3583, -0.5594 -0.7479 0.3583, -0.5691 -0.7616 0.3583, -0.5681 -0.7638 0.3583, -0.5667 -0.7655 0.3583, -0.5526 -0.7658 0.3583, -0.5512 -0.752 0.3583, -0.553 -0.7502 0.3583, -0.5689 -0.7541 0.3583, -0.5696 -0.7565 0.3583, -0.5697 -0.7591 0.3583, -0.5646 -0.767 0.3583, -0.5623 -0.7681 0.3583, -0.5546 -0.7672 0.3583, -0.5552 -0.7488 0.3583, -0.5498 -0.7616 0.3583, -0.5492 -0.7591 0.3583, -0.5509 -0.7639 0.3583, -0.5493 -0.7565 0.3583, -0.55 -0.7541 0.3583
            ]
        }
        coordIndex [
            0,1,2,-1,2,1,3,-1,2,3,4,-1,5,6,7,-1,6,5,2,-1,2,5,8,-1,2,8,0,-1,9,10,4,-1,4,10,11,-1,12,13,14,-1,15,16,4,-1,4,16,17,-1,4,17,9,-1,11,18,4,-1,4,18,19,-1,4,19,2,-1,7,20,5,-1,5,20,12,-1,5,12,21,-1,21,12,14,-1,22,23,24,-1,24,23,25,-1,24,25,12,-1,12,25,26,-1,12,26,13,-1,
        ]
    }
}